sample_id,full_sample_id,method,sloc,lloc,comments,multi_comments,blank,cc_total,cc_avg,cc_max,cc_count,h_vocabulary,h_length,h_difficulty,h_effort,h_bugs,h_time,h_volume,mi_score,parse_error,error_message,source
102729026392,102729026392-1,agent,216,176,13,105,54,40.0,3.3333333333333335,10.0,12,22.0,33.0,2.7941176470588234,411.1858271890567,0.04905374780501027,22.843657066058704,147.1612434150308,60.07814756861174,False,,2025-11-23-qwen3-failure-classifications
102729026392,102729026392-1,bypass,245,190,11,117,63,53.0,3.7857142857142856,10.0,14,31.0,48.0,4.375,1040.381225181244,0.07926714096619,57.79895695451356,237.80142289857002,56.35863615422151,False,,2025-11-23-qwen3-failure-classifications
102729026392,102729026392-1,a_only,245,190,11,117,63,53.0,3.7857142857142856,10.0,14,31.0,48.0,4.375,1040.381225181244,0.07926714096619,57.79895695451356,237.80142289857002,56.35863615422151,False,,2025-11-23-qwen3-failure-classifications
102729026392,102729026392-1,b_only,214,174,13,105,55,40.0,3.3333333333333335,10.0,12,22.0,33.0,2.7941176470588234,411.1858271890567,0.04905374780501027,22.843657066058704,147.1612434150308,60.1938739572247,False,,2025-11-23-qwen3-failure-classifications
102729026392,102729026392-1,ground_truth,215,175,13,105,55,40.0,3.3333333333333335,10.0,12,22.0,33.0,2.7941176470588234,411.1858271890567,0.04905374780501027,22.843657066058704,147.1612434150308,60.136029291118966,False,,2025-11-23-qwen3-failure-classifications
104567777563,104567777563-1,agent,853,533,123,124,153,231.0,6.794117647058823,25.0,34,253.0,440.0,10.516949152542374,36940.964504458316,1.1708390576218322,2052.2758058032396,3512.5171728654964,11.684523328245694,False,,2025-11-23-qwen3-failure-classifications
104567777563,104567777563-1,bypass,861,538,124,124,153,233.0,6.852941176470588,27.0,34,257.0,446.0,10.483333333333333,37430.83128805926,1.19016951631349,2079.490627114403,3570.50854894047,11.239211017000224,False,,2025-11-23-qwen3-failure-classifications
104567777563,104567777563-1,a_only,861,538,124,124,153,233.0,6.852941176470588,27.0,34,257.0,446.0,10.483333333333333,37430.83128805926,1.19016951631349,2079.490627114403,3570.50854894047,11.239211017000224,False,,2025-11-23-qwen3-failure-classifications
104567777563,104567777563-1,b_only,826,523,116,124,149,227.0,6.676470588235294,25.0,34,247.0,429.0,10.532608695652174,35914.61094061937,1.136616514116609,1995.2561633677428,3409.8495423498266,12.516654307782153,False,,2025-11-23-qwen3-failure-classifications
104567777563,104567777563-1,ground_truth,861,538,124,124,153,233.0,6.852941176470588,27.0,34,257.0,446.0,10.483333333333333,37430.83128805926,1.19016951631349,2079.490627114403,3570.50854894047,11.239211017000224,False,,2025-11-23-qwen3-failure-classifications
105038906426,105038906426-1,agent,213,82,9,103,55,17.0,1.7,4.0,10,3.0,3.0,0.5,2.3774437510817346,0.0015849625007211565,0.1320802083934297,4.754887502163469,81.60644060598554,False,,2025-11-23-qwen3-failure-classifications
105038906426,105038906426-1,bypass,191,75,3,103,55,14.0,1.4,3.0,10,3.0,3.0,0.5,2.3774437510817346,0.0015849625007211565,0.1320802083934297,4.754887502163469,82.91259659396941,False,,2025-11-23-qwen3-failure-classifications
105038906426,105038906426-1,a_only,191,75,3,103,55,14.0,1.4,3.0,10,3.0,3.0,0.5,2.3774437510817346,0.0015849625007211565,0.1320802083934297,4.754887502163469,82.91259659396941,False,,2025-11-23-qwen3-failure-classifications
105038906426,105038906426-1,b_only,214,83,9,103,55,17.0,1.7,4.0,10,3.0,3.0,0.5,2.3774437510817346,0.0015849625007211565,0.1320802083934297,4.754887502163469,81.48441706941105,False,,2025-11-23-qwen3-failure-classifications
105038906426,105038906426-1,ground_truth,213,82,9,103,55,17.0,1.7,4.0,10,3.0,3.0,0.5,2.3774437510817346,0.0015849625007211565,0.1320802083934297,4.754887502163469,81.60644060598554,False,,2025-11-23-qwen3-failure-classifications
105354636072,105354636072-1,agent,0,0,0,0,0,0.0,0.0,0.0,0,0.0,0.0,0.0,0.0,0.0,0.0,0.0,0.0,False,,2025-11-23-qwen3-failure-classifications
105354636072,105354636072-1,bypass,1233,629,110,138,128,257.0,11.173913043478262,34.0,23,362.0,762.0,13.876093294460642,89873.82674249055,2.158960855319134,4992.990374582809,6476.882565957403,3.947145759375077,False,,2025-11-23-qwen3-failure-classifications
105354636072,105354636072-1,a_only,1233,629,110,138,128,257.0,11.173913043478262,34.0,23,362.0,762.0,13.876093294460642,89873.82674249055,2.158960855319134,4992.990374582809,6476.882565957403,3.947145759375077,False,,2025-11-23-qwen3-failure-classifications
105354636072,105354636072-1,b_only,1228,627,115,138,128,256.0,11.130434782608695,34.0,23,360.0,759.0,13.90175953079179,89601.2400844325,2.148438833371408,4977.846671357362,6445.316500114224,4.3216884129376245,False,,2025-11-23-qwen3-failure-classifications
105354636072,105354636072-1,ground_truth,1228,627,115,138,128,256.0,11.130434782608695,34.0,23,360.0,759.0,13.90175953079179,89601.2400844325,2.148438833371408,4977.846671357362,6445.316500114224,4.3216884129376245,False,,2025-11-23-qwen3-failure-classifications
106151546310,106151546310-1,agent,776,571,37,45,131,201.0,5.2894736842105265,25.0,38,133.0,234.0,8.882352941176471,14664.197033882298,0.5503120299690929,814.677612993461,1650.9360899072785,9.078347195736477,False,,2025-11-23-qwen3-failure-classifications
106151546310,106151546310-1,bypass,721,532,40,43,123,177.0,4.916666666666667,20.0,36,119.0,201.0,6.671296296296297,9245.471813806835,0.46195279014163226,513.6373229892686,1385.8583704248967,14.039783436272534,False,,2025-11-23-qwen3-failure-classifications
106151546310,106151546310-1,a_only,721,532,40,43,123,177.0,4.916666666666667,20.0,36,119.0,201.0,6.671296296296297,9245.471813806835,0.46195279014163226,513.6373229892686,1385.8583704248967,14.039783436272534,False,,2025-11-23-qwen3-failure-classifications
106151546310,106151546310-1,b_only,578,444,35,38,114,160.0,5.517241379310345,20.0,29,105.0,165.0,6.838709677419355,7576.2680067084175,0.3692835034716367,420.90377815046764,1107.85051041491,19.587921017248068,False,,2025-11-23-qwen3-failure-classifications
106151546310,106151546310-1,ground_truth,761,568,43,48,130,198.0,5.076923076923077,20.0,39,134.0,228.0,8.633333333333333,13908.889962497078,0.5370227784747906,772.7161090276154,1611.068335424372,10.570789262580382,False,,2025-11-23-qwen3-failure-classifications
106986943940,106986943940-1,agent,155,86,15,0,31,18.0,1.5,3.0,12,18.0,25.0,2.6923076923076925,280.66802894323257,0.03474937501201927,15.592668274624032,104.2481250360578,58.81873279633756,False,,2025-11-23-qwen3-failure-classifications
106986943940,106986943940-1,bypass,155,86,16,0,31,18.0,1.5,3.0,12,18.0,25.0,2.6923076923076925,280.66802894323257,0.03474937501201927,15.592668274624032,104.2481250360578,59.308863298059734,False,,2025-11-23-qwen3-failure-classifications
106986943940,106986943940-1,a_only,155,86,16,0,31,18.0,1.5,3.0,12,18.0,25.0,2.6923076923076925,280.66802894323257,0.03474937501201927,15.592668274624032,104.2481250360578,59.308863298059734,False,,2025-11-23-qwen3-failure-classifications
106986943940,106986943940-1,b_only,155,86,15,0,31,18.0,1.5,3.0,12,18.0,25.0,2.6923076923076925,280.66802894323257,0.03474937501201927,15.592668274624032,104.2481250360578,58.81873279633756,False,,2025-11-23-qwen3-failure-classifications
106986943940,106986943940-1,ground_truth,0,0,0,0,0,0.0,0.0,0.0,0,0.0,0.0,0.0,0.0,0.0,0.0,0.0,0.0,False,,2025-11-23-qwen3-failure-classifications
107501480065,107501480065-1,agent,214,154,11,18,33,47.0,3.9166666666666665,9.0,12,24.0,31.0,2.0,284.2676750447117,0.047377945840785286,15.792648613595096,142.13383752235586,52.16537977405169,False,,2025-11-23-qwen3-failure-classifications
107501480065,107501480065-1,bypass,218,159,13,18,34,48.0,4.0,9.0,12,26.0,34.0,2.0,319.6299008335943,0.05327165013893238,17.757216712977463,159.81495041679716,51.76119041625606,False,,2025-11-23-qwen3-failure-classifications
107501480065,107501480065-1,a_only,218,159,13,18,34,48.0,4.0,9.0,12,26.0,34.0,2.0,319.6299008335943,0.05327165013893238,17.757216712977463,159.81495041679716,51.76119041625606,False,,2025-11-23-qwen3-failure-classifications
107501480065,107501480065-1,b_only,213,154,7,18,33,47.0,3.9166666666666665,9.0,12,24.0,31.0,2.0,284.2676750447117,0.047377945840785286,15.792648613595096,142.13383752235586,51.019531836105585,False,,2025-11-23-qwen3-failure-classifications
107501480065,107501480065-1,ground_truth,213,154,7,18,33,47.0,3.9166666666666665,9.0,12,24.0,31.0,2.0,284.2676750447117,0.047377945840785286,15.792648613595096,142.13383752235586,51.019531836105585,False,,2025-11-23-qwen3-failure-classifications
112872124646,112872124646-1,agent,604,308,29,73,117,0.0,0.0,0.0,0,0.0,0.0,0.0,0.0,0.0,0.0,0.0,0.0,False,,2025-11-23-qwen3-failure-classifications
112872124646,112872124646-1,bypass,624,289,26,63,108,97.0,3.3448275862068964,12.0,29,78.0,146.0,7.962686567164179,7307.108421334319,0.30588957465129607,405.95046785190664,917.6687239538883,36.90914318005779,False,,2025-11-23-qwen3-failure-classifications
112872124646,112872124646-1,a_only,624,289,26,63,108,97.0,3.3448275862068964,12.0,29,78.0,146.0,7.962686567164179,7307.108421334319,0.30588957465129607,405.95046785190664,917.6687239538883,36.90914318005779,False,,2025-11-23-qwen3-failure-classifications
112872124646,112872124646-1,b_only,602,310,30,73,118,104.0,3.1515151515151514,13.0,33,79.0,154.0,7.463768115942029,7245.6934947525515,0.3235940784064246,402.53852748625286,970.7822352192738,37.15698656934827,False,,2025-11-23-qwen3-failure-classifications
112872124646,112872124646-1,ground_truth,652,313,26,73,118,106.0,3.212121212121212,13.0,33,82.0,157.0,8.133802816901408,8118.638681390284,0.33271188824167974,451.0354822994602,998.1356647250393,35.734626762001305,False,,2025-11-23-qwen3-failure-classifications
113404845952,113404845952-1,agent,137,135,7,0,24,52.0,5.777777777777778,16.0,9,44.0,73.0,5.333333333333333,2125.5387101894544,0.1328461693868409,118.08548389941413,398.5385081605227,42.198755911111796,False,,2025-11-23-qwen3-failure-classifications
113404845952,113404845952-1,bypass,121,119,6,0,22,45.0,5.0,16.0,9,29.0,43.0,5.333333333333333,1114.09697488259,0.06963106093016189,61.894276382366115,208.89318279048564,46.11776493747102,False,,2025-11-23-qwen3-failure-classifications
113404845952,113404845952-1,a_only,121,119,6,0,22,45.0,5.0,16.0,9,29.0,43.0,5.333333333333333,1114.09697488259,0.06963106093016189,61.894276382366115,208.89318279048564,46.11776493747102,False,,2025-11-23-qwen3-failure-classifications
113404845952,113404845952-1,b_only,100,103,7,0,21,38.0,4.75,12.0,8,35.0,49.0,4.7407407407407405,1191.5134474918084,0.08377828927676778,66.19519152732269,251.33486783030335,49.95120948090441,False,,2025-11-23-qwen3-failure-classifications
113404845952,113404845952-1,ground_truth,137,135,7,0,24,52.0,5.777777777777778,16.0,9,44.0,73.0,5.333333333333333,2125.5387101894544,0.1328461693868409,118.08548389941413,398.5385081605227,42.198755911111796,False,,2025-11-23-qwen3-failure-classifications
122070957868,122070957868-1,agent,492,215,48,0,45,14.0,7.0,7.0,2,121.0,225.0,8.20183486238532,12768.15908419986,0.5189147427955947,709.3421713444367,1556.744228386784,34.58007529747724,False,,2025-11-23-qwen3-failure-classifications
122070957868,122070957868-1,bypass,492,215,48,0,45,14.0,7.0,7.0,2,121.0,225.0,8.20183486238532,12768.15908419986,0.5189147427955947,709.3421713444367,1556.744228386784,34.58007529747724,False,,2025-11-23-qwen3-failure-classifications
122070957868,122070957868-1,a_only,492,215,48,0,45,14.0,7.0,7.0,2,121.0,225.0,8.20183486238532,12768.15908419986,0.5189147427955947,709.3421713444367,1556.744228386784,34.58007529747724,False,,2025-11-23-qwen3-failure-classifications
122070957868,122070957868-1,b_only,492,215,48,0,45,14.0,7.0,7.0,2,121.0,225.0,8.20183486238532,12768.15908419986,0.5189147427955947,709.3421713444367,1556.744228386784,34.58007529747724,False,,2025-11-23-qwen3-failure-classifications
122070957868,122070957868-1,ground_truth,492,215,48,0,45,14.0,7.0,7.0,2,121.0,225.0,8.20183486238532,12768.15908419986,0.5189147427955947,709.3421713444367,1556.744228386784,34.58007529747724,False,,2025-11-23-qwen3-failure-classifications
12459398132,12459398132-1,agent,33,35,4,0,11,9.0,4.5,5.0,2,39.0,67.0,4.8125,1704.2118779443963,0.11804064955459022,94.67843766357757,354.12194866377064,66.97266023008666,False,,2025-11-23-qwen3-failure-classifications
12459398132,12459398132-1,bypass,33,35,4,0,11,9.0,4.5,5.0,2,39.0,67.0,4.8125,1704.2118779443963,0.11804064955459022,94.67843766357757,354.12194866377064,66.97266023008666,False,,2025-11-23-qwen3-failure-classifications
12459398132,12459398132-1,a_only,33,35,4,0,11,9.0,4.5,5.0,2,39.0,67.0,4.8125,1704.2118779443963,0.11804064955459022,94.67843766357757,354.12194866377064,66.97266023008666,False,,2025-11-23-qwen3-failure-classifications
12459398132,12459398132-1,b_only,33,33,4,0,12,9.0,4.5,5.0,2,39.0,67.0,4.8125,1704.2118779443963,0.11804064955459022,94.67843766357757,354.12194866377064,67.5300965460934,False,,2025-11-23-qwen3-failure-classifications
12459398132,12459398132-1,ground_truth,33,35,4,0,12,9.0,4.5,5.0,2,39.0,67.0,4.8125,1704.2118779443963,0.11804064955459022,94.67843766357757,354.12194866377064,66.97266023008666,False,,2025-11-23-qwen3-failure-classifications
128217118808,128217118808-1,agent,75,15,0,0,8,0.0,0.0,0.0,0,3.0,3.0,0.5,2.3774437510817346,0.0015849625007211565,0.1320802083934297,4.754887502163469,69.33443681312195,False,,2025-11-23-qwen3-failure-classifications
128217118808,128217118808-1,bypass,59,13,0,0,11,0.0,0.0,0.0,0,3.0,3.0,0.5,2.3774437510817346,0.0015849625007211565,0.1320802083934297,4.754887502163469,70.69012901603358,False,,2025-11-23-qwen3-failure-classifications
128217118808,128217118808-1,a_only,59,13,0,0,11,0.0,0.0,0.0,0,3.0,3.0,0.5,2.3774437510817346,0.0015849625007211565,0.1320802083934297,4.754887502163469,70.69012901603358,False,,2025-11-23-qwen3-failure-classifications
128217118808,128217118808-1,b_only,21,7,0,0,6,0.0,0.0,0.0,0,3.0,3.0,0.5,2.3774437510817346,0.0015849625007211565,0.1320802083934297,4.754887502163469,76.55471099040834,False,,2025-11-23-qwen3-failure-classifications
128217118808,128217118808-1,ground_truth,59,13,0,0,11,0.0,0.0,0.0,0,3.0,3.0,0.5,2.3774437510817346,0.0015849625007211565,0.1320802083934297,4.754887502163469,70.69012901603358,False,,2025-11-23-qwen3-failure-classifications
129797159042,129797159042-1,agent,1094,662,164,47,158,0.0,0.0,0.0,0,0.0,0.0,0.0,0.0,0.0,0.0,0.0,0.0,False,,2025-11-23-qwen3-failure-classifications
129797159042,129797159042-1,bypass,1034,622,162,44,148,221.0,6.696969696969697,50.0,33,264.0,548.0,13.76530612244898,60681.984097183435,1.4694426591361442,3371.221338732413,4408.327977408433,8.104632197678258,False,,2025-11-23-qwen3-failure-classifications
129797159042,129797159042-1,a_only,1034,622,162,44,148,221.0,6.696969696969697,50.0,33,264.0,548.0,13.76530612244898,60681.984097183435,1.4694426591361442,3371.221338732413,4408.327977408433,8.104632197678258,False,,2025-11-23-qwen3-failure-classifications
129797159042,129797159042-1,b_only,1057,629,157,46,152,225.0,7.258064516129032,38.0,31,259.0,546.0,14.769874476987448,64650.35965490088,1.4590591083589528,3591.686647494493,4377.177325076858,7.183138621842262,False,,2025-11-23-qwen3-failure-classifications
129797159042,129797159042-1,ground_truth,1068,637,164,46,154,227.0,7.09375,38.0,32,267.0,571.0,14.979757085020243,68946.68945294048,1.5342191256645312,3830.3716362744713,4602.657376993594,6.833804970140926,False,,2025-11-23-qwen3-failure-classifications
130376795108,130376795108-1,agent,85,57,5,4,9,17.0,17.0,17.0,1,38.0,71.0,7.293103448275862,2717.4311553663997,0.12420095115149818,150.96839752035555,372.60285345449455,59.66158150364711,False,,2025-11-23-qwen3-failure-classifications
130376795108,130376795108-1,bypass,66,45,2,4,9,14.0,14.0,14.0,1,30.0,62.0,6.239130434782608,1898.1132882229995,0.10140907230924272,105.45073823461108,304.22721692772814,61.76875785617269,False,,2025-11-23-qwen3-failure-classifications
130376795108,130376795108-1,a_only,66,45,2,4,9,14.0,14.0,14.0,1,30.0,62.0,6.239130434782608,1898.1132882229995,0.10140907230924272,105.45073823461108,304.22721692772814,61.76875785617269,False,,2025-11-23-qwen3-failure-classifications
130376795108,130376795108-1,b_only,82,53,5,4,8,16.0,16.0,16.0,1,36.0,66.0,6.285714285714286,2144.780314884068,0.11373835003173087,119.15446193800378,341.2150500951926,61.03080646009801,False,,2025-11-23-qwen3-failure-classifications
130376795108,130376795108-1,ground_truth,82,53,5,4,8,16.0,16.0,16.0,1,36.0,66.0,6.285714285714286,2144.780314884068,0.11373835003173087,119.15446193800378,341.2150500951926,61.03080646009801,False,,2025-11-23-qwen3-failure-classifications
133728812294,133728812294-1,agent,107,23,32,0,14,2.0,2.0,2.0,1,10.0,12.0,1.0,39.863137138648355,0.013287712379549451,2.2146187299249087,39.863137138648355,84.89961058915596,False,,2025-11-23-qwen3-failure-classifications
133728812294,133728812294-1,bypass,105,23,31,0,14,2.0,2.0,2.0,1,10.0,12.0,1.0,39.863137138648355,0.013287712379549451,2.2146187299249087,39.863137138648355,84.80876938456247,False,,2025-11-23-qwen3-failure-classifications
133728812294,133728812294-1,a_only,105,23,31,0,14,2.0,2.0,2.0,1,10.0,12.0,1.0,39.863137138648355,0.013287712379549451,2.2146187299249087,39.863137138648355,84.80876938456247,False,,2025-11-23-qwen3-failure-classifications
133728812294,133728812294-1,b_only,107,23,32,0,14,2.0,2.0,2.0,1,10.0,12.0,1.0,39.863137138648355,0.013287712379549451,2.2146187299249087,39.863137138648355,84.89961058915596,False,,2025-11-23-qwen3-failure-classifications
133728812294,133728812294-1,ground_truth,107,23,32,0,14,2.0,2.0,2.0,1,10.0,12.0,1.0,39.863137138648355,0.013287712379549451,2.2146187299249087,39.863137138648355,84.89961058915596,False,,2025-11-23-qwen3-failure-classifications
134296232550,134296232550-1,agent,84,67,13,5,17,0.0,0.0,0.0,0,0.0,0.0,0.0,0.0,0.0,0.0,0.0,0.0,False,,2025-11-23-qwen3-failure-classifications
134296232550,134296232550-1,bypass,407,379,107,8,150,146.0,5.84,24.0,25,147.0,250.0,8.003731343283581,14406.060801934702,0.5999726954030303,800.3367112185946,1799.9180862090911,30.62464730112137,False,,2025-11-23-qwen3-failure-classifications
134296232550,134296232550-1,a_only,407,379,107,8,150,146.0,5.84,24.0,25,147.0,250.0,8.003731343283581,14406.060801934702,0.5999726954030303,800.3367112185946,1799.9180862090911,30.62464730112137,False,,2025-11-23-qwen3-failure-classifications
134296232550,134296232550-1,b_only,410,387,108,8,149,152.0,6.08,30.0,25,149.0,260.0,8.172794117647058,15340.202284767354,0.6256612717733874,852.233460264853,1876.9838153201622,29.501815271287317,False,,2025-11-23-qwen3-failure-classifications
134296232550,134296232550-1,ground_truth,402,379,107,8,149,146.0,5.84,24.0,25,147.0,250.0,8.003731343283581,14406.060801934702,0.5999726954030303,800.3367112185946,1799.9180862090911,30.71435079547192,False,,2025-11-23-qwen3-failure-classifications
134972618836,134972618836-1,agent,0,0,0,0,0,0.0,0.0,0.0,0,0.0,0.0,0.0,0.0,0.0,0.0,0.0,0.0,False,,2025-11-23-qwen3-failure-classifications
134972618836,134972618836-1,bypass,2544,1187,225,0,364,278.0,3.475,18.0,80,460.0,962.0,8.504464285714286,72367.56036723738,2.8364538096694965,4020.4200204020767,8509.36142900849,0.0,False,,2025-11-23-qwen3-failure-classifications
134972618836,134972618836-1,a_only,2544,1187,225,0,364,278.0,3.475,18.0,80,460.0,962.0,8.504464285714286,72367.56036723738,2.8364538096694965,4020.4200204020767,8509.36142900849,0.0,False,,2025-11-23-qwen3-failure-classifications
134972618836,134972618836-1,b_only,2500,1175,225,0,363,277.0,3.4625,18.0,80,453.0,947.0,8.503401360544217,71052.11544493014,2.7852429254412616,3947.339746940563,8355.728776323785,0.0,False,,2025-11-23-qwen3-failure-classifications
134972618836,134972618836-1,ground_truth,2548,1188,225,0,366,278.0,3.475,18.0,80,460.0,962.0,8.504464285714286,72367.56036723738,2.8364538096694965,4020.4200204020767,8509.36142900849,0.0,False,,2025-11-23-qwen3-failure-classifications
137067530791,137067530791-1,agent,451,283,12,118,97,114.0,8.76923076923077,25.0,13,105.0,242.0,8.263157894736842,13426.370747274035,0.5416158050917339,745.9094859596686,1624.8474152752017,36.26846162975622,False,,2025-11-23-qwen3-failure-classifications
137067530791,137067530791-1,bypass,387,249,9,81,74,101.0,9.181818181818182,25.0,11,88.0,207.0,7.689873417721519,10282.14778003401,0.4457007816859736,571.2304322241117,1337.1023450579207,37.92365665535821,False,,2025-11-23-qwen3-failure-classifications
137067530791,137067530791-1,a_only,387,249,9,81,74,101.0,9.181818181818182,25.0,11,88.0,207.0,7.689873417721519,10282.14778003401,0.4457007816859736,571.2304322241117,1337.1023450579207,37.92365665535821,False,,2025-11-23-qwen3-failure-classifications
137067530791,137067530791-1,b_only,451,283,13,118,98,114.0,8.76923076923077,25.0,13,105.0,242.0,8.263157894736842,13426.370747274035,0.5416158050917339,745.9094859596686,1624.8474152752017,36.323470331045954,False,,2025-11-23-qwen3-failure-classifications
137067530791,137067530791-1,ground_truth,452,281,13,118,98,114.0,8.76923076923077,25.0,13,105.0,242.0,8.263157894736842,13426.370747274035,0.5416158050917339,745.9094859596686,1624.8474152752017,36.37478798273363,False,,2025-11-23-qwen3-failure-classifications
139406595292,139406595292-1,agent,380,64,2,0,39,14.0,2.3333333333333335,4.0,6,9.0,9.0,1.5,42.793987519471216,0.009509775004326938,2.377443751081734,28.529325012980813,53.309466896221906,False,,2025-11-23-qwen3-failure-classifications
139406595292,139406595292-1,bypass,357,63,2,0,41,13.0,2.1666666666666665,3.0,6,9.0,9.0,1.5,42.793987519471216,0.009509775004326938,2.377443751081734,28.529325012980813,53.73092289544055,False,,2025-11-23-qwen3-failure-classifications
139406595292,139406595292-1,a_only,357,63,2,0,41,13.0,2.1666666666666665,3.0,6,9.0,9.0,1.5,42.793987519471216,0.009509775004326938,2.377443751081734,28.529325012980813,53.73092289544055,False,,2025-11-23-qwen3-failure-classifications
139406595292,139406595292-1,b_only,358,63,2,0,38,14.0,2.3333333333333335,4.0,6,9.0,9.0,1.5,42.793987519471216,0.009509775004326938,2.377443751081734,28.529325012980813,53.590157946798335,False,,2025-11-23-qwen3-failure-classifications
139406595292,139406595292-1,ground_truth,380,64,2,0,41,14.0,2.3333333333333335,4.0,6,9.0,9.0,1.5,42.793987519471216,0.009509775004326938,2.377443751081734,28.529325012980813,53.309466896221906,False,,2025-11-23-qwen3-failure-classifications
140532355399,140532355399-1,agent,295,171,23,17,62,0.0,0.0,0.0,0,0.0,0.0,0.0,0.0,0.0,0.0,0.0,0.0,False,,2025-11-23-qwen3-failure-classifications
140532355399,140532355399-1,bypass,288,168,30,16,65,36.0,4.0,9.0,9,76.0,115.0,3.8550724637681157,2769.9145309599894,0.23950388801533745,153.8841406088883,718.5116640460124,48.422936337725865,False,,2025-11-23-qwen3-failure-classifications
140532355399,140532355399-1,a_only,288,168,30,16,65,36.0,4.0,9.0,9,76.0,115.0,3.8550724637681157,2769.9145309599894,0.23950388801533745,153.8841406088883,718.5116640460124,48.422936337725865,False,,2025-11-23-qwen3-failure-classifications
140532355399,140532355399-1,b_only,248,152,14,0,41,33.0,8.25,26.0,4,61.0,108.0,4.601851851851852,2947.5764567687547,0.21350654415226392,163.75424759826416,640.5196324567918,42.136087307445855,False,,2025-11-23-qwen3-failure-classifications
140532355399,140532355399-1,ground_truth,301,176,31,16,65,39.0,4.333333333333333,11.0,9,84.0,127.0,3.8181818181818183,3099.6928302819915,0.2706081042309675,172.20515723788841,811.8243126929025,47.022124973819025,False,,2025-11-23-qwen3-failure-classifications
143627738161,143627738161-1,agent,363,198,14,26,43,77.0,4.8125,13.0,16,61.0,117.0,4.9907407407407405,3463.056377025262,0.23129875616495257,192.3920209458479,693.8962684948577,39.01942210086805,False,,2025-11-23-qwen3-failure-classifications
143627738161,143627738161-1,bypass,345,185,14,26,42,73.0,4.5625,13.0,16,54.0,105.0,5.138297872340425,3104.8842518321308,0.2014210625757214,172.49356954622948,604.2631877271642,40.88417932925546,False,,2025-11-23-qwen3-failure-classifications
143627738161,143627738161-1,a_only,345,185,14,26,42,73.0,4.5625,13.0,16,54.0,105.0,5.138297872340425,3104.8842518321308,0.2014210625757214,172.49356954622948,604.2631877271642,40.88417932925546,False,,2025-11-23-qwen3-failure-classifications
143627738161,143627738161-1,b_only,339,199,14,26,42,77.0,4.8125,13.0,16,58.0,111.0,5.009803921568627,3257.5543139669708,0.21674529681972016,180.97523966483172,650.2358904591605,39.70460046043298,False,,2025-11-23-qwen3-failure-classifications
143627738161,143627738161-1,ground_truth,358,199,14,26,42,77.0,4.8125,13.0,16,54.0,105.0,5.138297872340425,3104.8842518321308,0.2014210625757214,172.49356954622948,604.2631877271642,39.500219131668814,False,,2025-11-23-qwen3-failure-classifications
147998253852,147998253852-1,agent,736,424,13,6,121,76.0,3.04,15.0,25,151.0,254.0,9.209558823529411,16932.27861577341,0.6128516012628566,940.6821453207451,1838.55480378857,21.986931901370404,False,,2025-11-23-qwen3-failure-classifications
147998253852,147998253852-1,bypass,780,400,34,6,110,67.0,3.0454545454545454,15.0,22,129.0,217.0,10.123893805309734,15402.859678799221,0.5071454381422821,855.7144265999567,1521.4363144268461,27.588231720377937,False,,2025-11-23-qwen3-failure-classifications
147998253852,147998253852-1,a_only,780,400,34,6,110,67.0,3.0454545454545454,15.0,22,129.0,217.0,10.123893805309734,15402.859678799221,0.5071454381422821,855.7144265999567,1521.4363144268461,27.588231720377937,False,,2025-11-23-qwen3-failure-classifications
147998253852,147998253852-1,b_only,898,456,21,6,125,73.0,3.8421052631578947,15.0,19,143.0,242.0,9.31640625,16142.433357220245,0.5775629545001234,896.8018531789025,1732.6888635003702,21.79979616394136,False,,2025-11-23-qwen3-failure-classifications
147998253852,147998253852-1,ground_truth,896,457,20,6,126,74.0,3.8947368421052633,15.0,19,142.0,240.0,9.330708661417322,16010.929769977414,0.5719797695603746,889.4960983320785,1715.9393086811237,21.50079538744273,False,,2025-11-23-qwen3-failure-classifications
153290721917,153290721917-1,agent,133,88,17,28,48,24.0,3.0,9.0,8,19.0,21.0,3.0,267.61943334694587,0.029735492594105097,14.867746297052548,89.20647778231529,68.40999297604377,False,,2025-11-23-qwen3-failure-classifications
153290721917,153290721917-1,bypass,124,86,18,28,49,22.0,2.75,8.0,8,24.0,32.0,4.117647058823529,604.1362353891407,0.04890626667435901,33.56312418828559,146.71880002307702,67.79821343980254,False,,2025-11-23-qwen3-failure-classifications
153290721917,153290721917-1,a_only,124,86,18,28,49,22.0,2.75,8.0,8,24.0,32.0,4.117647058823529,604.1362353891407,0.04890626667435901,33.56312418828559,146.71880002307702,67.79821343980254,False,,2025-11-23-qwen3-failure-classifications
153290721917,153290721917-1,b_only,137,91,18,28,50,24.0,3.0,9.0,8,19.0,21.0,3.0,267.61943334694587,0.029735492594105097,14.867746297052548,89.20647778231529,68.04401187545103,False,,2025-11-23-qwen3-failure-classifications
153290721917,153290721917-1,ground_truth,136,91,18,28,50,24.0,3.0,9.0,8,19.0,21.0,3.0,267.61943334694587,0.029735492594105097,14.867746297052548,89.20647778231529,68.09035059232136,False,,2025-11-23-qwen3-failure-classifications
153728985754,153728985754-1,agent,169,184,68,138,111,65.0,2.6,4.0,25,90.0,147.0,6.125,5845.102231607831,0.31810080172015404,324.7279017559906,954.3024051604622,46.25940183634353,False,,2025-11-23-qwen3-failure-classifications
153728985754,153728985754-1,bypass,169,184,68,138,111,65.0,2.6,4.0,25,90.0,147.0,6.125,5845.102231607831,0.31810080172015404,324.7279017559906,954.3024051604622,46.25940183634353,False,,2025-11-23-qwen3-failure-classifications
153728985754,153728985754-1,a_only,169,184,68,138,111,65.0,2.6,4.0,25,90.0,147.0,6.125,5845.102231607831,0.31810080172015404,324.7279017559906,954.3024051604622,46.25940183634353,False,,2025-11-23-qwen3-failure-classifications
153728985754,153728985754-1,b_only,169,184,68,138,112,65.0,2.6,4.0,25,90.0,147.0,6.125,5845.102231607831,0.31810080172015404,324.7279017559906,954.3024051604622,46.25940183634353,False,,2025-11-23-qwen3-failure-classifications
153728985754,153728985754-1,ground_truth,169,184,68,138,111,65.0,2.6,4.0,25,90.0,147.0,6.125,5845.102231607831,0.31810080172015404,324.7279017559906,954.3024051604622,46.25940183634353,False,,2025-11-23-qwen3-failure-classifications
154304387807,154304387807-1,agent,208,150,53,74,65,43.0,2.5294117647058822,5.0,17,11.0,14.0,1.5,72.64806399138325,0.016144014220307392,4.036003555076848,48.43204266092217,65.09504277238716,False,,2025-11-23-qwen3-failure-classifications
154304387807,154304387807-1,bypass,209,151,52,74,65,43.0,2.5294117647058822,5.0,17,11.0,14.0,1.5,72.64806399138325,0.016144014220307392,4.036003555076848,48.43204266092217,65.04503429837341,False,,2025-11-23-qwen3-failure-classifications
154304387807,154304387807-1,a_only,209,151,52,74,65,43.0,2.5294117647058822,5.0,17,11.0,14.0,1.5,72.64806399138325,0.016144014220307392,4.036003555076848,48.43204266092217,65.04503429837341,False,,2025-11-23-qwen3-failure-classifications
154304387807,154304387807-1,b_only,208,150,53,74,65,43.0,2.5294117647058822,5.0,17,11.0,14.0,1.5,72.64806399138325,0.016144014220307392,4.036003555076848,48.43204266092217,65.09504277238716,False,,2025-11-23-qwen3-failure-classifications
154304387807,154304387807-1,ground_truth,208,150,53,74,67,43.0,2.5294117647058822,5.0,17,11.0,14.0,1.5,72.64806399138325,0.016144014220307392,4.036003555076848,48.43204266092217,65.09504277238716,False,,2025-11-23-qwen3-failure-classifications
158845296408,158845296408-1,agent,781,507,51,33,163,119.0,2.3333333333333335,19.0,51,80.0,130.0,9.807692307692308,8060.458320981387,0.273950217445119,447.8032400545215,821.850652335357,29.543921099226708,False,,2025-11-23-qwen3-failure-classifications
158845296408,158845296408-1,bypass,782,511,51,33,165,121.0,2.42,24.0,50,80.0,135.0,10.26923076923077,8764.380699239038,0.2844867642699313,486.91003884661325,853.4602928097938,28.941309475087653,False,,2025-11-23-qwen3-failure-classifications
158845296408,158845296408-1,a_only,782,511,51,33,165,121.0,2.42,24.0,50,80.0,135.0,10.26923076923077,8764.380699239038,0.2844867642699313,486.91003884661325,853.4602928097938,28.941309475087653,False,,2025-11-23-qwen3-failure-classifications
158845296408,158845296408-1,b_only,797,518,49,33,167,124.0,2.4313725490196076,19.0,51,84.0,139.0,9.891304347826088,8788.741639209624,0.29617737392208254,488.26342440053463,888.5321217662477,28.089634011207746,False,,2025-11-23-qwen3-failure-classifications
158845296408,158845296408-1,ground_truth,795,516,51,33,167,124.0,2.4313725490196076,19.0,51,84.0,139.0,9.891304347826088,8788.741639209624,0.29617737392208254,488.26342440053463,888.5321217662477,28.330454935966962,False,,2025-11-23-qwen3-failure-classifications
159827835820,159827835820-1,agent,213,164,6,50,64,52.0,2.0,8.0,26,11.0,12.0,1.5,62.26976913547136,0.01383772647454919,3.4594316186372978,41.51317942364757,60.65178531320775,False,,2025-11-23-qwen3-failure-classifications
159827835820,159827835820-1,bypass,212,164,6,50,64,52.0,2.0,8.0,26,11.0,12.0,1.5,62.26976913547136,0.01383772647454919,3.4594316186372978,41.51317942364757,60.687325333359354,False,,2025-11-23-qwen3-failure-classifications
159827835820,159827835820-1,a_only,212,164,6,50,64,52.0,2.0,8.0,26,11.0,12.0,1.5,62.26976913547136,0.01383772647454919,3.4594316186372978,41.51317942364757,60.687325333359354,False,,2025-11-23-qwen3-failure-classifications
159827835820,159827835820-1,b_only,208,164,4,50,64,52.0,2.0,8.0,26,11.0,12.0,1.5,62.26976913547136,0.01383772647454919,3.4594316186372978,41.51317942364757,60.55615341770529,False,,2025-11-23-qwen3-failure-classifications
159827835820,159827835820-1,ground_truth,213,164,4,50,64,52.0,2.0,8.0,26,11.0,12.0,1.5,62.26976913547136,0.01383772647454919,3.4594316186372978,41.51317942364757,60.37465383794098,False,,2025-11-23-qwen3-failure-classifications
160166433373,160166433373-1,agent,357,189,58,56,87,48.0,2.1818181818181817,20.0,22,33.0,42.0,3.6346153846153846,770.0461638359116,0.07062151767101835,42.78034243532842,211.86455301305503,57.35560840608918,False,,2025-11-23-qwen3-failure-classifications
160166433373,160166433373-1,bypass,333,184,164,56,102,45.0,2.0454545454545454,20.0,22,32.0,39.0,3.5,682.5,0.065,37.916666666666664,195.0,60.38434979905753,False,,2025-11-23-qwen3-failure-classifications
160166433373,160166433373-1,a_only,333,184,164,56,102,45.0,2.0454545454545454,20.0,22,32.0,39.0,3.5,682.5,0.065,37.916666666666664,195.0,60.38434979905753,False,,2025-11-23-qwen3-failure-classifications
160166433373,160166433373-1,b_only,356,186,58,56,86,48.0,2.1818181818181817,21.0,22,32.0,42.0,3.78,793.8,0.07,44.099999999999994,210.0,57.5527422580039,False,,2025-11-23-qwen3-failure-classifications
160166433373,160166433373-1,ground_truth,349,186,60,56,84,47.0,2.1363636363636362,20.0,22,31.0,39.0,3.6458333333333335,704.424787883134,0.06440455203502939,39.13471043795189,193.21365610508815,58.183977007610885,False,,2025-11-23-qwen3-failure-classifications
160767656621,160767656621-1,agent,559,391,17,14,79,91.0,3.7916666666666665,13.0,24,129.0,200.0,6.871794871794871,9635.943099761189,0.46741515036155024,535.330172208955,1402.2454510846508,23.29223243967813,False,,2025-11-23-qwen3-failure-classifications
160767656621,160767656621-1,bypass,558,391,17,14,79,91.0,3.7916666666666665,13.0,24,129.0,200.0,6.871794871794871,9635.943099761189,0.46741515036155024,535.330172208955,1402.2454510846508,23.30351871623908,False,,2025-11-23-qwen3-failure-classifications
160767656621,160767656621-1,a_only,558,391,17,14,79,91.0,3.7916666666666665,13.0,24,129.0,200.0,6.871794871794871,9635.943099761189,0.46741515036155024,535.330172208955,1402.2454510846508,23.30351871623908,False,,2025-11-23-qwen3-failure-classifications
160767656621,160767656621-1,b_only,549,390,17,14,79,91.0,3.7916666666666665,13.0,24,129.0,200.0,6.871794871794871,9635.943099761189,0.46741515036155024,535.330172208955,1402.2454510846508,23.430618030609907,False,,2025-11-23-qwen3-failure-classifications
160767656621,160767656621-1,ground_truth,559,391,17,14,79,91.0,3.7916666666666665,13.0,24,129.0,200.0,6.871794871794871,9635.943099761189,0.46741515036155024,535.330172208955,1402.2454510846508,23.29223243967813,False,,2025-11-23-qwen3-failure-classifications
163540612069,163540612069-1,agent,675,500,25,45,125,183.0,4.463414634146342,12.0,41,126.0,199.0,7.3628318584070795,10223.13524224809,0.4628262349254945,567.9519579026717,1388.4787047764835,13.005049807865756,False,,2025-11-23-qwen3-failure-classifications
163540612069,163540612069-1,bypass,665,492,22,45,122,177.0,4.317073170731708,12.0,41,123.0,191.0,7.2681818181818185,9637.756420732509,0.4420067568399316,535.4309122629171,1326.0202705197948,13.884316129210664,False,,2025-11-23-qwen3-failure-classifications
163540612069,163540612069-1,a_only,665,492,22,45,122,177.0,4.317073170731708,12.0,41,123.0,191.0,7.2681818181818185,9637.756420732509,0.4420067568399316,535.4309122629171,1326.0202705197948,13.884316129210664,False,,2025-11-23-qwen3-failure-classifications
163540612069,163540612069-1,b_only,594,451,39,38,116,166.0,5.724137931034483,26.0,29,107.0,173.0,7.010526315789473,8176.193086728076,0.38875792954913274,454.2329492626709,1166.2737886473983,18.68457931224669,False,,2025-11-23-qwen3-failure-classifications
163540612069,163540612069-1,ground_truth,664,491,22,45,122,177.0,4.317073170731708,12.0,41,123.0,191.0,7.2681818181818185,9637.756420732509,0.4420067568399316,535.4309122629171,1326.0202705197948,13.915045144601788,False,,2025-11-23-qwen3-failure-classifications
164866621823,164866621823-1,agent,0,0,0,0,0,0.0,0.0,0.0,0,0.0,0.0,0.0,0.0,0.0,0.0,0.0,0.0,False,,2025-11-23-qwen3-failure-classifications
164866621823,164866621823-1,bypass,160,174,15,70,72,92.0,2.6285714285714286,13.0,35,72.0,134.0,11.31578947368421,9355.554699555421,0.2755899833977566,519.7530388641901,826.7699501932698,52.62024573263546,False,,2025-11-23-qwen3-failure-classifications
164866621823,164866621823-1,a_only,160,174,15,70,72,92.0,2.6285714285714286,13.0,35,72.0,134.0,11.31578947368421,9355.554699555421,0.2755899833977566,519.7530388641901,826.7699501932698,52.62024573263546,False,,2025-11-23-qwen3-failure-classifications
164866621823,164866621823-1,b_only,142,152,12,63,63,81.0,2.793103448275862,13.0,29,57.0,107.0,10.045454545454545,6269.561371134258,0.20803974383854248,348.3089650630143,624.1192315156275,55.5548948077431,False,,2025-11-23-qwen3-failure-classifications
164866621823,164866621823-1,ground_truth,168,183,19,74,76,96.0,2.526315789473684,13.0,38,72.0,136.0,11.447368421052632,9605.599028561242,0.2797032667320515,533.6443904756246,839.1098001961544,51.86956118156132,False,,2025-11-23-qwen3-failure-classifications
18212518336,18212518336-1,agent,175,254,33,9,50,53.0,2.65,9.0,20,38.0,65.0,6.517241379310345,2223.130672505326,0.11370509612461101,123.50725958362922,341.11528837383304,50.072801481281076,False,,2025-11-23-qwen3-failure-classifications
18212518336,18212518336-1,bypass,176,250,31,9,51,56.0,2.8,9.0,20,38.0,71.0,7.137931034482759,2659.613471209668,0.12420095115149818,147.75630395609267,372.60285345449455,49.25566541951566,False,,2025-11-23-qwen3-failure-classifications
18212518336,18212518336-1,a_only,176,250,31,9,51,56.0,2.8,9.0,20,38.0,71.0,7.137931034482759,2659.613471209668,0.12420095115149818,147.75630395609267,372.60285345449455,49.25566541951566,False,,2025-11-23-qwen3-failure-classifications
18212518336,18212518336-1,b_only,158,242,31,9,45,45.0,2.25,7.0,20,33.0,47.0,4.8,1138.015313327267,0.07902884120328244,63.22307296262594,237.08652360984732,52.85886864896428,False,,2025-11-23-qwen3-failure-classifications
18212518336,18212518336-1,ground_truth,180,258,35,9,51,56.0,2.8,9.0,20,38.0,71.0,7.137931034482759,2659.613471209668,0.12420095115149818,147.75630395609267,372.60285345449455,49.530499881224834,False,,2025-11-23-qwen3-failure-classifications
182290594342,182290594342-1,agent,377,231,41,0,80,57.0,5.7,16.0,10,62.0,91.0,6.254901960784314,3389.105190082757,0.18061062141506856,188.28362167126429,541.8318642452057,41.302820405927356,False,,2025-11-23-qwen3-failure-classifications
182290594342,182290594342-1,bypass,316,231,41,0,80,57.0,5.7,16.0,10,62.0,91.0,6.254901960784314,3389.105190082757,0.18061062141506856,188.28362167126429,541.8318642452057,42.69473907651714,False,,2025-11-23-qwen3-failure-classifications
182290594342,182290594342-1,a_only,316,231,41,0,80,57.0,5.7,16.0,10,62.0,91.0,6.254901960784314,3389.105190082757,0.18061062141506856,188.28362167126429,541.8318642452057,42.69473907651714,False,,2025-11-23-qwen3-failure-classifications
182290594342,182290594342-1,b_only,382,224,40,0,77,56.0,6.222222222222222,16.0,9,62.0,91.0,6.254901960784314,3389.105190082757,0.18061062141506856,188.28362167126429,541.8318642452057,41.30222460324162,False,,2025-11-23-qwen3-failure-classifications
182290594342,182290594342-1,ground_truth,389,231,41,0,80,57.0,5.7,16.0,10,62.0,91.0,6.254901960784314,3389.105190082757,0.18061062141506856,188.28362167126429,541.8318642452057,41.060925480716676,False,,2025-11-23-qwen3-failure-classifications
18238994042,18238994042-1,agent,636,221,11,0,85,73.0,1.106060606060606,2.0,66,0.0,0.0,0.0,0.0,0.0,0.0,0.0,100.0,False,,2025-11-23-qwen3-failure-classifications
18238994042,18238994042-1,bypass,613,209,11,0,81,67.0,1.1166666666666667,2.0,60,0.0,0.0,0.0,0.0,0.0,0.0,0.0,100.0,False,,2025-11-23-qwen3-failure-classifications
18238994042,18238994042-1,a_only,613,209,11,0,81,67.0,1.1166666666666667,2.0,60,0.0,0.0,0.0,0.0,0.0,0.0,0.0,100.0,False,,2025-11-23-qwen3-failure-classifications
18238994042,18238994042-1,b_only,610,221,11,0,84,73.0,1.106060606060606,2.0,66,0.0,0.0,0.0,0.0,0.0,0.0,0.0,100.0,False,,2025-11-23-qwen3-failure-classifications
18238994042,18238994042-1,ground_truth,634,221,11,0,87,73.0,1.106060606060606,2.0,66,0.0,0.0,0.0,0.0,0.0,0.0,0.0,100.0,False,,2025-11-23-qwen3-failure-classifications
187092660972,187092660972-1,agent,1214,858,291,239,209,0.0,0.0,0.0,0,0.0,0.0,0.0,0.0,0.0,0.0,0.0,0.0,False,,2025-11-23-qwen3-failure-classifications
187092660972,187092660972-1,bypass,1883,1287,528,363,338,388.0,7.461538461538462,29.0,52,445.0,883.0,13.458823529411765,104552.65159604973,2.5894450424429567,5808.480644224986,7768.33512732887,0.0,False,,2025-11-23-qwen3-failure-classifications
187092660972,187092660972-1,a_only,1883,1287,528,363,338,388.0,7.461538461538462,29.0,52,445.0,883.0,13.458823529411765,104552.65159604973,2.5894450424429567,5808.480644224986,7768.33512732887,0.0,False,,2025-11-23-qwen3-failure-classifications
187092660972,187092660972-1,b_only,1812,1242,526,351,324,370.0,7.708333333333333,29.0,48,431.0,851.0,13.40632603406326,99844.47106693278,2.482521331428274,5546.915059274043,7447.563994284822,0.0,False,,2025-11-23-qwen3-failure-classifications
187092660972,187092660972-1,ground_truth,1830,1255,527,351,327,371.0,7.729166666666667,29.0,48,433.0,857.0,13.438256658595641,100864.83047788245,2.501932431673601,5603.601693215692,7505.797295020803,0.0,False,,2025-11-23-qwen3-failure-classifications
190161517636,190161517636-1,agent,791,424,35,0,103,0.0,0.0,0.0,0,0.0,0.0,0.0,0.0,0.0,0.0,0.0,0.0,False,,2025-11-23-qwen3-failure-classifications
190161517636,190161517636-1,bypass,791,424,35,0,104,123.0,3.84375,14.0,32,85.0,140.0,5.866666666666666,5264.246422214433,0.2991049103530928,292.4581345674685,897.3147310592784,19.694233105856526,False,,2025-11-23-qwen3-failure-classifications
190161517636,190161517636-1,a_only,791,424,35,0,104,123.0,3.84375,14.0,32,85.0,140.0,5.866666666666666,5264.246422214433,0.2991049103530928,292.4581345674685,897.3147310592784,19.694233105856526,False,,2025-11-23-qwen3-failure-classifications
190161517636,190161517636-1,b_only,789,419,33,0,104,122.0,3.8125,13.0,32,84.0,138.0,5.878378378378378,5185.55155255958,0.29404660144782296,288.08619736442114,882.1398043434689,19.671355632941545,False,,2025-11-23-qwen3-failure-classifications
190161517636,190161517636-1,ground_truth,791,424,35,0,103,123.0,3.84375,14.0,32,85.0,140.0,5.866666666666666,5264.246422214433,0.2991049103530928,292.4581345674685,897.3147310592784,19.694233105856526,False,,2025-11-23-qwen3-failure-classifications
190169307042,190169307042-1,agent,1422,1133,183,4,150,249.0,6.384615384615385,65.0,39,340.0,745.0,16.128526645768027,101045.15891219191,2.088332082474196,5613.619939566217,6264.996247422589,0.6565961027849309,False,,2025-11-23-qwen3-failure-classifications
190169307042,190169307042-1,bypass,1466,1174,188,6,153,260.0,6.666666666666667,72.0,39,354.0,781.0,16.207207207207208,107181.50164299156,2.20439997820494,5954.527869055087,6613.19993461482,0.0,False,,2025-11-23-qwen3-failure-classifications
190169307042,190169307042-1,a_only,1466,1174,188,6,153,260.0,6.666666666666667,72.0,39,354.0,781.0,16.207207207207208,107181.50164299156,2.20439997820494,5954.527869055087,6613.19993461482,0.0,False,,2025-11-23-qwen3-failure-classifications
190169307042,190169307042-1,b_only,1430,1141,183,4,153,249.0,6.384615384615385,65.0,39,342.0,751.0,16.1588785046729,102153.31509978062,2.10726907955977,5675.184172210034,6321.807238679309,0.5174716617299329,False,,2025-11-23-qwen3-failure-classifications
190169307042,190169307042-1,ground_truth,1432,1142,183,4,153,249.0,6.384615384615385,65.0,39,342.0,751.0,16.1588785046729,102153.31509978062,2.10726907955977,5675.184172210034,6321.807238679309,0.4979636514838489,False,,2025-11-23-qwen3-failure-classifications
192974181015,192974181015-1,agent,379,242,30,98,67,103.0,5.421052631578948,32.0,19,87.0,129.0,6.296052631578948,5232.899364427718,0.2770465703214953,290.7166313570954,831.139710964486,41.67131565070959,False,,2025-11-23-qwen3-failure-classifications
192974181015,192974181015-1,bypass,378,242,30,98,67,102.0,5.368421052631579,32.0,19,85.0,125.0,6.243243243243243,5001.923331918275,0.26705795567240426,277.8846295510153,801.1738670172128,41.93413070584522,False,,2025-11-23-qwen3-failure-classifications
192974181015,192974181015-1,a_only,378,242,30,98,67,102.0,5.368421052631579,32.0,19,85.0,125.0,6.243243243243243,5001.923331918275,0.26705795567240426,277.8846295510153,801.1738670172128,41.93413070584522,False,,2025-11-23-qwen3-failure-classifications
192974181015,192974181015-1,b_only,338,221,28,97,61,93.0,5.8125,32.0,16,76.0,113.0,5.757575757575758,4064.9395064737514,0.23533860300637507,225.82997258187507,706.0158090191252,44.91555588005926,False,,2025-11-23-qwen3-failure-classifications
192974181015,192974181015-1,ground_truth,379,242,30,98,67,103.0,5.421052631578948,32.0,19,87.0,129.0,6.296052631578948,5232.899364427718,0.2770465703214953,290.7166313570954,831.139710964486,41.67131565070959,False,,2025-11-23-qwen3-failure-classifications
199378705901,199378705901-1,agent,183,174,28,0,55,66.0,3.8823529411764706,8.0,17,85.0,149.0,3.759493670886076,3590.313634137997,0.3183330831615059,199.46186856322205,954.9992494845177,44.58738658144562,False,,2025-11-23-qwen3-failure-classifications
199378705901,199378705901-1,bypass,183,175,180,0,99,66.0,3.8823529411764706,8.0,17,85.0,149.0,3.759493670886076,3590.313634137997,0.3183330831615059,199.46186856322205,954.9992494845177,49.22298520799476,False,,2025-11-23-qwen3-failure-classifications
199378705901,199378705901-1,a_only,183,175,180,0,99,66.0,3.8823529411764706,8.0,17,85.0,149.0,3.759493670886076,3590.313634137997,0.3183330831615059,199.46186856322205,954.9992494845177,49.22298520799476,False,,2025-11-23-qwen3-failure-classifications
199378705901,199378705901-1,b_only,103,87,6,0,30,35.0,3.1818181818181817,6.0,11,34.0,54.0,2.3333333333333335,641.0203179975429,0.09157433114250613,35.612239888752384,274.72299342751836,51.13819135504814,False,,2025-11-23-qwen3-failure-classifications
199378705901,199378705901-1,ground_truth,186,176,180,0,99,66.0,3.8823529411764706,8.0,17,85.0,149.0,3.759493670886076,3590.313634137997,0.3183330831615059,199.46186856322205,954.9992494845177,49.39191393760758,False,,2025-11-23-qwen3-failure-classifications
200212032116,200212032116-1,agent,373,218,2,6,73,95.0,7.916666666666667,22.0,12,65.0,92.0,3.0,1662.1735163958533,0.18468594626620594,92.34297313310296,554.0578387986178,27.2177899804096,False,,2025-11-23-qwen3-failure-classifications
200212032116,200212032116-1,bypass,321,189,1,6,65,81.0,7.363636363636363,20.0,11,58.0,81.0,3.0,1423.4893818159999,0.15816548686844445,79.08274343422221,474.4964606053333,30.860638970084686,False,,2025-11-23-qwen3-failure-classifications
200212032116,200212032116-1,a_only,321,189,1,6,65,81.0,7.363636363636363,20.0,11,58.0,81.0,3.0,1423.4893818159999,0.15816548686844445,79.08274343422221,474.4964606053333,30.860638970084686,False,,2025-11-23-qwen3-failure-classifications
200212032116,200212032116-1,b_only,345,200,2,3,69,92.0,8.363636363636363,21.0,11,64.0,90.0,3.0,1620.0,0.18,90.0,540.0,26.862338941574343,False,,2025-11-23-qwen3-failure-classifications
200212032116,200212032116-1,ground_truth,376,218,2,6,74,95.0,7.916666666666667,22.0,12,65.0,92.0,3.0,1662.1735163958533,0.18468594626620594,92.34297313310296,554.0578387986178,27.183935628847962,False,,2025-11-23-qwen3-failure-classifications
20234665134,20234665134-1,agent,277,185,62,9,64,43.0,8.6,26.0,5,110.0,214.0,8.63265306122449,12527.800897707739,0.4837369928980924,695.988938761541,1451.2109786942772,48.37479765197634,False,,2025-11-23-qwen3-failure-classifications
20234665134,20234665134-1,bypass,271,179,62,9,64,40.0,8.0,23.0,5,106.0,204.0,8.553191489361701,11739.21916250678,0.4574985909102975,652.1788423614878,1372.4957727308924,49.426855914099534,False,,2025-11-23-qwen3-failure-classifications
20234665134,20234665134-1,a_only,271,179,62,9,64,40.0,8.0,23.0,5,106.0,204.0,8.553191489361701,11739.21916250678,0.4574985909102975,652.1788423614878,1372.4957727308924,49.426855914099534,False,,2025-11-23-qwen3-failure-classifications
20234665134,20234665134-1,b_only,272,180,63,9,63,40.0,8.0,23.0,5,105.0,202.0,8.580645161290322,11637.736779201163,0.4520925315228522,646.5409321778424,1356.2775945685567,49.488060168951094,False,,2025-11-23-qwen3-failure-classifications
20234665134,20234665134-1,ground_truth,281,189,64,9,65,0.0,0.0,0.0,0,0.0,0.0,0.0,0.0,0.0,0.0,0.0,0.0,False,,2025-11-23-qwen3-failure-classifications
203339145749,203339145749-1,agent,790,570,134,3,69,142.0,47.333333333333336,103.0,3,202.0,482.0,16.560109289617486,61127.63481457393,1.2304193115621218,3395.979711920774,3691.2579346863654,20.44176699198281,False,,2025-11-23-qwen3-failure-classifications
203339145749,203339145749-1,bypass,790,570,134,3,69,142.0,47.333333333333336,103.0,3,202.0,482.0,16.560109289617486,61127.63481457393,1.2304193115621218,3395.979711920774,3691.2579346863654,20.44176699198281,False,,2025-11-23-qwen3-failure-classifications
203339145749,203339145749-1,a_only,790,570,134,3,69,142.0,47.333333333333336,103.0,3,202.0,482.0,16.560109289617486,61127.63481457393,1.2304193115621218,3395.979711920774,3691.2579346863654,20.44176699198281,False,,2025-11-23-qwen3-failure-classifications
203339145749,203339145749-1,b_only,790,570,134,3,69,142.0,47.333333333333336,103.0,3,202.0,482.0,16.560109289617486,61127.63481457393,1.2304193115621218,3395.979711920774,3691.2579346863654,20.44176699198281,False,,2025-11-23-qwen3-failure-classifications
203339145749,203339145749-1,ground_truth,790,570,134,3,69,142.0,47.333333333333336,103.0,3,202.0,482.0,16.560109289617486,61127.63481457393,1.2304193115621218,3395.979711920774,3691.2579346863654,20.44176699198281,False,,2025-11-23-qwen3-failure-classifications
203539966931,203539966931-1,agent,655,522,58,4,176,61.0,4.066666666666666,13.0,15,135.0,250.0,7.902439024390244,13981.025935637008,0.5897346330875692,776.7236630909449,1769.2038992627079,29.057423121853795,False,,2025-11-23-qwen3-failure-classifications
203539966931,203539966931-1,bypass,491,413,49,4,142,55.0,4.230769230769231,13.0,13,105.0,198.0,6.7368421052631575,8956.096757880538,0.4431402041659641,497.5609309933632,1329.4206124978923,33.683578356269976,False,,2025-11-23-qwen3-failure-classifications
203539966931,203539966931-1,a_only,491,413,49,4,142,55.0,4.230769230769231,13.0,13,105.0,198.0,6.7368421052631575,8956.096757880538,0.4431402041659641,497.5609309933632,1329.4206124978923,33.683578356269976,False,,2025-11-23-qwen3-failure-classifications
203539966931,203539966931-1,b_only,566,437,46,4,149,45.0,3.4615384615384617,8.0,13,106.0,205.0,6.123711340206185,8445.967770640831,0.4597412310618186,469.2204317022684,1379.2236931854557,32.86897235529338,False,,2025-11-23-qwen3-failure-classifications
203539966931,203539966931-1,ground_truth,585,456,50,4,156,48.0,3.4285714285714284,8.0,14,114.0,217.0,6.0,8896.422798442494,0.494245711024583,494.245711024583,1482.737133073749,32.3016496487971,False,,2025-11-23-qwen3-failure-classifications
215066829348,215066829348-1,agent,1242,876,122,85,357,0.0,0.0,0.0,0,0.0,0.0,0.0,0.0,0.0,0.0,0.0,0.0,False,,2025-11-23-qwen3-failure-classifications
215066829348,215066829348-1,bypass,1266,902,256,96,386,355.0,3.858695652173913,17.0,92,372.0,653.0,10.90677966101695,60816.97453900095,1.8586902345511813,3378.720807722275,5576.070703653544,0.0,False,,2025-11-23-qwen3-failure-classifications
215066829348,215066829348-1,a_only,1282,909,115,105,376,362.0,3.978021978021978,19.0,91,379.0,680.0,11.14404432132964,64913.130384992706,1.941638915318781,3606.2850213884835,5824.916745956343,0.0,False,,2025-11-23-qwen3-failure-classifications
215066829348,215066829348-1,b_only,1266,902,256,96,386,355.0,3.858695652173913,17.0,92,372.0,653.0,10.90677966101695,60816.97453900095,1.8586902345511813,3378.720807722275,5576.070703653544,0.0,False,,2025-11-23-qwen3-failure-classifications
215066829348,215066829348-1,ground_truth,1286,913,115,105,377,363.0,3.989010989010989,19.0,91,379.0,680.0,11.14404432132964,64913.130384992706,1.941638915318781,3606.2850213884835,5824.916745956343,0.0,False,,2025-11-23-qwen3-failure-classifications
215713840268,215713840268-1,agent,205,136,6,93,60,41.0,1.9523809523809523,8.0,21,47.0,63.0,5.675675675675675,1986.1408245323012,0.11664636588523039,110.34115691846118,349.93909765569117,59.659195123169496,False,,2025-11-23-qwen3-failure-classifications
215713840268,215713840268-1,bypass,205,136,6,93,60,41.0,1.9523809523809523,8.0,21,47.0,63.0,5.675675675675675,1986.1408245323012,0.11664636588523039,110.34115691846118,349.93909765569117,59.659195123169496,False,,2025-11-23-qwen3-failure-classifications
215713840268,215713840268-1,a_only,205,136,6,93,60,41.0,1.9523809523809523,8.0,21,47.0,63.0,5.675675675675675,1986.1408245323012,0.11664636588523039,110.34115691846118,349.93909765569117,59.659195123169496,False,,2025-11-23-qwen3-failure-classifications
215713840268,215713840268-1,b_only,196,135,6,92,60,41.0,1.9523809523809523,8.0,21,47.0,63.0,5.675675675675675,1986.1408245323012,0.11664636588523039,110.34115691846118,349.93909765569117,59.81613719420699,False,,2025-11-23-qwen3-failure-classifications
215713840268,215713840268-1,ground_truth,205,136,6,93,60,41.0,1.9523809523809523,8.0,21,47.0,63.0,5.675675675675675,1986.1408245323012,0.11664636588523039,110.34115691846118,349.93909765569117,59.659195123169496,False,,2025-11-23-qwen3-failure-classifications
220662483217,220662483217-1,agent,1136,827,98,176,197,216.0,5.023255813953488,25.0,43,359.0,777.0,16.451038575667656,108495.45002854349,2.1983505687601705,6027.525001585749,6595.051706280511,9.073560212670856,False,,2025-11-23-qwen3-failure-classifications
220662483217,220662483217-1,bypass,1117,807,98,171,187,203.0,4.951219512195122,25.0,41,340.0,730.0,16.361635220125788,100441.71245197755,2.0462851277935075,5580.095136220975,6138.855383380523,10.856375310458828,False,,2025-11-23-qwen3-failure-classifications
220662483217,220662483217-1,a_only,1117,807,98,171,187,203.0,4.951219512195122,25.0,41,340.0,730.0,16.361635220125788,100441.71245197755,2.0462851277935075,5580.095136220975,6138.855383380523,10.856375310458828,False,,2025-11-23-qwen3-failure-classifications
220662483217,220662483217-1,b_only,1139,828,99,177,198,218.0,5.069767441860465,25.0,43,362.0,787.0,16.5,110374.74876671896,2.229792904378161,6131.930487039942,6689.3787131344825,8.786125250348995,False,,2025-11-23-qwen3-failure-classifications
220662483217,220662483217-1,ground_truth,1139,828,99,177,199,218.0,5.069767441860465,25.0,43,361.0,784.0,16.48377581120944,109794.31535679198,2.2202501136931807,6099.684186488444,6660.750341079542,8.799167397120844,False,,2025-11-23-qwen3-failure-classifications
229330283794,229330283794-1,agent,0,0,0,0,0,0.0,0.0,0.0,0,0.0,0.0,0.0,0.0,0.0,0.0,0.0,0.0,False,,2025-11-23-qwen3-failure-classifications
229330283794,229330283794-1,bypass,1261,726,49,602,294,207.0,2.225806451612903,20.0,93,151.0,281.0,7.267857142857143,14782.761336114132,0.6779972439167824,821.2645186730074,2033.9917317503473,16.53298831349569,False,,2025-11-23-qwen3-failure-classifications
229330283794,229330283794-1,a_only,1261,726,49,602,294,207.0,2.225806451612903,20.0,93,151.0,281.0,7.267857142857143,14782.761336114132,0.6779972439167824,821.2645186730074,2033.9917317503473,16.53298831349569,False,,2025-11-23-qwen3-failure-classifications
229330283794,229330283794-1,b_only,1256,719,55,582,292,206.0,2.21505376344086,20.0,93,152.0,284.0,7.294326241134752,15014.724390863765,0.6861371379393262,834.151355047987,2058.4114138179784,16.688931663451328,False,,2025-11-23-qwen3-failure-classifications
229330283794,229330283794-1,ground_truth,1267,727,55,584,294,208.0,2.236559139784946,20.0,93,154.0,287.0,7.269230769230769,15160.473166419752,0.6951892457264789,842.2485092455418,2085.567737179437,16.2635638381915,False,,2025-11-23-qwen3-failure-classifications
229663657615,229663657615-1,agent,307,103,20,0,39,30.0,3.3333333333333335,14.0,9,49.0,65.0,5.512820512820513,2011.9376941412831,0.1216520466224962,111.7743163411824,364.95613986748856,49.945388966140314,False,,2025-11-23-qwen3-failure-classifications
229663657615,229663657615-1,bypass,321,107,20,0,43,31.0,3.4444444444444446,14.0,9,50.0,68.0,5.625,2158.774992588832,0.12792740696822708,119.93194403271289,383.78222090468125,49.00159332230886,False,,2025-11-23-qwen3-failure-classifications
229663657615,229663657615-1,a_only,321,107,20,0,43,31.0,3.4444444444444446,14.0,9,50.0,68.0,5.625,2158.774992588832,0.12792740696822708,119.93194403271289,383.78222090468125,49.00159332230886,False,,2025-11-23-qwen3-failure-classifications
229663657615,229663657615-1,b_only,310,96,17,0,34,27.0,4.5,14.0,6,49.0,65.0,5.512820512820513,2011.9376941412831,0.1216520466224962,111.7743163411824,364.95613986748856,49.49673575700362,False,,2025-11-23-qwen3-failure-classifications
229663657615,229663657615-1,ground_truth,321,107,20,0,43,31.0,3.4444444444444446,14.0,9,50.0,68.0,5.625,2158.774992588832,0.12792740696822708,119.93194403271289,383.78222090468125,49.00159332230886,False,,2025-11-23-qwen3-failure-classifications
230582573383,230582573383-1,agent,1812,1378,159,24,203,352.0,8.585365853658537,62.0,41,483.0,1042.0,16.392624728850326,152293.16070591786,3.0967821042489585,8460.731150328771,9290.346312746875,0.0,False,,2025-11-23-qwen3-failure-classifications
230582573383,230582573383-1,bypass,1825,1399,186,24,208,360.0,8.78048780487805,62.0,41,478.0,1021.0,16.234649122807017,147537.00095625132,3.0292616703161155,8196.500053125073,9087.785010948346,0.0,False,,2025-11-23-qwen3-failure-classifications
230582573383,230582573383-1,a_only,1825,1399,186,24,208,360.0,8.78048780487805,62.0,41,478.0,1021.0,16.234649122807017,147537.00095625132,3.0292616703161155,8196.500053125073,9087.785010948346,0.0,False,,2025-11-23-qwen3-failure-classifications
230582573383,230582573383-1,b_only,1775,1351,180,22,202,347.0,8.463414634146341,62.0,41,468.0,1009.0,16.40134529147982,146795.28785889322,2.983399334019885,8155.293769938512,8950.198002059655,0.0,False,,2025-11-23-qwen3-failure-classifications
230582573383,230582573383-1,ground_truth,1826,1384,185,24,207,359.0,8.75609756097561,62.0,41,481.0,1036.0,16.3681917211329,151089.03638550206,3.0768830782619214,8393.835354750114,9230.649234785764,0.0,False,,2025-11-23-qwen3-failure-classifications
231040798896,231040798896-1,agent,495,443,81,261,178,140.0,4.827586206896552,21.0,29,93.0,166.0,8.0,8684.002901151467,0.36183345421464447,482.44460561952593,1085.5003626439334,33.511260480806065,False,,2025-11-23-qwen3-failure-classifications
231040798896,231040798896-1,bypass,460,413,79,256,172,134.0,4.785714285714286,21.0,28,89.0,157.0,7.9480519480519485,8080.706116636044,0.33889671622057477,448.9281175908913,1016.6901486617244,34.814018106013705,False,,2025-11-23-qwen3-failure-classifications
231040798896,231040798896-1,a_only,460,413,79,256,172,134.0,4.785714285714286,21.0,28,89.0,157.0,7.9480519480519485,8080.706116636044,0.33889671622057477,448.9281175908913,1016.6901486617244,34.814018106013705,False,,2025-11-23-qwen3-failure-classifications
231040798896,231040798896-1,b_only,313,248,23,141,89,68.0,3.7777777777777777,12.0,18,60.0,105.0,6.176470588235294,3830.792283328466,0.20674117084629817,212.8217935182481,620.2235125388945,49.44465316356852,False,,2025-11-23-qwen3-failure-classifications
231040798896,231040798896-1,ground_truth,505,452,84,261,179,144.0,4.9655172413793105,21.0,29,96.0,172.0,8.0,9060.90840099231,0.37753785004134627,503.38380005512835,1132.6135501240387,32.69486356332171,False,,2025-11-23-qwen3-failure-classifications
238938177304,238938177304-1,agent,1,1,0,0,0,0.0,0.0,0.0,0,0.0,0.0,0.0,0.0,0.0,0.0,0.0,100.0,False,,2025-11-23-qwen3-failure-classifications
238938177304,238938177304-1,bypass,1,1,0,0,0,0.0,0.0,0.0,0,0.0,0.0,0.0,0.0,0.0,0.0,0.0,100.0,False,,2025-11-23-qwen3-failure-classifications
238938177304,238938177304-1,a_only,1,1,0,0,0,0.0,0.0,0.0,0,0.0,0.0,0.0,0.0,0.0,0.0,0.0,100.0,False,,2025-11-23-qwen3-failure-classifications
238938177304,238938177304-1,b_only,1,1,0,0,0,0.0,0.0,0.0,0,0.0,0.0,0.0,0.0,0.0,0.0,0.0,100.0,False,,2025-11-23-qwen3-failure-classifications
238938177304,238938177304-1,ground_truth,1,1,0,0,0,0.0,0.0,0.0,0,0.0,0.0,0.0,0.0,0.0,0.0,0.0,100.0,False,,2025-11-23-qwen3-failure-classifications
241210066237,241210066237-1,agent,0,0,0,0,0,0.0,0.0,0.0,0,0.0,0.0,0.0,0.0,0.0,0.0,0.0,0.0,False,,2025-11-23-qwen3-failure-classifications
241210066237,241210066237-1,bypass,1765,1122,79,0,370,222.0,3.5806451612903225,33.0,62,193.0,320.0,8.1731843575419,19857.456349538683,0.8098620839752619,1103.1920194188158,2429.5862519257857,0.7874678008095004,False,,2025-11-23-qwen3-failure-classifications
241210066237,241210066237-1,a_only,1765,1122,79,0,370,222.0,3.5806451612903225,33.0,62,193.0,320.0,8.1731843575419,19857.456349538683,0.8098620839752619,1103.1920194188158,2429.5862519257857,0.7874678008095004,False,,2025-11-23-qwen3-failure-classifications
241210066237,241210066237-1,b_only,1751,1113,79,0,369,220.0,3.5483870967741935,32.0,62,191.0,314.0,8.107344632768362,19289.907658896205,0.7931042173344084,1071.6615366053447,2379.312652003225,1.2426421597881885,False,,2025-11-23-qwen3-failure-classifications
241210066237,241210066237-1,ground_truth,1765,1122,79,0,370,222.0,3.5806451612903225,33.0,62,193.0,320.0,8.1731843575419,19857.456349538683,0.8098620839752619,1103.1920194188158,2429.5862519257857,0.7874678008095004,False,,2025-11-23-qwen3-failure-classifications
242047917745,242047917745-1,agent,423,247,32,24,56,69.0,13.8,49.0,5,54.0,84.0,5.2,2513.7348609450037,0.16113685006057715,139.65193671916688,483.4105501817314,40.282336210224635,False,,2025-11-23-qwen3-failure-classifications
242047917745,242047917745-1,bypass,414,242,32,24,56,69.0,13.8,49.0,5,54.0,84.0,5.2,2513.7348609450037,0.16113685006057715,139.65193671916688,483.4105501817314,40.64915440573437,False,,2025-11-23-qwen3-failure-classifications
242047917745,242047917745-1,a_only,414,242,32,24,56,69.0,13.8,49.0,5,54.0,84.0,5.2,2513.7348609450037,0.16113685006057715,139.65193671916688,483.4105501817314,40.64915440573437,False,,2025-11-23-qwen3-failure-classifications
242047917745,242047917745-1,b_only,421,245,32,24,56,69.0,13.8,49.0,5,54.0,84.0,5.2,2513.7348609450037,0.16113685006057715,139.65193671916688,483.4105501817314,40.39745387389977,False,,2025-11-23-qwen3-failure-classifications
242047917745,242047917745-1,ground_truth,441,257,33,24,58,70.0,14.0,49.0,5,54.0,86.0,5.3,2623.077723486109,0.1649734417286861,145.72654019367272,494.92032518605834,39.50800189382607,False,,2025-11-23-qwen3-failure-classifications
244282362208,244282362208-1,agent,418,140,6,0,50,38.0,4.222222222222222,8.0,9,49.0,88.0,5.560975609756097,2747.6472759104277,0.16469815542737945,152.64707088391265,494.09446628213834,36.79926122359413,False,,2025-11-23-qwen3-failure-classifications
244282362208,244282362208-1,bypass,418,140,6,0,49,38.0,4.222222222222222,8.0,9,49.0,88.0,5.560975609756097,2747.6472759104277,0.16469815542737945,152.64707088391265,494.09446628213834,36.79926122359413,False,,2025-11-23-qwen3-failure-classifications
244282362208,244282362208-1,a_only,418,140,6,0,49,38.0,4.222222222222222,8.0,9,49.0,88.0,5.560975609756097,2747.6472759104277,0.16469815542737945,152.64707088391265,494.09446628213834,36.79926122359413,False,,2025-11-23-qwen3-failure-classifications
244282362208,244282362208-1,b_only,373,118,9,0,43,30.0,6.0,10.0,5,28.0,46.0,4.833333333333333,1068.8352443374738,0.07371277547154993,59.37973579652632,221.13832641464978,44.273685574285764,False,,2025-11-23-qwen3-failure-classifications
244282362208,244282362208-1,ground_truth,422,140,6,0,49,38.0,4.222222222222222,8.0,9,49.0,88.0,5.560975609756097,2747.6472759104277,0.16469815542737945,152.64707088391265,494.09446628213834,36.76582937591973,False,,2025-11-23-qwen3-failure-classifications
245264511134,245264511134-1,agent,0,0,0,0,0,0.0,0.0,0.0,0,0.0,0.0,0.0,0.0,0.0,0.0,0.0,0.0,False,,2025-11-23-qwen3-failure-classifications
245264511134,245264511134-1,bypass,3204,2326,403,844,714,974.0,8.696428571428571,166.0,112,1021.0,2222.0,14.345654345654346,318625.51307576103,7.403531536416825,17701.417393097836,22210.594609250475,0.0,False,,2025-11-23-qwen3-failure-classifications
245264511134,245264511134-1,a_only,3204,2326,403,844,714,974.0,8.696428571428571,166.0,112,1021.0,2222.0,14.345654345654346,318625.51307576103,7.403531536416825,17701.417393097836,22210.594609250475,0.0,False,,2025-11-23-qwen3-failure-classifications
245264511134,245264511134-1,b_only,3237,2351,406,845,717,997.0,8.901785714285714,175.0,112,1066.0,2322.0,14.349904397705545,335137.0920377673,7.784885593415603,18618.727335431515,23354.65678024681,0.0,False,,2025-11-23-qwen3-failure-classifications
245264511134,245264511134-1,ground_truth,3243,2357,409,845,721,999.0,8.919642857142858,175.0,112,1063.0,2316.0,14.352828379674017,334204.06361854443,7.7616307805420135,18566.89242325247,23284.89234162604,0.0,False,,2025-11-23-qwen3-failure-classifications
252422476788,252422476788-1,agent,599,595,130,23,90,145.0,3.2954545454545454,9.0,44,395.0,840.0,16.817204301075268,121850.65859854165,2.4151984760580505,6769.481033252314,7245.5954281741515,20.554853003076488,False,,2025-11-23-qwen3-failure-classifications
252422476788,252422476788-1,bypass,596,594,124,19,90,146.0,3.3181818181818183,9.0,44,393.0,828.0,16.65945945945946,118882.2891333607,2.3786743986233754,6604.571618520039,7136.023195870126,19.72896265354638,False,,2025-11-23-qwen3-failure-classifications
252422476788,252422476788-1,a_only,596,594,124,19,90,146.0,3.3181818181818183,9.0,44,393.0,828.0,16.65945945945946,118882.2891333607,2.3786743986233754,6604.571618520039,7136.023195870126,19.72896265354638,False,,2025-11-23-qwen3-failure-classifications
252422476788,252422476788-1,b_only,548,544,121,19,74,138.0,3.2093023255813953,9.0,43,374.0,796.0,16.873219373219374,114794.04564442419,2.2677759966901863,6377.446980245788,6803.327990070559,22.807320955200673,False,,2025-11-23-qwen3-failure-classifications
252422476788,252422476788-1,ground_truth,597,595,124,19,88,146.0,3.3181818181818183,9.0,44,393.0,828.0,16.65945945945946,118882.2891333607,2.3786743986233754,6604.571618520039,7136.023195870126,19.699897685195644,False,,2025-11-23-qwen3-failure-classifications
256935289958,256935289958-1,agent,407,272,81,247,165,132.0,10.153846153846153,30.0,13,138.0,243.0,10.557377049180328,18236.511627707037,0.5757904809990317,1013.1395348726132,1727.3714429970953,36.10812997818763,False,,2025-11-23-qwen3-failure-classifications
256935289958,256935289958-1,bypass,410,275,80,244,168,129.0,9.923076923076923,30.0,13,143.0,258.0,10.771653543307087,19897.9025912434,0.6157489349629415,1105.4390328468555,1847.2468048888243,36.35051268665117,False,,2025-11-23-qwen3-failure-classifications
256935289958,256935289958-1,a_only,410,275,80,244,168,129.0,9.923076923076923,30.0,13,143.0,258.0,10.771653543307087,19897.9025912434,0.6157489349629415,1105.4390328468555,1847.2468048888243,36.35051268665117,False,,2025-11-23-qwen3-failure-classifications
256935289958,256935289958-1,b_only,303,206,70,230,143,97.0,8.818181818181818,19.0,11,108.0,179.0,8.861702127659575,10714.904370054132,0.4030416209624203,595.2724650030073,1209.1248628872609,42.02557206763574,False,,2025-11-23-qwen3-failure-classifications
256935289958,256935289958-1,ground_truth,411,276,80,244,168,129.0,9.923076923076923,30.0,13,143.0,258.0,10.771653543307087,19897.9025912434,0.6157489349629415,1105.4390328468555,1847.2468048888243,36.333617360905784,False,,2025-11-23-qwen3-failure-classifications
257165184357,257165184357-1,agent,0,0,0,0,0,0.0,0.0,0.0,0,0.0,0.0,0.0,0.0,0.0,0.0,0.0,0.0,False,,2025-11-23-qwen3-failure-classifications
257165184357,257165184357-1,bypass,362,242,42,58,108,59.0,3.4705882352941178,8.0,17,79.0,130.0,7.611940298507463,6237.920352300625,0.2731638324210078,346.55113068336806,819.4914972630233,47.59277758177869,False,,2025-11-23-qwen3-failure-classifications
257165184357,257165184357-1,a_only,362,242,42,58,108,59.0,3.4705882352941178,8.0,17,79.0,130.0,7.611940298507463,6237.920352300625,0.2731638324210078,346.55113068336806,819.4914972630233,47.59277758177869,False,,2025-11-23-qwen3-failure-classifications
257165184357,257165184357-1,b_only,362,242,42,58,108,59.0,3.4705882352941178,8.0,17,79.0,130.0,7.611940298507463,6237.920352300625,0.2731638324210078,346.55113068336806,819.4914972630233,47.59277758177869,False,,2025-11-23-qwen3-failure-classifications
257165184357,257165184357-1,ground_truth,362,242,42,58,108,59.0,3.4705882352941178,8.0,17,79.0,130.0,7.611940298507463,6237.920352300625,0.2731638324210078,346.55113068336806,819.4914972630233,47.59277758177869,False,,2025-11-23-qwen3-failure-classifications
259932261229,259932261229-1,agent,377,311,37,30,86,130.0,6.842105263157895,26.0,19,111.0,200.0,7.15,9716.014688880652,0.4529610577566737,539.778593826703,1358.8831732700212,32.918178585654466,False,,2025-11-23-qwen3-failure-classifications
259932261229,259932261229-1,bypass,377,307,37,30,87,128.0,6.7368421052631575,26.0,19,111.0,199.0,7.095,9593.069733779046,0.45069625246789036,532.9483185432804,1352.088757403671,33.190562728270514,False,,2025-11-23-qwen3-failure-classifications
259932261229,259932261229-1,a_only,377,307,37,30,87,128.0,6.7368421052631575,26.0,19,111.0,199.0,7.095,9593.069733779046,0.45069625246789036,532.9483185432804,1352.088757403671,33.190562728270514,False,,2025-11-23-qwen3-failure-classifications
259932261229,259932261229-1,b_only,374,310,37,30,90,127.0,6.684210526315789,26.0,19,108.0,196.0,6.479591836734694,8578.707127747606,0.4413193168080133,476.59484043042255,1323.9579504240398,33.36238479205046,False,,2025-11-23-qwen3-failure-classifications
259932261229,259932261229-1,ground_truth,381,311,37,30,89,128.0,6.7368421052631575,26.0,19,111.0,199.0,7.095,9593.069733779046,0.45069625246789036,532.9483185432804,1352.088757403671,32.981365924754066,False,,2025-11-23-qwen3-failure-classifications
260077154096,260077154096-1,agent,53,42,15,0,9,6.0,2.0,3.0,3,5.0,6.0,0.5,6.965784284662087,0.004643856189774725,0.3869880158145604,13.931568569324174,81.99728468849574,False,,2025-11-23-qwen3-failure-classifications
260077154096,260077154096-1,bypass,55,42,15,0,9,6.0,2.0,3.0,3,5.0,6.0,0.5,6.965784284662087,0.004643856189774725,0.3869880158145604,13.931568569324174,81.72491176055082,False,,2025-11-23-qwen3-failure-classifications
260077154096,260077154096-1,a_only,55,42,15,0,9,6.0,2.0,3.0,3,5.0,6.0,0.5,6.965784284662087,0.004643856189774725,0.3869880158145604,13.931568569324174,81.72491176055082,False,,2025-11-23-qwen3-failure-classifications
260077154096,260077154096-1,b_only,51,42,15,0,9,6.0,2.0,3.0,3,5.0,6.0,0.5,6.965784284662087,0.004643856189774725,0.3869880158145604,13.931568569324174,82.27389828586021,False,,2025-11-23-qwen3-failure-classifications
260077154096,260077154096-1,ground_truth,51,42,15,0,9,6.0,2.0,3.0,3,5.0,6.0,0.5,6.965784284662087,0.004643856189774725,0.3869880158145604,13.931568569324174,82.27389828586021,False,,2025-11-23-qwen3-failure-classifications
260555716717,260555716717-1,agent,468,378,18,37,100,118.0,4.72,14.0,25,74.0,111.0,4.303030303030303,2965.860725728591,0.22974977452827117,164.77004031825507,689.2493235848135,27.49944838442384,False,,2025-11-23-qwen3-failure-classifications
260555716717,260555716717-1,bypass,461,373,22,36,96,117.0,4.68,14.0,25,74.0,111.0,4.303030303030303,2965.860725728591,0.22974977452827117,164.77004031825507,689.2493235848135,28.43482377079075,False,,2025-11-23-qwen3-failure-classifications
260555716717,260555716717-1,a_only,461,373,22,36,96,117.0,4.68,14.0,25,74.0,111.0,4.303030303030303,2965.860725728591,0.22974977452827117,164.77004031825507,689.2493235848135,28.43482377079075,False,,2025-11-23-qwen3-failure-classifications
260555716717,260555716717-1,b_only,423,332,17,38,95,109.0,4.541666666666667,12.0,24,72.0,110.0,4.375,2969.2764069441128,0.22623058338621813,164.95980038578404,678.6917501586544,30.789523148492794,False,,2025-11-23-qwen3-failure-classifications
260555716717,260555716717-1,ground_truth,471,379,22,36,97,118.0,4.72,14.0,25,74.0,111.0,4.303030303030303,2965.860725728591,0.22974977452827117,164.77004031825507,689.2493235848135,27.84388702363571,False,,2025-11-23-qwen3-failure-classifications
261277312749,261277312749-1,agent,30,31,5,12,10,0.0,0.0,0.0,0,0.0,0.0,0.0,0.0,0.0,0.0,0.0,0.0,False,,2025-11-23-qwen3-failure-classifications
261277312749,261277312749-1,bypass,28,29,5,12,9,0.0,0.0,0.0,0,0.0,0.0,0.0,0.0,0.0,0.0,0.0,0.0,False,,2025-11-23-qwen3-failure-classifications
261277312749,261277312749-1,a_only,28,29,5,12,9,0.0,0.0,0.0,0,0.0,0.0,0.0,0.0,0.0,0.0,0.0,0.0,False,,2025-11-23-qwen3-failure-classifications
261277312749,261277312749-1,b_only,30,31,5,12,11,0.0,0.0,0.0,0,0.0,0.0,0.0,0.0,0.0,0.0,0.0,0.0,False,,2025-11-23-qwen3-failure-classifications
261277312749,261277312749-1,ground_truth,30,31,5,12,11,0.0,0.0,0.0,0,0.0,0.0,0.0,0.0,0.0,0.0,0.0,0.0,False,,2025-11-23-qwen3-failure-classifications
264841662615,264841662615-1,agent,1,2,10,3,5,0.0,0.0,0.0,0,0.0,0.0,0.0,0.0,0.0,0.0,0.0,100.0,False,,2025-11-23-qwen3-failure-classifications
264841662615,264841662615-1,bypass,1,2,10,3,5,0.0,0.0,0.0,0,0.0,0.0,0.0,0.0,0.0,0.0,0.0,100.0,False,,2025-11-23-qwen3-failure-classifications
264841662615,264841662615-1,a_only,1,2,10,3,5,0.0,0.0,0.0,0,0.0,0.0,0.0,0.0,0.0,0.0,0.0,100.0,False,,2025-11-23-qwen3-failure-classifications
264841662615,264841662615-1,b_only,1,2,10,3,5,0.0,0.0,0.0,0,0.0,0.0,0.0,0.0,0.0,0.0,0.0,100.0,False,,2025-11-23-qwen3-failure-classifications
264841662615,264841662615-1,ground_truth,1,2,10,3,5,0.0,0.0,0.0,0,0.0,0.0,0.0,0.0,0.0,0.0,0.0,100.0,False,,2025-11-23-qwen3-failure-classifications
271644581749,271644581749-1,agent,77,53,9,11,25,14.0,1.75,3.0,8,5.0,5.0,1.0,11.60964047443681,0.0038698801581456034,0.6449800263576005,11.60964047443681,78.49829899640034,False,,2025-11-23-qwen3-failure-classifications
271644581749,271644581749-1,bypass,77,53,9,11,25,14.0,1.75,3.0,8,5.0,5.0,1.0,11.60964047443681,0.0038698801581456034,0.6449800263576005,11.60964047443681,78.49829899640034,False,,2025-11-23-qwen3-failure-classifications
271644581749,271644581749-1,a_only,77,53,9,11,25,14.0,1.75,3.0,8,5.0,5.0,1.0,11.60964047443681,0.0038698801581456034,0.6449800263576005,11.60964047443681,78.49829899640034,False,,2025-11-23-qwen3-failure-classifications
271644581749,271644581749-1,b_only,56,40,9,11,21,10.0,1.6666666666666667,3.0,6,5.0,5.0,1.0,11.60964047443681,0.0038698801581456034,0.6449800263576005,11.60964047443681,83.89017150100219,False,,2025-11-23-qwen3-failure-classifications
271644581749,271644581749-1,ground_truth,65,45,9,11,22,12.0,1.7142857142857142,3.0,7,5.0,5.0,1.0,11.60964047443681,0.0038698801581456034,0.6449800263576005,11.60964047443681,81.5485943528337,False,,2025-11-23-qwen3-failure-classifications
281665466056,281665466056-1,agent,267,183,44,0,51,45.0,7.5,21.0,6,89.0,184.0,9.35064935064935,11141.625518628938,0.39717831709927237,618.9791954793855,1191.534951297817,45.523668299188685,False,,2025-11-23-qwen3-failure-classifications
281665466056,281665466056-1,bypass,266,180,46,0,53,46.0,7.666666666666667,21.0,6,85.0,184.0,8.0,9434.623457994698,0.39310931074977906,524.1457476663721,1179.3279322493372,45.972415192523705,False,,2025-11-23-qwen3-failure-classifications
281665466056,281665466056-1,a_only,266,180,46,0,53,46.0,7.666666666666667,21.0,6,85.0,184.0,8.0,9434.623457994698,0.39310931074977906,524.1457476663721,1179.3279322493372,45.972415192523705,False,,2025-11-23-qwen3-failure-classifications
281665466056,281665466056-1,b_only,202,141,7,0,45,34.0,5.666666666666667,11.0,6,75.0,128.0,6.384615384615385,5090.382289832942,0.2657629307944909,282.7990161018301,797.2887923834727,39.9002241841769,False,,2025-11-23-qwen3-failure-classifications
281665466056,281665466056-1,ground_truth,267,181,46,0,54,45.0,7.5,21.0,6,89.0,184.0,9.35064935064935,11141.625518628938,0.39717831709927237,618.9791954793855,1191.534951297817,45.992336679643536,False,,2025-11-23-qwen3-failure-classifications
283345365426,283345365426-1,agent,153,128,0,44,43,34.0,2.125,10.0,16,31.0,56.0,4.44,1231.811370614593,0.09247833112722167,68.43396503414405,277.43499338166504,60.44171695469079,False,,2025-11-23-qwen3-failure-classifications
283345365426,283345365426-1,bypass,92,87,0,44,29,23.0,2.5555555555555554,10.0,9,21.0,45.0,2.5,494.1357100626106,0.0658847613416814,27.451983892367256,197.65428402504423,68.56039274474877,False,,2025-11-23-qwen3-failure-classifications
283345365426,283345365426-1,a_only,92,87,0,44,29,23.0,2.5555555555555554,10.0,9,21.0,45.0,2.5,494.1357100626106,0.0658847613416814,27.451983892367256,197.65428402504423,68.56039274474877,False,,2025-11-23-qwen3-failure-classifications
283345365426,283345365426-1,b_only,129,104,2,44,42,24.0,1.6,3.0,15,19.0,23.0,2.0,195.40466561840492,0.03256744426973415,10.85581475657805,97.70233280920246,68.21681172346452,False,,2025-11-23-qwen3-failure-classifications
283345365426,283345365426-1,ground_truth,129,104,2,44,42,24.0,1.6,3.0,15,19.0,23.0,2.0,195.40466561840492,0.03256744426973415,10.85581475657805,97.70233280920246,68.21681172346452,False,,2025-11-23-qwen3-failure-classifications
283771574796,283771574796-1,agent,78,29,9,6,15,7.0,2.3333333333333335,5.0,3,14.0,20.0,3.611111111111111,274.97563325971583,0.025382366147050694,15.276424069984213,76.14709844115208,77.1778788283609,False,,2025-11-23-qwen3-failure-classifications
283771574796,283771574796-1,bypass,77,28,9,6,14,8.0,2.6666666666666665,5.0,3,14.0,20.0,3.611111111111111,274.97563325971583,0.025382366147050694,15.276424069984213,76.14709844115208,77.48114777155104,False,,2025-11-23-qwen3-failure-classifications
283771574796,283771574796-1,a_only,77,28,9,6,14,8.0,2.6666666666666665,5.0,3,14.0,20.0,3.611111111111111,274.97563325971583,0.025382366147050694,15.276424069984213,76.14709844115208,77.48114777155104,False,,2025-11-23-qwen3-failure-classifications
283771574796,283771574796-1,b_only,78,29,9,6,15,7.0,2.3333333333333335,5.0,3,14.0,20.0,3.611111111111111,274.97563325971583,0.025382366147050694,15.276424069984213,76.14709844115208,77.1778788283609,False,,2025-11-23-qwen3-failure-classifications
283771574796,283771574796-1,ground_truth,78,29,9,6,15,7.0,2.3333333333333335,5.0,3,14.0,20.0,3.611111111111111,274.97563325971583,0.025382366147050694,15.276424069984213,76.14709844115208,77.1778788283609,False,,2025-11-23-qwen3-failure-classifications
287055261251,287055261251-1,agent,679,554,148,151,164,212.0,6.235294117647059,44.0,34,258.0,471.0,11.55,43581.47683086528,1.257762679101451,2421.1931572702933,3773.2880373043527,19.579570168773685,False,,2025-11-23-qwen3-failure-classifications
287055261251,287055261251-1,bypass,676,549,122,151,173,210.0,5.526315789473684,22.0,38,255.0,448.0,11.08860759493671,39713.51920997956,1.1938234465709228,2206.306622776642,3581.4703397127682,20.251486242700707,False,,2025-11-23-qwen3-failure-classifications
287055261251,287055261251-1,a_only,676,549,122,151,173,210.0,5.526315789473684,22.0,38,255.0,448.0,11.08860759493671,39713.51920997956,1.1938234465709228,2206.306622776642,3581.4703397127682,20.251486242700707,False,,2025-11-23-qwen3-failure-classifications
287055261251,287055261251-1,b_only,647,515,144,151,161,201.0,6.483870967741935,44.0,31,241.0,452.0,12.623873873873874,45150.87526523685,1.192208659991981,2508.381959179825,3576.6259799759428,21.90786736963596,False,,2025-11-23-qwen3-failure-classifications
287055261251,287055261251-1,ground_truth,676,549,122,151,172,210.0,5.526315789473684,22.0,38,255.0,448.0,11.08860759493671,39713.51920997956,1.1938234465709228,2206.306622776642,3581.4703397127682,20.251486242700707,False,,2025-11-23-qwen3-failure-classifications
290925640723,290925640723-1,agent,312,246,8,49,64,0.0,0.0,0.0,0,0.0,0.0,0.0,0.0,0.0,0.0,0.0,0.0,False,,2025-11-23-qwen3-failure-classifications
290925640723,290925640723-1,bypass,229,188,7,49,62,56.0,2.9473684210526314,17.0,19,40.0,59.0,4.03030303030303,1265.489992744883,0.10466458586611814,70.30499959693795,313.9937575983544,51.16956108419608,False,,2025-11-23-qwen3-failure-classifications
290925640723,290925640723-1,a_only,229,188,7,49,62,56.0,2.9473684210526314,17.0,19,40.0,59.0,4.03030303030303,1265.489992744883,0.10466458586611814,70.30499959693795,313.9937575983544,51.16956108419608,False,,2025-11-23-qwen3-failure-classifications
290925640723,290925640723-1,b_only,286,219,7,19,73,76.0,2.6206896551724137,17.0,29,49.0,83.0,5.2682926829268295,2455.1345874462795,0.15534030568718743,136.39636596923776,466.0209170615623,38.89004487995824,False,,2025-11-23-qwen3-failure-classifications
290925640723,290925640723-1,ground_truth,286,231,7,58,75,76.0,2.6206896551724137,17.0,29,49.0,83.0,5.2682926829268295,2455.1345874462795,0.15534030568718743,136.39636596923776,466.0209170615623,45.692606625665434,False,,2025-11-23-qwen3-failure-classifications
291724734374,291724734374-1,agent,673,299,54,12,75,118.0,10.727272727272727,29.0,11,163.0,370.0,14.205479452054794,38625.11651365647,0.9063431390218329,2145.839806314248,2719.029417065499,25.091316631329434,False,,2025-11-23-qwen3-failure-classifications
291724734374,291724734374-1,bypass,634,283,49,12,74,112.0,10.181818181818182,29.0,11,150.0,315.0,13.229323308270677,30124.199571933557,0.7590259625020674,1673.5666428851976,2277.0778875062024,26.814862465335,False,,2025-11-23-qwen3-failure-classifications
291724734374,291724734374-1,a_only,634,283,49,12,74,112.0,10.181818181818182,29.0,11,150.0,315.0,13.229323308270677,30124.199571933557,0.7590259625020674,1673.5666428851976,2277.0778875062024,26.814862465335,False,,2025-11-23-qwen3-failure-classifications
291724734374,291724734374-1,b_only,668,298,54,12,75,117.0,10.636363636363637,29.0,11,161.0,366.0,14.225694444444445,38169.18236307856,0.8943718591299833,2120.510131282142,2683.11557738995,25.354409204018207,False,,2025-11-23-qwen3-failure-classifications
291724734374,291724734374-1,ground_truth,674,299,55,12,75,118.0,10.727272727272727,29.0,11,163.0,370.0,14.205479452054794,38625.11651365647,0.9063431390218329,2145.839806314248,2719.029417065499,25.193934213492952,False,,2025-11-23-qwen3-failure-classifications
294960502166,294960502166-1,agent,664,216,14,0,67,117.0,11.7,32.0,10,146.0,259.0,4.956521739130435,9229.859127195277,0.6207215202499748,512.7699515108487,1862.1645607499245,25.160772527604422,False,,2025-11-23-qwen3-failure-classifications
294960502166,294960502166-1,bypass,637,212,14,0,66,114.0,11.4,32.0,10,144.0,253.0,4.911764705882353,8909.897095174681,0.6046636751216351,494.9942830652601,1813.9910253649052,25.862614393597067,False,,2025-11-23-qwen3-failure-classifications
294960502166,294960502166-1,a_only,637,212,14,0,66,114.0,11.4,32.0,10,144.0,253.0,4.911764705882353,8909.897095174681,0.6046636751216351,494.9942830652601,1813.9910253649052,25.862614393597067,False,,2025-11-23-qwen3-failure-classifications
294960502166,294960502166-1,b_only,467,159,9,0,52,82.0,10.25,32.0,8,119.0,202.0,4.792792792792793,6675.177442487611,0.46425106272940153,370.84319124931176,1392.7531881882046,30.863088955360976,False,,2025-11-23-qwen3-failure-classifications
294960502166,294960502166-1,ground_truth,660,216,14,0,68,117.0,11.7,32.0,10,146.0,259.0,4.956521739130435,9229.859127195277,0.6207215202499748,512.7699515108487,1862.1645607499245,25.18619201899823,False,,2025-11-23-qwen3-failure-classifications
296110151635,296110151635-1,agent,135,86,4,3,36,33.0,4.125,8.0,8,41.0,62.0,2.9166666666666665,968.8239875017701,0.11072274142877374,53.82355486120945,332.1682242863212,49.93931529570716,False,,2025-11-23-qwen3-failure-classifications
296110151635,296110151635-1,bypass,120,78,4,3,30,29.0,4.833333333333333,8.0,6,38.0,59.0,2.3529411764705883,728.5358195133448,0.10320924109772384,40.47421219518582,309.6277232931715,52.08690571529992,False,,2025-11-23-qwen3-failure-classifications
296110151635,296110151635-1,a_only,120,78,4,3,30,29.0,4.833333333333333,8.0,6,38.0,59.0,2.3529411764705883,728.5358195133448,0.10320924109772384,40.47421219518582,309.6277232931715,52.08690571529992,False,,2025-11-23-qwen3-failure-classifications
296110151635,296110151635-1,b_only,97,67,4,0,32,25.0,3.5714285714285716,8.0,7,32.0,45.0,2.7777777777777777,625.0,0.075,34.72222222222222,225.0,53.0840207779103,False,,2025-11-23-qwen3-failure-classifications
296110151635,296110151635-1,ground_truth,129,85,4,3,37,33.0,4.125,8.0,8,41.0,62.0,2.9166666666666665,968.8239875017701,0.11072274142877374,53.82355486120945,332.1682242863212,50.33187176944973,False,,2025-11-23-qwen3-failure-classifications
301718436761,301718436761-1,agent,558,227,29,0,76,76.0,3.8,6.0,20,84.0,163.0,11.521739130434783,12005.050046822978,0.3473159133043126,666.9472248234988,1041.9477399129378,34.18829746503253,False,,2025-11-23-qwen3-failure-classifications
301718436761,301718436761-1,bypass,611,269,36,4,94,87.0,3.625,6.0,24,92.0,196.0,12.37012987012987,15816.672488003685,0.42620604779572485,878.7040271113159,1278.6181433871745,32.363344080788295,False,,2025-11-23-qwen3-failure-classifications
301718436761,301718436761-1,a_only,611,269,36,4,94,87.0,3.625,6.0,24,92.0,196.0,12.37012987012987,15816.672488003685,0.42620604779572485,878.7040271113159,1278.6181433871745,32.363344080788295,False,,2025-11-23-qwen3-failure-classifications
301718436761,301718436761-1,b_only,552,223,29,0,76,75.0,3.75,6.0,20,81.0,159.0,11.704545454545455,11798.604942868353,0.3360120501528851,655.4780523815751,1008.0361504586554,34.92747075149189,False,,2025-11-23-qwen3-failure-classifications
301718436761,301718436761-1,ground_truth,554,224,29,0,77,76.0,3.8,6.0,20,83.0,157.0,11.25,11259.913395616508,0.33362706357382244,625.550744200917,1000.8811907214673,34.749923619641,False,,2025-11-23-qwen3-failure-classifications
305882271106,305882271106-1,agent,1260,640,139,18,176,218.0,4.541666666666667,22.0,48,258.0,496.0,12.9581589958159,51490.135237584625,1.324522906229978,2860.5630687547014,3973.568718689934,10.787272364598012,False,,2025-11-23-qwen3-failure-classifications
305882271106,305882271106-1,bypass,1242,640,138,18,176,218.0,4.541666666666667,22.0,48,258.0,496.0,12.9581589958159,51490.135237584625,1.324522906229978,2860.5630687547014,3973.568718689934,10.850973365203362,False,,2025-11-23-qwen3-failure-classifications
305882271106,305882271106-1,a_only,1242,640,138,18,176,218.0,4.541666666666667,22.0,48,258.0,496.0,12.9581589958159,51490.135237584625,1.324522906229978,2860.5630687547014,3973.568718689934,10.850973365203362,False,,2025-11-23-qwen3-failure-classifications
305882271106,305882271106-1,b_only,1123,630,137,18,174,216.0,4.595744680851064,22.0,47,256.0,493.0,12.987341772151899,51222.075949367085,1.3146666666666667,2845.670886075949,3944.0,11.914298874726395,False,,2025-11-23-qwen3-failure-classifications
305882271106,305882271106-1,ground_truth,1171,640,139,18,176,218.0,4.541666666666667,22.0,48,258.0,496.0,12.9581589958159,51490.135237584625,1.324522906229978,2860.5630687547014,3973.568718689934,11.373706661921796,False,,2025-11-23-qwen3-failure-classifications
306886657625,306886657625-1,agent,689,480,31,20,150,56.0,2.9473684210526314,11.0,19,111.0,217.0,10.103092783505154,14895.881217917666,0.491462747665991,827.5489565509814,1474.388242997973,28.89660282586974,False,,2025-11-23-qwen3-failure-classifications
306886657625,306886657625-1,bypass,665,482,86,48,171,65.0,2.8260869565217392,13.0,23,95.0,193.0,9.036144578313253,11457.66987115548,0.42266071080262435,636.5372150641933,1267.982132407873,36.864039611334036,False,,2025-11-23-qwen3-failure-classifications
306886657625,306886657625-1,a_only,665,482,86,48,171,65.0,2.8260869565217392,13.0,23,95.0,193.0,9.036144578313253,11457.66987115548,0.42266071080262435,636.5372150641933,1267.982132407873,36.864039611334036,False,,2025-11-23-qwen3-failure-classifications
306886657625,306886657625-1,b_only,737,538,86,51,179,61.0,2.9047619047619047,11.0,21,115.0,235.0,10.603960396039604,17058.486767048864,0.5362300539906427,947.6937092804924,1608.6901619719283,34.30625259336647,False,,2025-11-23-qwen3-failure-classifications
306886657625,306886657625-1,ground_truth,712,527,95,51,177,61.0,2.9047619047619047,11.0,21,114.0,226.0,10.22,15782.06272351659,0.5147443810670772,876.7812624175883,1544.2331432012318,35.4264657859921,False,,2025-11-23-qwen3-failure-classifications
31104414942,31104414942-1,agent,1114,763,154,14,148,152.0,3.5348837209302326,14.0,43,253.0,446.0,11.297872340425531,40225.11566639478,1.1868050447712208,2234.728648133043,3560.4151343136623,10.861318995816442,False,,2025-11-23-qwen3-failure-classifications
31104414942,31104414942-1,bypass,1112,761,154,14,147,151.0,3.511627906976744,14.0,43,249.0,440.0,11.337662337662337,39709.038209688195,1.167466950036652,2206.057678316011,3502.4008501099556,11.08530332649508,False,,2025-11-23-qwen3-failure-classifications
31104414942,31104414942-1,a_only,1112,761,154,14,147,151.0,3.511627906976744,14.0,43,249.0,440.0,11.337662337662337,39709.038209688195,1.167466950036652,2206.057678316011,3502.4008501099556,11.08530332649508,False,,2025-11-23-qwen3-failure-classifications
31104414942,31104414942-1,b_only,1113,762,154,14,147,152.0,3.5348837209302326,14.0,43,252.0,446.0,11.346153846153847,40368.10459749554,1.1859556152936543,2242.6724776386413,3557.866845880963,10.883246300151976,False,,2025-11-23-qwen3-failure-classifications
31104414942,31104414942-1,ground_truth,1114,762,154,14,147,152.0,3.5348837209302326,14.0,43,252.0,446.0,11.346153846153847,40368.10459749554,1.1859556152936543,2242.6724776386413,3557.866845880963,10.875920763226896,False,,2025-11-23-qwen3-failure-classifications
311713717407,311713717407-1,agent,233,168,34,151,130,52.0,4.0,11.0,13,57.0,81.0,7.829545454545454,3699.179077278637,0.15748803038244805,205.50994873770208,472.4640911473441,55.48778430752686,False,,2025-11-23-qwen3-failure-classifications
311713717407,311713717407-1,bypass,240,174,34,151,131,54.0,3.857142857142857,11.0,14,58.0,84.0,7.944444444444445,3909.2259840817997,0.164023467863572,217.17922133787775,492.070403590716,55.102611879324186,False,,2025-11-23-qwen3-failure-classifications
311713717407,311713717407-1,a_only,240,174,34,151,131,54.0,3.857142857142857,11.0,14,58.0,84.0,7.944444444444445,3909.2259840817997,0.164023467863572,217.17922133787775,492.070403590716,55.102611879324186,False,,2025-11-23-qwen3-failure-classifications
311713717407,311713717407-1,b_only,222,161,34,151,127,52.0,4.0,11.0,13,57.0,81.0,7.829545454545454,3699.179077278637,0.15748803038244805,205.50994873770208,472.4640911473441,55.502867507346906,False,,2025-11-23-qwen3-failure-classifications
311713717407,311713717407-1,ground_truth,0,0,0,0,0,0.0,0.0,0.0,0,0.0,0.0,0.0,0.0,0.0,0.0,0.0,0.0,False,,2025-11-23-qwen3-failure-classifications
313524151518,313524151518-1,agent,193,187,1,27,50,47.0,1.2702702702702702,5.0,37,32.0,37.0,4.166666666666667,770.8333333333334,0.06166666666666667,42.824074074074076,185.0,49.4040573276873,False,,2025-11-23-qwen3-failure-classifications
313524151518,313524151518-1,bypass,179,175,2,23,48,44.0,1.2941176470588236,6.0,34,32.0,37.0,4.166666666666667,770.8333333333334,0.06166666666666667,42.824074074074076,185.0,50.12747742511012,False,,2025-11-23-qwen3-failure-classifications
313524151518,313524151518-1,a_only,179,175,2,23,48,44.0,1.2941176470588236,6.0,34,32.0,37.0,4.166666666666667,770.8333333333334,0.06166666666666667,42.824074074074076,185.0,50.12747742511012,False,,2025-11-23-qwen3-failure-classifications
313524151518,313524151518-1,b_only,144,144,1,23,40,38.0,1.2666666666666666,5.0,30,24.0,25.0,3.5,401.1842188131012,0.03820802083934297,22.2880121562834,114.62406251802892,55.67927534068305,False,,2025-11-23-qwen3-failure-classifications
313524151518,313524151518-1,ground_truth,194,189,1,26,52,48.0,1.263157894736842,5.0,38,32.0,37.0,4.166666666666667,770.8333333333334,0.06166666666666667,42.824074074074076,185.0,48.8319498165437,False,,2025-11-23-qwen3-failure-classifications
314720251225,314720251225-1,agent,75,54,0,0,13,8.0,2.6666666666666665,4.0,3,3.0,4.0,0.5,3.1699250014423126,0.002113283334294875,0.17610694452457293,6.339850002884625,55.786439694271245,False,,2025-11-23-qwen3-failure-classifications
314720251225,314720251225-1,bypass,69,51,0,0,13,8.0,2.6666666666666665,4.0,3,3.0,4.0,0.5,3.1699250014423126,0.002113283334294875,0.17610694452457293,6.339850002884625,56.32794045696549,False,,2025-11-23-qwen3-failure-classifications
314720251225,314720251225-1,a_only,69,51,0,0,13,8.0,2.6666666666666665,4.0,3,3.0,4.0,0.5,3.1699250014423126,0.002113283334294875,0.17610694452457293,6.339850002884625,56.32794045696549,False,,2025-11-23-qwen3-failure-classifications
314720251225,314720251225-1,b_only,69,50,0,0,13,8.0,2.6666666666666665,4.0,3,3.0,4.0,0.5,3.1699250014423126,0.002113283334294875,0.17610694452457293,6.339850002884625,56.51554429450826,False,,2025-11-23-qwen3-failure-classifications
314720251225,314720251225-1,ground_truth,77,54,0,0,13,8.0,2.6666666666666665,4.0,3,3.0,4.0,0.5,3.1699250014423126,0.002113283334294875,0.17610694452457293,6.339850002884625,55.786439694271245,False,,2025-11-23-qwen3-failure-classifications
319760109779,319760109779-1,agent,18,19,0,3,7,6.0,2.0,3.0,3,0.0,0.0,0.0,0.0,0.0,0.0,0.0,100.0,False,,2025-11-23-qwen3-failure-classifications
319760109779,319760109779-1,bypass,18,19,0,3,7,6.0,2.0,3.0,3,0.0,0.0,0.0,0.0,0.0,0.0,0.0,100.0,False,,2025-11-23-qwen3-failure-classifications
319760109779,319760109779-1,a_only,18,19,0,3,7,6.0,2.0,3.0,3,0.0,0.0,0.0,0.0,0.0,0.0,0.0,100.0,False,,2025-11-23-qwen3-failure-classifications
319760109779,319760109779-1,b_only,18,19,0,3,7,6.0,2.0,3.0,3,0.0,0.0,0.0,0.0,0.0,0.0,0.0,100.0,False,,2025-11-23-qwen3-failure-classifications
319760109779,319760109779-1,ground_truth,18,19,0,3,7,6.0,2.0,3.0,3,0.0,0.0,0.0,0.0,0.0,0.0,0.0,100.0,False,,2025-11-23-qwen3-failure-classifications
319938361487,319938361487-1,agent,232,160,4,0,39,0.0,0.0,0.0,0,0.0,0.0,0.0,0.0,0.0,0.0,0.0,0.0,False,,2025-11-23-qwen3-failure-classifications
319938361487,319938361487-1,bypass,231,160,4,0,39,47.0,11.75,37.0,4,38.0,60.0,4.933333333333334,1553.3865439793012,0.1049585502688717,86.2992524432945,314.8756508066151,36.24902460751022,False,,2025-11-23-qwen3-failure-classifications
319938361487,319938361487-1,a_only,231,160,4,0,39,47.0,11.75,37.0,4,38.0,60.0,4.933333333333334,1553.3865439793012,0.1049585502688717,86.2992524432945,314.8756508066151,36.24902460751022,False,,2025-11-23-qwen3-failure-classifications
319938361487,319938361487-1,b_only,228,160,4,0,39,47.0,11.75,37.0,4,38.0,60.0,4.933333333333334,1553.3865439793012,0.1049585502688717,86.2992524432945,314.8756508066151,36.29936097789553,False,,2025-11-23-qwen3-failure-classifications
319938361487,319938361487-1,ground_truth,232,160,4,0,39,47.0,11.75,37.0,4,38.0,60.0,4.933333333333334,1553.3865439793012,0.1049585502688717,86.2992524432945,314.8756508066151,36.23245766513128,False,,2025-11-23-qwen3-failure-classifications
322278514313,322278514313-1,agent,247,211,14,50,59,0.0,0.0,0.0,0,0.0,0.0,0.0,0.0,0.0,0.0,0.0,0.0,False,,2025-11-23-qwen3-failure-classifications
322278514313,322278514313-1,bypass,240,189,12,49,51,63.0,1.6578947368421053,11.0,38,34.0,54.0,5.384615384615385,1479.2776569174066,0.09157433114250613,82.18209205096703,274.72299342751836,51.01687228534399,False,,2025-11-23-qwen3-failure-classifications
322278514313,322278514313-1,a_only,240,189,12,49,51,63.0,1.6578947368421053,11.0,38,34.0,54.0,5.384615384615385,1479.2776569174066,0.09157433114250613,82.18209205096703,274.72299342751836,51.01687228534399,False,,2025-11-23-qwen3-failure-classifications
322278514313,322278514313-1,b_only,200,169,13,50,52,58.0,1.6571428571428573,11.0,35,20.0,31.0,3.3333333333333335,446.59923647169416,0.04465992364716941,24.8110686928719,133.97977094150824,56.89271486659446,False,,2025-11-23-qwen3-failure-classifications
322278514313,322278514313-1,ground_truth,232,203,14,50,55,66.0,1.6097560975609757,11.0,41,34.0,48.0,5.58,1362.6260474004912,0.08139940546000544,75.70144707780507,244.19821638001633,51.31505594884744,False,,2025-11-23-qwen3-failure-classifications
325089916934,325089916934-1,agent,235,68,0,0,42,0.0,0.0,0.0,0,0.0,0.0,0.0,0.0,0.0,0.0,0.0,0.0,False,,2025-11-23-qwen3-failure-classifications
325089916934,325089916934-1,bypass,0,0,0,0,0,0.0,0.0,0.0,0,0.0,0.0,0.0,0.0,0.0,0.0,0.0,0.0,True,No code found for bypass,2025-11-23-qwen3-failure-classifications
325089916934,325089916934-1,a_only,0,0,0,0,0,0.0,0.0,0.0,0,0.0,0.0,0.0,0.0,0.0,0.0,0.0,0.0,True,No code found for a_only,2025-11-23-qwen3-failure-classifications
325089916934,325089916934-1,b_only,233,66,0,0,42,14.0,1.75,3.0,8,5.0,5.0,1.0,11.60964047443681,0.0038698801581456034,0.6449800263576005,11.60964047443681,51.642132673560795,False,,2025-11-23-qwen3-failure-classifications
325089916934,325089916934-1,ground_truth,235,66,0,0,42,14.0,1.75,3.0,8,5.0,5.0,1.0,11.60964047443681,0.0038698801581456034,0.6449800263576005,11.60964047443681,51.642132673560795,False,,2025-11-23-qwen3-failure-classifications
325759721270,325759721270-1,agent,307,331,45,0,78,0.0,0.0,0.0,0,0.0,0.0,0.0,0.0,0.0,0.0,0.0,0.0,False,,2025-11-23-qwen3-failure-classifications
325759721270,325759721270-1,bypass,286,307,45,0,69,111.0,2.3617021276595747,7.0,47,84.0,119.0,4.105263157894737,3122.815279906971,0.2535619244368908,173.48973777260952,760.6857733106724,34.21042886710215,False,,2025-11-23-qwen3-failure-classifications
325759721270,325759721270-1,a_only,286,307,45,0,69,111.0,2.3617021276595747,7.0,47,84.0,119.0,4.105263157894737,3122.815279906971,0.2535619244368908,173.48973777260952,760.6857733106724,34.21042886710215,False,,2025-11-23-qwen3-failure-classifications
325759721270,325759721270-1,b_only,293,316,45,0,72,113.0,2.306122448979592,7.0,49,84.0,119.0,4.105263157894737,3122.815279906971,0.2535619244368908,173.48973777260952,760.6857733106724,33.470013783116194,False,,2025-11-23-qwen3-failure-classifications
325759721270,325759721270-1,ground_truth,305,329,45,0,77,119.0,2.3333333333333335,7.0,51,92.0,131.0,4.095238095238095,3499.7356665208717,0.2848622054144896,194.42975925115954,854.5866162434687,31.599760860030223,False,,2025-11-23-qwen3-failure-classifications
327055077106,327055077106-1,agent,494,474,45,80,129,163.0,4.075,24.0,40,143.0,228.0,9.916666666666666,16188.469092455938,0.5441502215951576,899.35939402533,1632.4506647854728,26.361580525822387,False,,2025-11-23-qwen3-failure-classifications
327055077106,327055077106-1,bypass,494,474,51,80,132,163.0,4.075,24.0,40,143.0,228.0,9.916666666666666,16188.469092455938,0.5441502215951576,899.35939402533,1632.4506647854728,26.718318531460266,False,,2025-11-23-qwen3-failure-classifications
327055077106,327055077106-1,a_only,494,474,51,80,132,163.0,4.075,24.0,40,143.0,228.0,9.916666666666666,16188.469092455938,0.5441502215951576,899.35939402533,1632.4506647854728,26.718318531460266,False,,2025-11-23-qwen3-failure-classifications
327055077106,327055077106-1,b_only,297,298,42,80,86,110.0,4.4,17.0,25,90.0,138.0,8.8,7883.706400182758,0.29862524243116506,437.98368889904214,895.8757272934952,41.498452044322406,False,,2025-11-23-qwen3-failure-classifications
327055077106,327055077106-1,ground_truth,493,473,45,80,130,163.0,4.075,24.0,40,143.0,228.0,9.916666666666666,16188.469092455938,0.5441502215951576,899.35939402533,1632.4506647854728,26.39715176229561,False,,2025-11-23-qwen3-failure-classifications
328365962760,328365962760-1,agent,276,115,10,0,14,30.0,30.0,30.0,1,33.0,53.0,5.6,1497.1761746255888,0.08911762944199934,83.17645414586605,267.35288832599804,44.98530667062717,False,,2025-11-23-qwen3-failure-classifications
328365962760,328365962760-1,bypass,267,114,10,0,12,28.0,28.0,28.0,1,33.0,53.0,5.6,1497.1761746255888,0.08911762944199934,83.17645414586605,267.35288832599804,45.514765682449095,False,,2025-11-23-qwen3-failure-classifications
328365962760,328365962760-1,a_only,267,114,10,0,12,28.0,28.0,28.0,1,33.0,53.0,5.6,1497.1761746255888,0.08911762944199934,83.17645414586605,267.35288832599804,45.514765682449095,False,,2025-11-23-qwen3-failure-classifications
328365962760,328365962760-1,b_only,206,90,7,0,14,24.0,24.0,24.0,1,28.0,38.0,5.0,913.3974351909446,0.06089316234606298,50.74430195505248,182.67948703818894,48.93568494660387,False,,2025-11-23-qwen3-failure-classifications
328365962760,328365962760-1,ground_truth,277,115,11,0,13,30.0,30.0,30.0,1,33.0,53.0,5.6,1497.1761746255888,0.08911762944199934,83.17645414586605,267.35288832599804,45.48285311814909,False,,2025-11-23-qwen3-failure-classifications
329674785520,329674785520-1,agent,106,23,31,0,14,2.0,2.0,2.0,1,10.0,12.0,1.0,39.863137138648355,0.013287712379549451,2.2146187299249087,39.863137138648355,84.74140541464897,False,,2025-11-23-qwen3-failure-classifications
329674785520,329674785520-1,bypass,106,23,31,0,14,2.0,2.0,2.0,1,10.0,12.0,1.0,39.863137138648355,0.013287712379549451,2.2146187299249087,39.863137138648355,84.74140541464897,False,,2025-11-23-qwen3-failure-classifications
329674785520,329674785520-1,a_only,106,23,31,0,14,2.0,2.0,2.0,1,10.0,12.0,1.0,39.863137138648355,0.013287712379549451,2.2146187299249087,39.863137138648355,84.74140541464897,False,,2025-11-23-qwen3-failure-classifications
329674785520,329674785520-1,b_only,106,23,31,0,14,2.0,2.0,2.0,1,10.0,12.0,1.0,39.863137138648355,0.013287712379549451,2.2146187299249087,39.863137138648355,84.74140541464897,False,,2025-11-23-qwen3-failure-classifications
329674785520,329674785520-1,ground_truth,106,23,31,0,14,2.0,2.0,2.0,1,10.0,12.0,1.0,39.863137138648355,0.013287712379549451,2.2146187299249087,39.863137138648355,84.74140541464897,False,,2025-11-23-qwen3-failure-classifications
33643660825,33643660825-1,agent,649,447,77,112,122,0.0,0.0,0.0,0,0.0,0.0,0.0,0.0,0.0,0.0,0.0,0.0,False,,2025-11-23-qwen3-failure-classifications
33643660825,33643660825-1,bypass,638,435,77,105,120,166.0,6.64,23.0,25,177.0,316.0,11.15625,26326.109916123845,0.7865877846087423,1462.5616620068804,2359.763353826227,23.45378083013657,False,,2025-11-23-qwen3-failure-classifications
33643660825,33643660825-1,a_only,638,435,77,105,120,166.0,6.64,23.0,25,177.0,316.0,11.15625,26326.109916123845,0.7865877846087423,1462.5616620068804,2359.763353826227,23.45378083013657,False,,2025-11-23-qwen3-failure-classifications
33643660825,33643660825-1,b_only,623,428,73,107,117,167.0,6.423076923076923,23.0,26,176.0,314.0,11.119496855345911,26044.769697797063,0.7807538427507038,1446.9316498776145,2342.2615282521115,23.58752645973977,False,,2025-11-23-qwen3-failure-classifications
33643660825,33643660825-1,ground_truth,647,444,77,109,118,171.0,6.576923076923077,23.0,26,183.0,326.0,11.060240963855422,27098.897098838428,0.8167060490935328,1505.4942832688016,2450.1181472805984,22.528861421167413,False,,2025-11-23-qwen3-failure-classifications
336659335134,336659335134-1,agent,692,517,4,0,154,0.0,0.0,0.0,0,0.0,0.0,0.0,0.0,0.0,0.0,0.0,0.0,False,,2025-11-23-qwen3-failure-classifications
336659335134,336659335134-1,bypass,718,537,42,48,189,219.0,4.866666666666666,42.0,45,229.0,430.0,10.023364485981308,33787.334644631854,1.1236192096272288,1877.074146923992,3370.857628881686,7.079183539812836,False,,2025-11-23-qwen3-failure-classifications
336659335134,336659335134-1,a_only,718,537,42,48,189,219.0,4.866666666666666,42.0,45,229.0,430.0,10.023364485981308,33787.334644631854,1.1236192096272288,1877.074146923992,3370.857628881686,7.079183539812836,False,,2025-11-23-qwen3-failure-classifications
336659335134,336659335134-1,b_only,763,556,120,48,190,232.0,5.155555555555556,42.0,45,245.0,466.0,10.108695652173912,37386.740760923196,1.232824426525066,2077.041153384622,3698.4732795751984,9.16439874582243,False,,2025-11-23-qwen3-failure-classifications
336659335134,336659335134-1,ground_truth,718,535,42,48,191,220.0,4.888888888888889,42.0,45,231.0,436.0,10.069444444444445,34471.35933321688,1.1411208606858003,1915.075518512049,3423.3625820574007,6.933029286165478,False,,2025-11-23-qwen3-failure-classifications
343616822280,343616822280-1,agent,284,72,21,0,24,8.0,4.0,7.0,2,27.0,34.0,4.631578947368421,748.7696529722684,0.053888725024519316,41.598314054014914,161.66617507355795,58.560590891316416,False,,2025-11-23-qwen3-failure-classifications
343616822280,343616822280-1,bypass,282,74,21,0,25,8.0,4.0,7.0,2,27.0,34.0,4.631578947368421,748.7696529722684,0.053888725024519316,41.598314054014914,161.66617507355795,58.35029480531352,False,,2025-11-23-qwen3-failure-classifications
343616822280,343616822280-1,a_only,282,74,21,0,25,8.0,4.0,7.0,2,27.0,34.0,4.631578947368421,748.7696529722684,0.053888725024519316,41.598314054014914,161.66617507355795,58.35029480531352,False,,2025-11-23-qwen3-failure-classifications
343616822280,343616822280-1,b_only,267,64,17,0,22,4.0,2.0,3.0,2,18.0,25.0,3.076923076923077,320.7634616494086,0.03474937501201927,17.820192313856033,104.2481250360578,60.53235865807476,False,,2025-11-23-qwen3-failure-classifications
343616822280,343616822280-1,ground_truth,284,72,21,0,25,8.0,4.0,7.0,2,27.0,34.0,4.631578947368421,748.7696529722684,0.053888725024519316,41.598314054014914,161.66617507355795,58.560590891316416,False,,2025-11-23-qwen3-failure-classifications
348340642168,348340642168-1,agent,596,361,51,36,113,125.0,5.0,18.0,25,92.0,153.0,8.145569620253164,8130.13359701989,0.3327016597589077,451.6740887233272,998.104979276723,28.950880179995192,False,,2025-11-23-qwen3-failure-classifications
348340642168,348340642168-1,bypass,598,363,42,17,109,126.0,5.04,18.0,25,93.0,158.0,8.2875,8562.538026235134,0.344395697385023,475.696557013063,1033.187092155069,25.569451857609764,False,,2025-11-23-qwen3-failure-classifications
348340642168,348340642168-1,a_only,598,363,42,17,109,126.0,5.04,18.0,25,93.0,158.0,8.2875,8562.538026235134,0.344395697385023,475.696557013063,1033.187092155069,25.569451857609764,False,,2025-11-23-qwen3-failure-classifications
348340642168,348340642168-1,b_only,586,351,53,36,115,126.0,5.04,18.0,25,98.0,167.0,8.258823529411766,9123.163457235323,0.36821884798908,506.8424142908513,1104.65654396724,29.097105967167877,False,,2025-11-23-qwen3-failure-classifications
348340642168,348340642168-1,ground_truth,598,363,54,36,115,126.0,5.04,18.0,25,93.0,158.0,8.2875,8562.538026235134,0.344395697385023,475.696557013063,1033.187092155069,28.907807575094566,False,,2025-11-23-qwen3-failure-classifications
349315126282,349315126282-1,agent,481,206,15,23,62,52.0,4.333333333333333,13.0,12,54.0,83.0,10.384615384615385,4960.270343210897,0.15921855422652265,275.5705746228276,477.6556626795679,40.25842234913754,False,,2025-11-23-qwen3-failure-classifications
349315126282,349315126282-1,bypass,415,190,14,23,57,50.0,5.0,13.0,10,54.0,83.0,10.384615384615385,4960.270343210897,0.15921855422652265,275.5705746228276,477.6556626795679,42.30349894925797,False,,2025-11-23-qwen3-failure-classifications
349315126282,349315126282-1,a_only,415,190,14,23,57,50.0,5.0,13.0,10,54.0,83.0,10.384615384615385,4960.270343210897,0.15921855422652265,275.5705746228276,477.6556626795679,42.30349894925797,False,,2025-11-23-qwen3-failure-classifications
349315126282,349315126282-1,b_only,240,92,7,0,34,14.0,3.5,6.0,4,28.0,36.0,4.8,830.7109305315539,0.057688259064691244,46.150607251752994,173.06477719407374,50.00860662459367,False,,2025-11-23-qwen3-failure-classifications
349315126282,349315126282-1,ground_truth,480,206,15,23,62,53.0,4.416666666666667,13.0,12,56.0,86.0,11.2,5593.644260925885,0.16647750776565134,310.7580144958825,499.432523296954,40.00315110328038,False,,2025-11-23-qwen3-failure-classifications
35316595041,35316595041-1,agent,453,364,11,0,74,89.0,4.045454545454546,19.0,22,68.0,101.0,7.071428571428571,4347.752924975868,0.20494458232209478,241.54182916532602,614.8337469662844,26.485651923392172,False,,2025-11-23-qwen3-failure-classifications
35316595041,35316595041-1,bypass,444,355,27,0,79,86.0,3.909090909090909,19.0,22,66.0,98.0,7.111111111111111,4212.271101846246,0.1974502078990428,234.01506121368033,592.3506236971284,32.12609390948992,False,,2025-11-23-qwen3-failure-classifications
35316595041,35316595041-1,a_only,444,355,27,0,79,86.0,3.909090909090909,19.0,22,66.0,98.0,7.111111111111111,4212.271101846246,0.1974502078990428,234.01506121368033,592.3506236971284,32.12609390948992,False,,2025-11-23-qwen3-failure-classifications
35316595041,35316595041-1,b_only,457,372,29,0,80,89.0,4.045454545454546,19.0,22,68.0,101.0,7.071428571428571,4347.752924975868,0.20494458232209478,241.54182916532602,614.8337469662844,31.580357600721893,False,,2025-11-23-qwen3-failure-classifications
35316595041,35316595041-1,ground_truth,453,364,30,0,81,89.0,4.045454545454546,19.0,22,68.0,101.0,7.071428571428571,4347.752924975868,0.20494458232209478,241.54182916532602,614.8337469662844,32.0708329421137,False,,2025-11-23-qwen3-failure-classifications
35906434848,35906434848-1,agent,40,39,1,0,16,16.0,1.6,4.0,10,11.0,15.0,4.166666666666667,216.21447616483113,0.01729715809318649,12.011915342490617,51.89147427955947,61.078615740582585,False,,2025-11-23-qwen3-failure-classifications
35906434848,35906434848-1,bypass,39,38,2,0,16,16.0,1.6,4.0,10,11.0,15.0,4.166666666666667,216.21447616483113,0.01729715809318649,12.011915342490617,51.89147427955947,65.1377984050066,False,,2025-11-23-qwen3-failure-classifications
35906434848,35906434848-1,a_only,39,38,2,0,16,16.0,1.6,4.0,10,11.0,15.0,4.166666666666667,216.21447616483113,0.01729715809318649,12.011915342490617,51.89147427955947,65.1377984050066,False,,2025-11-23-qwen3-failure-classifications
35906434848,35906434848-1,b_only,40,39,1,0,16,16.0,1.6,4.0,10,11.0,15.0,4.166666666666667,216.21447616483113,0.01729715809318649,12.011915342490617,51.89147427955947,61.078615740582585,False,,2025-11-23-qwen3-failure-classifications
35906434848,35906434848-1,ground_truth,40,39,1,0,16,16.0,1.6,4.0,10,11.0,15.0,4.166666666666667,216.21447616483113,0.01729715809318649,12.011915342490617,51.89147427955947,61.078615740582585,False,,2025-11-23-qwen3-failure-classifications
360406191090,360406191090-1,agent,199,202,5,4,33,77.0,3.5,15.0,22,75.0,143.0,4.130434782608695,3679.0653004515884,0.2969070242469703,204.3925166917549,890.7210727409109,33.99660994542904,False,,2025-11-23-qwen3-failure-classifications
360406191090,360406191090-1,bypass,199,202,5,4,32,77.0,3.5,15.0,22,75.0,143.0,4.130434782608695,3679.0653004515884,0.2969070242469703,204.3925166917549,890.7210727409109,33.99660994542904,False,,2025-11-23-qwen3-failure-classifications
360406191090,360406191090-1,a_only,199,202,5,4,32,77.0,3.5,15.0,22,75.0,143.0,4.130434782608695,3679.0653004515884,0.2969070242469703,204.3925166917549,890.7210727409109,33.99660994542904,False,,2025-11-23-qwen3-failure-classifications
360406191090,360406191090-1,b_only,198,201,4,4,31,77.0,3.5,15.0,22,75.0,143.0,4.130434782608695,3679.0653004515884,0.2969070242469703,204.3925166917549,890.7210727409109,33.401265672435365,False,,2025-11-23-qwen3-failure-classifications
360406191090,360406191090-1,ground_truth,199,202,5,4,32,77.0,3.5,15.0,22,75.0,143.0,4.130434782608695,3679.0653004515884,0.2969070242469703,204.3925166917549,890.7210727409109,33.99660994542904,False,,2025-11-23-qwen3-failure-classifications
361947815328,361947815328-1,agent,802,511,104,0,159,0.0,0.0,0.0,0,0.0,0.0,0.0,0.0,0.0,0.0,0.0,0.0,False,,2025-11-23-qwen3-failure-classifications
361947815328,361947815328-1,bypass,794,507,105,0,167,158.0,4.157894736842105,35.0,38,205.0,595.0,18.481283422459892,84446.35571237988,1.5230968864019137,4691.464206243327,4569.290659205741,19.77039427026871,False,,2025-11-23-qwen3-failure-classifications
361947815328,361947815328-1,a_only,794,507,105,0,167,158.0,4.157894736842105,35.0,38,205.0,595.0,18.481283422459892,84446.35571237988,1.5230968864019137,4691.464206243327,4569.290659205741,19.77039427026871,False,,2025-11-23-qwen3-failure-classifications
361947815328,361947815328-1,b_only,762,496,108,0,161,156.0,4.105263157894737,36.0,38,192.0,564.0,16.5,70585.66103171109,1.4259729501355776,3921.4256128728384,4277.918850406732,20.87252945694142,False,,2025-11-23-qwen3-failure-classifications
361947815328,361947815328-1,ground_truth,798,513,107,0,168,159.0,4.184210526315789,36.0,38,205.0,599.0,18.577540106951872,85456.8438799116,1.533336193201254,4747.602437772866,4600.008579603762,19.61538959465274,False,,2025-11-23-qwen3-failure-classifications
362431974993,362431974993-1,agent,961,694,239,16,227,228.0,5.428571428571429,31.0,42,248.0,467.0,10.448275862068966,38811.266624691496,1.2382032256502238,2156.1814791495276,3714.609676950671,9.985099445916097,False,,2025-11-23-qwen3-failure-classifications
362431974993,362431974993-1,bypass,961,694,239,16,227,228.0,5.428571428571429,31.0,42,248.0,467.0,10.448275862068966,38811.266624691496,1.2382032256502238,2156.1814791495276,3714.609676950671,9.985099445916097,False,,2025-11-23-qwen3-failure-classifications
362431974993,362431974993-1,a_only,961,694,239,16,227,228.0,5.428571428571429,31.0,42,248.0,467.0,10.448275862068966,38811.266624691496,1.2382032256502238,2156.1814791495276,3714.609676950671,9.985099445916097,False,,2025-11-23-qwen3-failure-classifications
362431974993,362431974993-1,b_only,961,694,239,16,227,228.0,5.428571428571429,31.0,42,248.0,467.0,10.448275862068966,38811.266624691496,1.2382032256502238,2156.1814791495276,3714.609676950671,9.985099445916097,False,,2025-11-23-qwen3-failure-classifications
362431974993,362431974993-1,ground_truth,961,694,239,16,227,228.0,5.428571428571429,31.0,42,248.0,467.0,10.448275862068966,38811.266624691496,1.2382032256502238,2156.1814791495276,3714.609676950671,9.985099445916097,False,,2025-11-23-qwen3-failure-classifications
366312584498,366312584498-1,agent,33,33,3,0,4,0.0,0.0,0.0,0,0.0,0.0,0.0,0.0,0.0,0.0,0.0,100.0,False,,2025-11-23-qwen3-failure-classifications
366312584498,366312584498-1,bypass,33,33,3,0,4,0.0,0.0,0.0,0,0.0,0.0,0.0,0.0,0.0,0.0,0.0,100.0,False,,2025-11-23-qwen3-failure-classifications
366312584498,366312584498-1,a_only,33,33,3,0,4,0.0,0.0,0.0,0,0.0,0.0,0.0,0.0,0.0,0.0,0.0,100.0,False,,2025-11-23-qwen3-failure-classifications
366312584498,366312584498-1,b_only,26,26,1,0,2,0.0,0.0,0.0,0,0.0,0.0,0.0,0.0,0.0,0.0,0.0,100.0,False,,2025-11-23-qwen3-failure-classifications
366312584498,366312584498-1,ground_truth,33,33,3,0,6,0.0,0.0,0.0,0,0.0,0.0,0.0,0.0,0.0,0.0,0.0,100.0,False,,2025-11-23-qwen3-failure-classifications
371824998441,371824998441-1,agent,548,475,61,25,134,159.0,2.2714285714285714,9.0,70,163.0,315.0,13.524305555555555,31306.730175798493,0.7716164561942632,1739.2627875443607,2314.84936858279,23.710960442995564,False,,2025-11-23-qwen3-failure-classifications
371824998441,371824998441-1,bypass,545,472,61,25,130,158.0,2.257142857142857,9.0,70,161.0,312.0,13.580985915492958,31063.056607229162,0.7624153553239202,1725.7253670682867,2287.246065971761,23.98687588688763,False,,2025-11-23-qwen3-failure-classifications
371824998441,371824998441-1,a_only,545,472,61,25,130,158.0,2.257142857142857,9.0,70,161.0,312.0,13.580985915492958,31063.056607229162,0.7624153553239202,1725.7253670682867,2287.246065971761,23.98687588688763,False,,2025-11-23-qwen3-failure-classifications
371824998441,371824998441-1,b_only,521,450,63,25,119,149.0,2.6140350877192984,9.0,57,168.0,330.0,13.708053691275168,33440.313764352046,0.8131549165056637,1857.7952091306693,2439.464749516991,25.20405568187677,False,,2025-11-23-qwen3-failure-classifications
371824998441,371824998441-1,ground_truth,545,472,61,25,130,158.0,2.257142857142857,9.0,70,161.0,312.0,13.580985915492958,31063.056607229162,0.7624153553239202,1725.7253670682867,2287.246065971761,23.98687588688763,False,,2025-11-23-qwen3-failure-classifications
373785372782,373785372782-1,agent,34,24,0,33,20,3.0,1.5,2.0,2,0.0,0.0,0.0,0.0,0.0,0.0,0.0,100.0,False,,2025-11-23-qwen3-failure-classifications
373785372782,373785372782-1,bypass,25,15,0,35,20,3.0,1.5,2.0,2,0.0,0.0,0.0,0.0,0.0,0.0,0.0,100.0,False,,2025-11-23-qwen3-failure-classifications
373785372782,373785372782-1,a_only,25,15,0,35,20,3.0,1.5,2.0,2,0.0,0.0,0.0,0.0,0.0,0.0,0.0,100.0,False,,2025-11-23-qwen3-failure-classifications
373785372782,373785372782-1,b_only,134,71,3,54,49,15.0,3.0,8.0,5,18.0,21.0,2.6923076923076925,235.76114431231534,0.029189475010096184,13.097841350684185,87.56842503028855,72.8068414729146,False,,2025-11-23-qwen3-failure-classifications
373785372782,373785372782-1,ground_truth,26,16,0,35,21,3.0,1.5,2.0,2,0.0,0.0,0.0,0.0,0.0,0.0,0.0,100.0,False,,2025-11-23-qwen3-failure-classifications
377849635108,377849635108-1,agent,96,51,13,0,28,15.0,3.0,7.0,5,23.0,29.0,2.0,262.36659345130676,0.04372776557521779,14.57592185840593,131.18329672565338,66.63909493027614,False,,2025-11-23-qwen3-failure-classifications
377849635108,377849635108-1,bypass,95,51,13,0,28,15.0,3.0,7.0,5,23.0,29.0,2.0,262.36659345130676,0.04372776557521779,14.57592185840593,131.18329672565338,66.72356355706395,False,,2025-11-23-qwen3-failure-classifications
377849635108,377849635108-1,a_only,95,51,13,0,28,15.0,3.0,7.0,5,23.0,29.0,2.0,262.36659345130676,0.04372776557521779,14.57592185840593,131.18329672565338,66.72356355706395,False,,2025-11-23-qwen3-failure-classifications
377849635108,377849635108-1,b_only,95,51,13,0,28,14.0,2.8,6.0,5,23.0,29.0,2.0,262.36659345130676,0.04372776557521779,14.57592185840593,131.18329672565338,66.85806648104055,False,,2025-11-23-qwen3-failure-classifications
377849635108,377849635108-1,ground_truth,96,51,13,0,28,15.0,3.0,7.0,5,23.0,29.0,2.0,262.36659345130676,0.04372776557521779,14.57592185840593,131.18329672565338,66.63909493027614,False,,2025-11-23-qwen3-failure-classifications
38024136375,38024136375-1,agent,625,498,40,195,125,152.0,3.3777777777777778,23.0,45,135.0,255.0,8.844262295081966,15960.249405332384,0.6015293257493207,886.6805225184658,1804.587977247962,27.463023387299035,False,,2025-11-23-qwen3-failure-classifications
38024136375,38024136375-1,bypass,623,497,39,195,124,151.0,3.3555555555555556,23.0,45,132.0,249.0,8.84873949579832,15521.168108516205,0.5846847119067516,862.2871171397892,1754.0541357202549,27.697115419726472,False,,2025-11-23-qwen3-failure-classifications
38024136375,38024136375-1,a_only,623,497,39,195,124,151.0,3.3555555555555556,23.0,45,132.0,249.0,8.84873949579832,15521.168108516205,0.5846847119067516,862.2871171397892,1754.0541357202549,27.697115419726472,False,,2025-11-23-qwen3-failure-classifications
38024136375,38024136375-1,b_only,620,494,40,195,125,150.0,3.3333333333333335,23.0,45,133.0,248.0,8.720833333333333,15258.92967542079,0.583236681334765,847.718315301155,1749.710044004295,27.946188630696653,False,,2025-11-23-qwen3-failure-classifications
38024136375,38024136375-1,ground_truth,623,497,40,195,124,152.0,3.3777777777777778,23.0,45,135.0,255.0,8.844262295081966,15960.249405332384,0.6015293257493207,886.6805225184658,1804.587977247962,27.499629198746106,False,,2025-11-23-qwen3-failure-classifications
383851257846,383851257846-1,agent,949,661,94,7,193,278.0,5.450980392156863,25.0,51,302.0,531.0,9.818181818181818,42950.548635528605,1.4581976388605389,2386.1415908627005,4374.592916581617,0.0,False,,2025-11-23-qwen3-failure-classifications
383851257846,383851257846-1,bypass,939,656,93,7,190,276.0,5.411764705882353,25.0,51,300.0,528.0,9.830985915492958,42713.827541832594,1.4482720895272752,2372.9904189906997,4344.816268581825,0.0,False,,2025-11-23-qwen3-failure-classifications
383851257846,383851257846-1,a_only,939,656,93,7,190,276.0,5.411764705882353,25.0,51,300.0,528.0,9.830985915492958,42713.827541832594,1.4482720895272752,2372.9904189906997,4344.816268581825,0.0,False,,2025-11-23-qwen3-failure-classifications
383851257846,383851257846-1,b_only,954,662,94,7,192,278.0,5.450980392156863,25.0,51,302.0,531.0,9.818181818181818,42950.548635528605,1.4581976388605389,2386.1415908627005,4374.592916581617,0.0,False,,2025-11-23-qwen3-failure-classifications
383851257846,383851257846-1,ground_truth,954,662,94,7,192,278.0,5.450980392156863,25.0,51,302.0,531.0,9.818181818181818,42950.548635528605,1.4581976388605389,2386.1415908627005,4374.592916581617,0.0,False,,2025-11-23-qwen3-failure-classifications
385293859278,385293859278-1,agent,74,18,1,0,9,0.0,0.0,0.0,0,0.0,0.0,0.0,0.0,0.0,0.0,0.0,0.0,False,,2025-11-23-qwen3-failure-classifications
385293859278,385293859278-1,bypass,68,14,1,0,8,3.0,1.0,1.0,3,0.0,0.0,0.0,0.0,0.0,0.0,0.0,100.0,False,,2025-11-23-qwen3-failure-classifications
385293859278,385293859278-1,a_only,68,14,1,0,8,3.0,1.0,1.0,3,0.0,0.0,0.0,0.0,0.0,0.0,0.0,100.0,False,,2025-11-23-qwen3-failure-classifications
385293859278,385293859278-1,b_only,71,16,1,0,9,3.0,1.0,1.0,3,0.0,0.0,0.0,0.0,0.0,0.0,0.0,100.0,False,,2025-11-23-qwen3-failure-classifications
385293859278,385293859278-1,ground_truth,72,16,1,0,9,3.0,1.0,1.0,3,0.0,0.0,0.0,0.0,0.0,0.0,0.0,100.0,False,,2025-11-23-qwen3-failure-classifications
387387732626,387387732626-1,agent,0,0,0,0,0,0.0,0.0,0.0,0,0.0,0.0,0.0,0.0,0.0,0.0,0.0,0.0,False,,2025-11-23-qwen3-failure-classifications
387387732626,387387732626-1,bypass,2997,1266,638,27,370,553.0,2.425438596491228,108.0,228,469.0,907.0,9.169230769230769,73795.92970447171,2.6827379366838153,4099.7738724706505,8048.213810051446,0.0,False,,2025-11-23-qwen3-failure-classifications
387387732626,387387732626-1,a_only,2997,1266,638,27,370,553.0,2.425438596491228,108.0,228,469.0,907.0,9.169230769230769,73795.92970447171,2.6827379366838153,4099.7738724706505,8048.213810051446,0.0,False,,2025-11-23-qwen3-failure-classifications
387387732626,387387732626-1,b_only,2855,1210,609,27,355,528.0,2.4331797235023043,108.0,217,447.0,872.0,9.263279445727482,71116.06980748869,2.559067416823951,3950.892767082705,7677.202250471853,0.0,False,,2025-11-23-qwen3-failure-classifications
387387732626,387387732626-1,ground_truth,2998,1266,627,27,371,553.0,2.425438596491228,108.0,228,469.0,907.0,9.169230769230769,73795.92970447171,2.6827379366838153,4099.7738724706505,8048.213810051446,0.0,False,,2025-11-23-qwen3-failure-classifications
407456856588,407456856588-1,agent,63,57,1,84,44,9.0,1.8,4.0,5,56.0,85.0,5.361702127659575,2646.671115541998,0.16454172279163215,147.03728419677768,493.6251683748964,61.76835277053493,False,,2025-11-23-qwen3-failure-classifications
407456856588,407456856588-1,bypass,64,58,2,84,49,9.0,1.8,4.0,5,56.0,85.0,5.361702127659575,2646.671115541998,0.16454172279163215,147.03728419677768,493.6251683748964,61.57454706254588,False,,2025-11-23-qwen3-failure-classifications
407456856588,407456856588-1,a_only,64,58,2,84,49,9.0,1.8,4.0,5,56.0,85.0,5.361702127659575,2646.671115541998,0.16454172279163215,147.03728419677768,493.6251683748964,61.57454706254588,False,,2025-11-23-qwen3-failure-classifications
407456856588,407456856588-1,b_only,23,25,1,40,24,2.0,1.0,1.0,2,30.0,42.0,3.5,721.3129175544523,0.06869646833851926,40.07293986413624,206.0894050155578,63.87946046390329,False,,2025-11-23-qwen3-failure-classifications
407456856588,407456856588-1,ground_truth,58,57,2,84,47,9.0,1.8,4.0,5,56.0,85.0,5.361702127659575,2646.671115541998,0.16454172279163215,147.03728419677768,493.6251683748964,58.983660654669116,False,,2025-11-23-qwen3-failure-classifications
415774755217,415774755217-1,agent,34,34,6,0,11,16.0,2.2857142857142856,7.0,7,11.0,11.0,2.0,76.10749561002055,0.012684582601670092,4.228194200556697,38.053747805010275,76.00059719805552,False,,2025-11-23-qwen3-failure-classifications
415774755217,415774755217-1,bypass,28,28,6,0,13,12.0,1.7142857142857142,4.0,7,6.0,6.0,1.0,15.509775004326936,0.005169925001442312,0.861654166907052,15.509775004326936,82.55489126286659,False,,2025-11-23-qwen3-failure-classifications
415774755217,415774755217-1,a_only,28,28,6,0,13,12.0,1.7142857142857142,4.0,7,6.0,6.0,1.0,15.509775004326936,0.005169925001442312,0.861654166907052,15.509775004326936,82.55489126286659,False,,2025-11-23-qwen3-failure-classifications
415774755217,415774755217-1,b_only,24,24,1,0,8,14.0,3.5,7.0,4,11.0,11.0,2.0,76.10749561002055,0.012684582601670092,4.228194200556697,38.053747805010275,69.34845557174837,False,,2025-11-23-qwen3-failure-classifications
415774755217,415774755217-1,ground_truth,34,34,6,0,13,16.0,2.2857142857142856,7.0,7,11.0,11.0,2.0,76.10749561002055,0.012684582601670092,4.228194200556697,38.053747805010275,76.00059719805552,False,,2025-11-23-qwen3-failure-classifications
41671245706,41671245706-1,agent,96,60,5,26,25,21.0,1.9090909090909092,5.0,11,24.0,42.0,3.6842105263157894,709.4626185326421,0.0641894750100962,39.41458991848012,192.56842503028858,70.74229227354327,False,,2025-11-23-qwen3-failure-classifications
41671245706,41671245706-1,bypass,96,60,5,26,25,21.0,1.9090909090909092,5.0,11,24.0,42.0,3.6842105263157894,709.4626185326421,0.0641894750100962,39.41458991848012,192.56842503028858,70.74229227354327,False,,2025-11-23-qwen3-failure-classifications
41671245706,41671245706-1,a_only,96,60,5,26,25,21.0,1.9090909090909092,5.0,11,24.0,42.0,3.6842105263157894,709.4626185326421,0.0641894750100962,39.41458991848012,192.56842503028858,70.74229227354327,False,,2025-11-23-qwen3-failure-classifications
41671245706,41671245706-1,b_only,94,60,5,26,25,21.0,1.9090909090909092,5.0,11,24.0,42.0,3.6842105263157894,709.4626185326421,0.0641894750100962,39.41458991848012,192.56842503028858,70.87982823719831,False,,2025-11-23-qwen3-failure-classifications
41671245706,41671245706-1,ground_truth,94,60,5,26,25,21.0,1.9090909090909092,5.0,11,24.0,42.0,3.6842105263157894,709.4626185326421,0.0641894750100962,39.41458991848012,192.56842503028858,70.87982823719831,False,,2025-11-23-qwen3-failure-classifications
41736855244,41736855244-1,agent,153,152,22,44,48,70.0,6.363636363636363,20.0,11,102.0,171.0,7.533333333333333,8595.41832552768,0.38032824449237523,477.5232403070934,1140.9847334771257,51.52620014094898,False,,2025-11-23-qwen3-failure-classifications
41736855244,41736855244-1,bypass,141,138,23,44,43,62.0,5.636363636363637,12.0,11,88.0,142.0,6.0256410256410255,5526.954695228888,0.3057464299488321,307.05303862382715,917.2392898464964,54.52686840178303,False,,2025-11-23-qwen3-failure-classifications
41736855244,41736855244-1,a_only,141,138,23,44,43,62.0,5.636363636363637,12.0,11,88.0,142.0,6.0256410256410255,5526.954695228888,0.3057464299488321,307.05303862382715,917.2392898464964,54.52686840178303,False,,2025-11-23-qwen3-failure-classifications
41736855244,41736855244-1,b_only,153,152,22,44,48,70.0,6.363636363636363,20.0,11,102.0,171.0,7.533333333333333,8595.41832552768,0.38032824449237523,477.5232403070934,1140.9847334771257,51.52620014094898,False,,2025-11-23-qwen3-failure-classifications
41736855244,41736855244-1,ground_truth,153,152,22,44,49,70.0,6.363636363636363,20.0,11,102.0,171.0,7.533333333333333,8595.41832552768,0.38032824449237523,477.5232403070934,1140.9847334771257,51.52620014094898,False,,2025-11-23-qwen3-failure-classifications
418296772343,418296772343-1,agent,822,322,177,18,113,28.0,1.75,4.0,16,38.0,64.0,6.517241379310345,2188.92866215909,0.11195578695346316,121.60714789772722,335.86736086038945,48.45396921794203,False,,2025-11-23-qwen3-failure-classifications
418296772343,418296772343-1,bypass,821,321,177,18,113,28.0,1.75,4.0,16,38.0,64.0,6.517241379310345,2188.92866215909,0.11195578695346316,121.60714789772722,335.86736086038945,48.49299902154757,False,,2025-11-23-qwen3-failure-classifications
418296772343,418296772343-1,a_only,821,321,177,18,113,28.0,1.75,4.0,16,38.0,64.0,6.517241379310345,2188.92866215909,0.11195578695346316,121.60714789772722,335.86736086038945,48.49299902154757,False,,2025-11-23-qwen3-failure-classifications
418296772343,418296772343-1,b_only,822,322,177,18,114,28.0,1.75,4.0,16,38.0,64.0,6.517241379310345,2188.92866215909,0.11195578695346316,121.60714789772722,335.86736086038945,48.45396921794203,False,,2025-11-23-qwen3-failure-classifications
418296772343,418296772343-1,ground_truth,823,322,177,18,114,28.0,1.75,4.0,16,38.0,64.0,6.517241379310345,2188.92866215909,0.11195578695346316,121.60714789772722,335.86736086038945,48.4444146899558,False,,2025-11-23-qwen3-failure-classifications
420939304922,420939304922-1,agent,3424,916,20,6,385,0.0,0.0,0.0,0,0.0,0.0,0.0,0.0,0.0,0.0,0.0,0.0,False,,2025-11-23-qwen3-failure-classifications
420939304922,420939304922-1,bypass,3447,917,20,6,384,240.0,1.4035087719298245,11.0,171,179.0,293.0,10.788819875776397,23657.271338488496,0.730919340912809,1314.2928521382498,2192.758022738427,6.862183692517633,False,,2025-11-23-qwen3-failure-classifications
420939304922,420939304922-1,a_only,3447,917,20,6,384,240.0,1.4035087719298245,11.0,171,179.0,293.0,10.788819875776397,23657.271338488496,0.730919340912809,1314.2928521382498,2192.758022738427,6.862183692517633,False,,2025-11-23-qwen3-failure-classifications
420939304922,420939304922-1,b_only,3456,922,20,6,386,240.0,1.4035087719298245,11.0,171,182.0,297.0,10.75609756097561,23984.107770470844,0.7432716693796709,1332.4504316928246,2229.8150081390127,6.752961240000864,False,,2025-11-23-qwen3-failure-classifications
420939304922,420939304922-1,ground_truth,3447,917,20,6,384,240.0,1.4035087719298245,11.0,171,179.0,293.0,10.788819875776397,23657.271338488496,0.730919340912809,1314.2928521382498,2192.758022738427,6.862183692517633,False,,2025-11-23-qwen3-failure-classifications
421221587258,421221587258-1,agent,801,567,63,231,164,171.0,3.5625,12.0,48,129.0,215.0,11.35135135135135,17111.184355803238,0.5024712866386666,950.6213531001799,1507.4138599159996,25.56996632551404,False,,2025-11-23-qwen3-failure-classifications
421221587258,421221587258-1,bypass,788,550,79,231,170,167.0,3.630434782608696,12.0,46,128.0,215.0,11.454545454545455,17239.090909090908,0.5016666666666667,957.7272727272726,1505.0,26.775673013018704,False,,2025-11-23-qwen3-failure-classifications
421221587258,421221587258-1,a_only,788,550,79,231,170,167.0,3.630434782608696,12.0,46,128.0,215.0,11.454545454545455,17239.090909090908,0.5016666666666667,957.7272727272726,1505.0,26.775673013018704,False,,2025-11-23-qwen3-failure-classifications
421221587258,421221587258-1,b_only,684,500,59,235,156,152.0,3.619047619047619,11.0,42,120.0,200.0,11.470588235294118,15845.219601690133,0.46045937304056794,880.2899778716741,1381.3781191217038,30.368551049325095,False,,2025-11-23-qwen3-failure-classifications
421221587258,421221587258-1,ground_truth,812,570,80,231,175,172.0,3.5833333333333335,12.0,48,130.0,218.0,11.410714285714286,17468.390733758748,0.5102920610800677,970.466151875486,1530.876183240203,25.573345806582257,False,,2025-11-23-qwen3-failure-classifications
422033800664,422033800664-1,agent,185,173,35,4,47,58.0,3.625,12.0,16,36.0,47.0,3.5,850.4526627372603,0.08099549168926289,47.24737015207002,242.98647506778866,51.154288578964554,False,,2025-11-23-qwen3-failure-classifications
422033800664,422033800664-1,bypass,192,170,35,4,46,58.0,3.625,12.0,16,33.0,44.0,3.0,665.8600237553159,0.07398444708392399,36.99222354196199,221.95334125177195,51.698075734423355,False,,2025-11-23-qwen3-failure-classifications
422033800664,422033800664-1,a_only,192,170,35,4,46,58.0,3.625,12.0,16,33.0,44.0,3.0,665.8600237553159,0.07398444708392399,36.99222354196199,221.95334125177195,51.698075734423355,False,,2025-11-23-qwen3-failure-classifications
422033800664,422033800664-1,b_only,179,168,36,4,47,55.0,3.4375,11.0,16,34.0,44.0,3.5,783.4692775525524,0.07461612167167166,43.5260709751418,223.84836501501496,52.41872213876748,False,,2025-11-23-qwen3-failure-classifications
422033800664,422033800664-1,ground_truth,185,173,36,4,47,58.0,3.625,12.0,16,36.0,47.0,3.5,850.4526627372603,0.08099549168926289,47.24737015207002,242.98647506778866,51.358277168198526,False,,2025-11-23-qwen3-failure-classifications
422834859112,422834859112-1,agent,2,2,3,0,0,0.0,0.0,0.0,0,0.0,0.0,0.0,0.0,0.0,0.0,0.0,100.0,False,,2025-11-23-qwen3-failure-classifications
422834859112,422834859112-1,bypass,2,2,3,0,0,0.0,0.0,0.0,0,0.0,0.0,0.0,0.0,0.0,0.0,0.0,100.0,False,,2025-11-23-qwen3-failure-classifications
422834859112,422834859112-1,a_only,2,2,3,0,0,0.0,0.0,0.0,0,0.0,0.0,0.0,0.0,0.0,0.0,0.0,100.0,False,,2025-11-23-qwen3-failure-classifications
422834859112,422834859112-1,b_only,2,2,3,0,0,0.0,0.0,0.0,0,0.0,0.0,0.0,0.0,0.0,0.0,0.0,100.0,False,,2025-11-23-qwen3-failure-classifications
422834859112,422834859112-1,ground_truth,2,2,3,0,0,0.0,0.0,0.0,0,0.0,0.0,0.0,0.0,0.0,0.0,0.0,100.0,False,,2025-11-23-qwen3-failure-classifications
423295065596,423295065596-1,agent,1110,854,109,79,235,0.0,0.0,0.0,0,0.0,0.0,0.0,0.0,0.0,0.0,0.0,0.0,False,,2025-11-23-qwen3-failure-classifications
423295065596,423295065596-1,bypass,1103,849,110,79,233,283.0,3.369047619047619,31.0,84,250.0,471.0,11.71551724137931,43955.266353319574,1.2506281326919477,2441.9592418510874,3751.884398075843,2.934544619007197,False,,2025-11-23-qwen3-failure-classifications
423295065596,423295065596-1,a_only,1103,849,110,79,233,283.0,3.369047619047619,31.0,84,250.0,471.0,11.71551724137931,43955.266353319574,1.2506281326919477,2441.9592418510874,3751.884398075843,2.934544619007197,False,,2025-11-23-qwen3-failure-classifications
423295065596,423295065596-1,b_only,1078,822,102,79,223,278.0,3.3493975903614457,31.0,83,244.0,467.0,11.9070796460177,44099.707167713575,1.2345514455472895,2449.983731539643,3703.654336641868,3.651376714943479,False,,2025-11-23-qwen3-failure-classifications
423295065596,423295065596-1,ground_truth,1110,854,110,79,234,286.0,3.4047619047619047,31.0,84,250.0,478.0,11.870689655172415,45199.370783364604,1.2692149626894924,2511.076154631367,3807.6448880684775,2.3786505780989553,False,,2025-11-23-qwen3-failure-classifications
426624007482,426624007482-1,agent,376,205,8,65,66,58.0,2.4166666666666665,8.0,24,113.0,214.0,8.198019801980198,11965.159908002694,0.4865060993189501,664.7311060001497,1459.5182979568503,45.98129773219026,False,,2025-11-23-qwen3-failure-classifications
426624007482,426624007482-1,bypass,383,207,33,98,78,58.0,2.4166666666666665,8.0,24,113.0,210.0,8.07920792079208,11571.345217816503,0.4774125273690632,642.8525121009168,1432.2375821071896,50.184007500744194,False,,2025-11-23-qwen3-failure-classifications
426624007482,426624007482-1,a_only,383,207,33,98,78,58.0,2.4166666666666665,8.0,24,113.0,210.0,8.07920792079208,11571.345217816503,0.4774125273690632,642.8525121009168,1432.2375821071896,50.184007500744194,False,,2025-11-23-qwen3-failure-classifications
426624007482,426624007482-1,b_only,319,145,24,48,48,46.0,2.875,8.0,16,78.0,150.0,7.0588235294117645,6655.131761148263,0.3142701109431124,369.7295422860146,942.8103328293373,52.34513052439059,False,,2025-11-23-qwen3-failure-classifications
426624007482,426624007482-1,ground_truth,385,207,34,98,77,58.0,2.4166666666666665,8.0,24,113.0,214.0,8.198019801980198,11965.159908002694,0.4865060993189501,664.7311060001497,1459.5182979568503,50.1415240030644,False,,2025-11-23-qwen3-failure-classifications
426971991110,426971991110-1,agent,0,0,0,0,0,0.0,0.0,0.0,0,0.0,0.0,0.0,0.0,0.0,0.0,0.0,0.0,False,,2025-11-23-qwen3-failure-classifications
426971991110,426971991110-1,bypass,3341,2320,58,5,407,1092.0,5.777777777777778,79.0,189,1037.0,2746.0,16.573673870333987,455941.3984311476,9.169992563673706,25330.077690619313,27509.97769102112,0.0,False,,2025-11-23-qwen3-failure-classifications
426971991110,426971991110-1,a_only,3341,2320,58,5,407,1092.0,5.777777777777778,79.0,189,1037.0,2746.0,16.573673870333987,455941.3984311476,9.169992563673706,25330.077690619313,27509.97769102112,0.0,False,,2025-11-23-qwen3-failure-classifications
426971991110,426971991110-1,b_only,3345,2424,58,5,419,1172.0,6.072538860103627,79.0,193,1057.0,2789.0,16.4373795761079,460536.3155050715,9.339207898532102,25585.35086139286,28017.623695596307,0.0,False,,2025-11-23-qwen3-failure-classifications
426971991110,426971991110-1,ground_truth,3386,2445,58,5,425,1186.0,5.959798994974874,79.0,199,1066.0,2807.0,16.404966571155683,463157.8574834033,9.410927588595003,25730.992082411292,28232.782765785007,0.0,False,,2025-11-23-qwen3-failure-classifications
435413083392,435413083392-1,agent,347,202,4,65,70,47.0,5.222222222222222,9.0,9,15.0,27.0,1.0769230769230769,113.60035731846308,0.03516201536047667,6.311130962136838,105.48604608143,53.49824604775634,False,,2025-11-23-qwen3-failure-classifications
435413083392,435413083392-1,bypass,333,198,1,65,68,47.0,5.222222222222222,9.0,9,15.0,27.0,1.0769230769230769,113.60035731846308,0.03516201536047667,6.311130962136838,105.48604608143,53.66110492317706,False,,2025-11-23-qwen3-failure-classifications
435413083392,435413083392-1,a_only,333,198,1,65,68,47.0,5.222222222222222,9.0,9,15.0,27.0,1.0769230769230769,113.60035731846308,0.03516201536047667,6.311130962136838,105.48604608143,53.66110492317706,False,,2025-11-23-qwen3-failure-classifications
435413083392,435413083392-1,b_only,346,201,4,65,70,47.0,5.222222222222222,9.0,9,15.0,27.0,1.0769230769230769,113.60035731846308,0.03516201536047667,6.311130962136838,105.48604608143,53.56875267735935,False,,2025-11-23-qwen3-failure-classifications
435413083392,435413083392-1,ground_truth,348,203,4,65,70,47.0,5.222222222222222,9.0,9,15.0,27.0,1.0769230769230769,113.60035731846308,0.03516201536047667,6.311130962136838,105.48604608143,53.428031649860245,False,,2025-11-23-qwen3-failure-classifications
435447084255,435447084255-1,agent,294,223,20,53,107,79.0,3.4347826086956523,18.0,23,159.0,317.0,12.570422535211268,29140.551097414624,0.7727279656083803,1618.9195054119236,2318.183896825141,40.76656179905253,False,,2025-11-23-qwen3-failure-classifications
435447084255,435447084255-1,bypass,334,247,23,53,113,85.0,3.6956521739130435,18.0,23,199.0,420.0,12.983516483516484,41643.101488487635,1.0691274468761107,2313.505638249313,3207.3823406283323,37.31871762731406,False,,2025-11-23-qwen3-failure-classifications
435447084255,435447084255-1,a_only,334,247,23,53,113,85.0,3.6956521739130435,18.0,23,199.0,420.0,12.983516483516484,41643.101488487635,1.0691274468761107,2313.505638249313,3207.3823406283323,37.31871762731406,False,,2025-11-23-qwen3-failure-classifications
435447084255,435447084255-1,b_only,322,247,24,53,113,85.0,3.6956521739130435,18.0,23,199.0,420.0,12.983516483516484,41643.101488487635,1.0691274468761107,2313.505638249313,3207.3823406283323,37.710787060395646,False,,2025-11-23-qwen3-failure-classifications
435447084255,435447084255-1,ground_truth,334,247,24,53,113,85.0,3.6956521739130435,18.0,23,199.0,420.0,12.983516483516484,41643.101488487635,1.0691274468761107,2313.505638249313,3207.3823406283323,37.4224409302283,False,,2025-11-23-qwen3-failure-classifications
440358227523,440358227523-1,agent,612,458,69,28,117,0.0,0.0,0.0,0,0.0,0.0,0.0,0.0,0.0,0.0,0.0,0.0,False,,2025-11-23-qwen3-failure-classifications
440358227523,440358227523-1,bypass,377,293,34,18,68,81.0,3.24,13.0,25,66.0,104.0,8.09433962264151,5088.239396779184,0.20953899613775973,282.67996648773243,628.6169884132792,36.58217478826829,False,,2025-11-23-qwen3-failure-classifications
440358227523,440358227523-1,a_only,377,293,34,18,68,81.0,3.24,13.0,25,66.0,104.0,8.09433962264151,5088.239396779184,0.20953899613775973,282.67996648773243,628.6169884132792,36.58217478826829,False,,2025-11-23-qwen3-failure-classifications
440358227523,440358227523-1,b_only,555,399,59,25,105,126.0,3.3157894736842106,16.0,38,104.0,180.0,8.944444444444445,10787.70794620716,0.40202638308846556,599.31710812262,1206.0791492653966,26.376873120809698,False,,2025-11-23-qwen3-failure-classifications
440358227523,440358227523-1,ground_truth,442,334,44,18,80,97.0,3.730769230769231,16.0,26,81.0,139.0,8.507352941176471,7497.012478043486,0.2937463834669876,416.5006932246381,881.2391504009629,32.29823146584935,False,,2025-11-23-qwen3-failure-classifications
442687046824,442687046824-1,agent,186,172,32,24,46,38.0,7.6,23.0,5,87.0,146.0,10.0,9406.697503939144,0.31355658346463816,522.5943057743968,940.6697503939145,52.641066449143075,False,,2025-11-23-qwen3-failure-classifications
442687046824,442687046824-1,bypass,182,170,28,24,49,38.0,7.6,23.0,5,87.0,146.0,10.0,9406.697503939144,0.31355658346463816,522.5943057743968,940.6697503939145,52.37931040286025,False,,2025-11-23-qwen3-failure-classifications
442687046824,442687046824-1,a_only,182,170,28,24,49,38.0,7.6,23.0,5,87.0,146.0,10.0,9406.697503939144,0.31355658346463816,522.5943057743968,940.6697503939145,52.37931040286025,False,,2025-11-23-qwen3-failure-classifications
442687046824,442687046824-1,b_only,158,146,11,24,39,30.0,6.0,16.0,5,80.0,129.0,9.015151515151516,7352.115013986052,0.27184290808015654,408.45083411033625,815.5287242404696,53.24413020658044,False,,2025-11-23-qwen3-failure-classifications
442687046824,442687046824-1,ground_truth,188,174,30,24,50,38.0,7.6,23.0,5,87.0,146.0,10.0,9406.697503939144,0.31355658346463816,522.5943057743968,940.6697503939145,52.19730413458501,False,,2025-11-23-qwen3-failure-classifications
44880586067,44880586067-1,agent,1289,1157,73,0,214,297.0,3.5783132530120483,41.0,83,437.0,959.0,16.804819277108432,141359.7602176506,2.803952800417025,7853.320012091699,8411.858401251075,0.0,False,,2025-11-23-qwen3-failure-classifications
44880586067,44880586067-1,bypass,1269,1136,69,0,208,291.0,3.6375,41.0,80,431.0,950.0,16.889975550122248,140422.69692464086,2.771322285378214,7801.2609402578255,8313.966856134643,0.0,False,,2025-11-23-qwen3-failure-classifications
44880586067,44880586067-1,a_only,1269,1136,69,0,208,291.0,3.6375,41.0,80,431.0,950.0,16.889975550122248,140422.69692464086,2.771322285378214,7801.2609402578255,8313.966856134643,0.0,False,,2025-11-23-qwen3-failure-classifications
44880586067,44880586067-1,b_only,1268,1132,73,0,209,291.0,3.548780487804878,41.0,82,424.0,919.0,15.841191066997519,127061.54243968986,2.6736529659145267,7058.97457998277,8020.95889774358,0.0,False,,2025-11-23-qwen3-failure-classifications
44880586067,44880586067-1,ground_truth,1289,1157,73,0,214,0.0,0.0,0.0,0,0.0,0.0,0.0,0.0,0.0,0.0,0.0,0.0,False,,2025-11-23-qwen3-failure-classifications
449657747662,449657747662-1,agent,158,90,2,0,30,0.0,0.0,0.0,0,0.0,0.0,0.0,0.0,0.0,0.0,0.0,0.0,False,,2025-11-23-qwen3-failure-classifications
449657747662,449657747662-1,bypass,156,88,2,0,30,21.0,3.5,6.0,6,20.0,25.0,2.0,216.09640474436813,0.03601606745739469,12.005355819131562,108.04820237218406,47.98903593005821,False,,2025-11-23-qwen3-failure-classifications
449657747662,449657747662-1,a_only,156,88,2,0,30,21.0,3.5,6.0,6,20.0,25.0,2.0,216.09640474436813,0.03601606745739469,12.005355819131562,108.04820237218406,47.98903593005821,False,,2025-11-23-qwen3-failure-classifications
449657747662,449657747662-1,b_only,51,45,0,0,16,9.0,3.0,4.0,3,10.0,12.0,1.0,39.863137138648355,0.013287712379549451,2.2146187299249087,39.863137138648355,51.78813870439134,False,,2025-11-23-qwen3-failure-classifications
449657747662,449657747662-1,ground_truth,156,88,2,0,30,21.0,3.5,6.0,6,20.0,25.0,2.0,216.09640474436813,0.03601606745739469,12.005355819131562,108.04820237218406,47.98903593005821,False,,2025-11-23-qwen3-failure-classifications
45020413971,45020413971-1,agent,89,21,19,0,10,0.0,0.0,0.0,0,3.0,3.0,0.5,2.3774437510817346,0.0015849625007211565,0.1320802083934297,4.754887502163469,89.92139021108676,False,,2025-11-23-qwen3-failure-classifications
45020413971,45020413971-1,bypass,89,21,19,0,10,0.0,0.0,0.0,0,3.0,3.0,0.5,2.3774437510817346,0.0015849625007211565,0.1320802083934297,4.754887502163469,89.92139021108676,False,,2025-11-23-qwen3-failure-classifications
45020413971,45020413971-1,a_only,89,21,19,0,10,0.0,0.0,0.0,0,3.0,3.0,0.5,2.3774437510817346,0.0015849625007211565,0.1320802083934297,4.754887502163469,89.92139021108676,False,,2025-11-23-qwen3-failure-classifications
45020413971,45020413971-1,b_only,89,21,19,0,10,0.0,0.0,0.0,0,3.0,3.0,0.5,2.3774437510817346,0.0015849625007211565,0.1320802083934297,4.754887502163469,89.92139021108676,False,,2025-11-23-qwen3-failure-classifications
45020413971,45020413971-1,ground_truth,89,21,19,0,10,0.0,0.0,0.0,0,3.0,3.0,0.5,2.3774437510817346,0.0015849625007211565,0.1320802083934297,4.754887502163469,89.92139021108676,False,,2025-11-23-qwen3-failure-classifications
45553492800,45553492800-1,agent,0,0,0,0,0,0.0,0.0,0.0,0,0.0,0.0,0.0,0.0,0.0,0.0,0.0,0.0,False,,2025-11-23-qwen3-failure-classifications
45553492800,45553492800-1,bypass,1785,1133,79,0,373,225.0,3.629032258064516,33.0,62,197.0,329.0,8.224043715846994,20623.064743960258,0.8358850162003826,1145.7258191089031,2507.655048601148,0.13011590179682309,False,,2025-11-23-qwen3-failure-classifications
45553492800,45553492800-1,a_only,1785,1133,79,0,373,225.0,3.629032258064516,33.0,62,197.0,329.0,8.224043715846994,20623.064743960258,0.8358850162003826,1145.7258191089031,2507.655048601148,0.13011590179682309,False,,2025-11-23-qwen3-failure-classifications
45553492800,45553492800-1,b_only,1785,1133,79,0,373,225.0,3.629032258064516,33.0,62,197.0,329.0,8.224043715846994,20623.064743960258,0.8358850162003826,1145.7258191089031,2507.655048601148,0.13011590179682309,False,,2025-11-23-qwen3-failure-classifications
45553492800,45553492800-1,ground_truth,1785,1133,79,0,373,225.0,3.629032258064516,33.0,62,197.0,329.0,8.224043715846994,20623.064743960258,0.8358850162003826,1145.7258191089031,2507.655048601148,0.13011590179682309,False,,2025-11-23-qwen3-failure-classifications
459620958343,459620958343-1,agent,174,150,9,0,249,67.0,2.576923076923077,9.0,26,51.0,71.0,6.325,2547.3444104458495,0.13424739975999206,141.5191339136583,402.7421992799762,40.5711450057148,False,,2025-11-23-qwen3-failure-classifications
459620958343,459620958343-1,bypass,136,124,8,0,27,55.0,3.0555555555555554,14.0,18,40.0,64.0,9.0,3065.430582655121,0.11353446602426373,170.3016990363956,340.6033980727912,45.172466982654676,False,,2025-11-23-qwen3-failure-classifications
459620958343,459620958343-1,a_only,136,124,8,0,27,55.0,3.0555555555555554,14.0,18,40.0,64.0,9.0,3065.430582655121,0.11353446602426373,170.3016990363956,340.6033980727912,45.172466982654676,False,,2025-11-23-qwen3-failure-classifications
459620958343,459620958343-1,b_only,173,149,9,0,34,67.0,2.576923076923077,9.0,26,51.0,71.0,6.325,2547.3444104458495,0.13424739975999206,141.5191339136583,402.7421992799762,40.669934635728175,False,,2025-11-23-qwen3-failure-classifications
459620958343,459620958343-1,ground_truth,174,150,9,0,34,67.0,2.576923076923077,9.0,26,51.0,71.0,6.325,2547.3444104458495,0.13424739975999206,141.5191339136583,402.7421992799762,40.5711450057148,False,,2025-11-23-qwen3-failure-classifications
465076645771,465076645771-1,agent,298,188,20,43,51,51.0,3.4,13.0,15,35.0,51.0,3.413793103448276,893.0258604329357,0.08719781128806443,49.61254780182976,261.5934338641933,51.51009051919796,False,,2025-11-23-qwen3-failure-classifications
465076645771,465076645771-1,bypass,292,182,20,32,46,51.0,3.4,13.0,15,35.0,51.0,3.413793103448276,893.0258604329357,0.08719781128806443,49.61254780182976,261.5934338641933,50.418785448725565,False,,2025-11-23-qwen3-failure-classifications
465076645771,465076645771-1,a_only,292,182,20,32,46,51.0,3.4,13.0,15,35.0,51.0,3.413793103448276,893.0258604329357,0.08719781128806443,49.61254780182976,261.5934338641933,50.418785448725565,False,,2025-11-23-qwen3-failure-classifications
465076645771,465076645771-1,b_only,214,129,9,14,36,42.0,3.230769230769231,8.0,13,34.0,44.0,4.461538461538462,998.7080900669898,0.07461612167167166,55.483782781499436,223.84836501501496,51.30206431003438,False,,2025-11-23-qwen3-failure-classifications
465076645771,465076645771-1,ground_truth,297,185,20,32,46,51.0,3.4,13.0,15,35.0,51.0,3.413793103448276,893.0258604329357,0.08719781128806443,49.61254780182976,261.5934338641933,50.12465182705439,False,,2025-11-23-qwen3-failure-classifications
466328562579,466328562579-1,agent,605,599,52,221,162,191.0,3.82,13.0,50,99.0,282.0,10.50561797752809,19640.0276406336,0.6231595222874833,1091.1126467018667,1869.47856686245,25.102392754637954,False,,2025-11-23-qwen3-failure-classifications
466328562579,466328562579-1,bypass,616,610,51,221,168,195.0,3.75,13.0,52,100.0,285.0,10.5,19881.739647900864,0.6311663380285989,1104.541091550048,1893.4990140857967,24.137311775586944,False,,2025-11-23-qwen3-failure-classifications
466328562579,466328562579-1,a_only,616,610,51,221,168,195.0,3.75,13.0,52,100.0,285.0,10.5,19881.739647900864,0.6311663380285989,1104.541091550048,1893.4990140857967,24.137311775586944,False,,2025-11-23-qwen3-failure-classifications
466328562579,466328562579-1,b_only,483,471,45,127,116,121.0,3.27027027027027,29.0,37,88.0,208.0,9.785714285714286,13147.711671763462,0.44785392555885273,730.4284262090812,1343.561776676558,34.22660037692141,False,,2025-11-23-qwen3-failure-classifications
466328562579,466328562579-1,ground_truth,615,609,51,221,168,195.0,3.75,13.0,52,100.0,285.0,10.5,19881.739647900864,0.6311663380285989,1104.541091550048,1893.4990140857967,24.159141706142474,False,,2025-11-23-qwen3-failure-classifications
471533701156,471533701156-1,agent,422,6,1,3,2,0.0,0.0,0.0,0,0.0,0.0,0.0,0.0,0.0,0.0,0.0,100.0,False,,2025-11-23-qwen3-failure-classifications
471533701156,471533701156-1,bypass,867,5,1,3,2,0.0,0.0,0.0,0,0.0,0.0,0.0,0.0,0.0,0.0,0.0,100.0,False,,2025-11-23-qwen3-failure-classifications
471533701156,471533701156-1,a_only,867,5,1,3,2,0.0,0.0,0.0,0,0.0,0.0,0.0,0.0,0.0,0.0,0.0,100.0,False,,2025-11-23-qwen3-failure-classifications
471533701156,471533701156-1,b_only,413,6,1,3,2,0.0,0.0,0.0,0,0.0,0.0,0.0,0.0,0.0,0.0,0.0,100.0,False,,2025-11-23-qwen3-failure-classifications
471533701156,471533701156-1,ground_truth,1058,6,1,3,2,0.0,0.0,0.0,0,0.0,0.0,0.0,0.0,0.0,0.0,0.0,100.0,False,,2025-11-23-qwen3-failure-classifications
471979962580,471979962580-1,agent,282,140,8,17,30,66.0,5.076923076923077,18.0,13,31.0,53.0,6.086956521739131,1598.2668096987225,0.0875241348168348,88.79260053881791,262.5724044505044,44.95687674986261,False,,2025-11-23-qwen3-failure-classifications
471979962580,471979962580-1,bypass,245,130,8,15,33,61.0,5.083333333333333,18.0,12,27.0,41.0,5.684210526315789,1108.1390452410442,0.06498346252956741,61.56328029116912,194.95038758870223,47.661664135418796,False,,2025-11-23-qwen3-failure-classifications
471979962580,471979962580-1,a_only,245,130,8,15,33,61.0,5.083333333333333,18.0,12,27.0,41.0,5.684210526315789,1108.1390452410442,0.06498346252956741,61.56328029116912,194.95038758870223,47.661664135418796,False,,2025-11-23-qwen3-failure-classifications
471979962580,471979962580-1,b_only,233,89,8,0,23,50.0,5.0,18.0,10,13.0,27.0,1.6363636363636365,163.49215481968827,0.03330395746326983,9.082897489982681,99.91187238980949,48.374867036066874,False,,2025-11-23-qwen3-failure-classifications
471979962580,471979962580-1,ground_truth,282,140,25,15,34,0.0,0.0,0.0,0,0.0,0.0,0.0,0.0,0.0,0.0,0.0,0.0,False,,2025-11-23-qwen3-failure-classifications
479397692370,479397692370-1,agent,138,76,16,6,26,27.0,3.375,6.0,8,23.0,32.0,3.7058823529411766,536.4412296124082,0.048251327531274806,29.802290534022674,144.75398259382442,62.94633231613629,False,,2025-11-23-qwen3-failure-classifications
479397692370,479397692370-1,bypass,136,73,15,6,25,27.0,3.375,6.0,8,23.0,32.0,3.7058823529411766,536.4412296124082,0.048251327531274806,29.802290534022674,144.75398259382442,63.06677890589175,False,,2025-11-23-qwen3-failure-classifications
479397692370,479397692370-1,a_only,136,73,15,6,25,27.0,3.375,6.0,8,23.0,32.0,3.7058823529411766,536.4412296124082,0.048251327531274806,29.802290534022674,144.75398259382442,63.06677890589175,False,,2025-11-23-qwen3-failure-classifications
479397692370,479397692370-1,b_only,119,70,16,6,25,25.0,3.125,6.0,8,23.0,32.0,3.7058823529411766,536.4412296124082,0.048251327531274806,29.802290534022674,144.75398259382442,65.07430595367887,False,,2025-11-23-qwen3-failure-classifications
479397692370,479397692370-1,ground_truth,137,75,16,6,25,27.0,3.375,6.0,8,23.0,32.0,3.7058823529411766,536.4412296124082,0.048251327531274806,29.802290534022674,144.75398259382442,63.13136412815851,False,,2025-11-23-qwen3-failure-classifications
479641026771,479641026771-1,agent,1746,911,205,290,285,308.0,3.8987341772151898,25.0,79,286.0,534.0,11.091078066914498,48327.945186507895,1.4524570979465532,2684.885843694883,4357.371293839659,1.494112615112016,False,,2025-11-23-qwen3-failure-classifications
479641026771,479641026771-1,bypass,2128,1135,251,352,361,374.0,4.065217391304348,29.0,92,362.0,766.0,13.133720930232558,85512.10653449685,2.1702939831685786,4750.672585249825,6510.881949505736,0.0,False,,2025-11-23-qwen3-failure-classifications
479641026771,479641026771-1,a_only,2128,1135,251,352,361,374.0,4.065217391304348,29.0,92,362.0,766.0,13.133720930232558,85512.10653449685,2.1702939831685786,4750.672585249825,6510.881949505736,0.0,False,,2025-11-23-qwen3-failure-classifications
479641026771,479641026771-1,b_only,1989,1009,246,352,347,307.0,3.411111111111111,20.0,90,273.0,513.0,11.788235294117648,48939.853907276105,1.383861471097295,2718.8807726264504,4151.584413291885,2.0338594753196233,False,,2025-11-23-qwen3-failure-classifications
479641026771,479641026771-1,ground_truth,2143,1144,256,352,361,380.0,4.130434782608695,29.0,92,369.0,782.0,13.153846153846153,87716.25232341602,2.22282900624641,4873.125129078668,6668.48701873923,0.0,False,,2025-11-23-qwen3-failure-classifications
48141443196,48141443196-1,agent,575,416,22,14,80,0.0,0.0,0.0,0,0.0,0.0,0.0,0.0,0.0,0.0,0.0,0.0,False,,2025-11-23-qwen3-failure-classifications
48141443196,48141443196-1,bypass,499,362,22,0,80,81.0,3.0,8.0,27,108.0,156.0,5.3061224489795915,5591.392593627556,0.3512541501125004,310.63292186819757,1053.7624503375011,24.851925568313217,False,,2025-11-23-qwen3-failure-classifications
48141443196,48141443196-1,a_only,499,362,22,0,80,81.0,3.0,8.0,27,108.0,156.0,5.3061224489795915,5591.392593627556,0.3512541501125004,310.63292186819757,1053.7624503375011,24.851925568313217,False,,2025-11-23-qwen3-failure-classifications
48141443196,48141443196-1,b_only,456,325,17,14,83,75.0,3.0,9.0,25,109.0,167.0,6.927835051546392,7830.440388286244,0.3767622607459155,435.0244660159025,1130.2867822377466,29.18298298481338,False,,2025-11-23-qwen3-failure-classifications
48141443196,48141443196-1,ground_truth,552,395,17,14,82,92.0,3.68,13.0,25,131.0,203.0,6.857142857142857,9790.52481814013,0.4759282897707008,543.9180454522294,1427.7848693121023,23.08600813654676,False,,2025-11-23-qwen3-failure-classifications
494106425711,494106425711-1,agent,804,626,74,25,199,176.0,2.838709677419355,28.0,62,143.0,248.0,8.573643410852712,15223.773559862562,0.5918826971736801,845.7651977701423,1775.6480915210404,19.67364422446887,False,,2025-11-23-qwen3-failure-classifications
494106425711,494106425711-1,bypass,803,627,74,25,203,177.0,2.8095238095238093,28.0,63,143.0,248.0,8.573643410852712,15223.773559862562,0.5918826971736801,845.7651977701423,1775.6480915210404,19.66840774473802,False,,2025-11-23-qwen3-failure-classifications
494106425711,494106425711-1,a_only,803,627,74,25,203,177.0,2.8095238095238093,28.0,63,143.0,248.0,8.573643410852712,15223.773559862562,0.5918826971736801,845.7651977701423,1775.6480915210404,19.66840774473802,False,,2025-11-23-qwen3-failure-classifications
494106425711,494106425711-1,b_only,820,635,74,29,204,178.0,2.78125,28.0,64,143.0,248.0,8.573643410852712,15223.773559862562,0.5918826971736801,845.7651977701423,1775.6480915210404,19.69675940716445,False,,2025-11-23-qwen3-failure-classifications
494106425711,494106425711-1,ground_truth,828,643,74,29,207,179.0,2.753846153846154,28.0,65,143.0,248.0,8.573643410852712,15223.773559862562,0.5918826971736801,845.7651977701423,1775.6480915210404,19.500844261640093,False,,2025-11-23-qwen3-failure-classifications
49472848586,49472848586-1,agent,197,166,22,5,48,36.0,2.25,10.0,16,24.0,39.0,4.0,715.2541501125005,0.05960451250937504,39.736341672916694,178.81353752812512,51.11667962529156,False,,2025-11-23-qwen3-failure-classifications
49472848586,49472848586-1,bypass,195,166,19,5,48,36.0,2.25,10.0,16,24.0,39.0,4.0,715.2541501125005,0.05960451250937504,39.736341672916694,178.81353752812512,50.25489728662861,False,,2025-11-23-qwen3-failure-classifications
49472848586,49472848586-1,a_only,195,166,19,5,48,36.0,2.25,10.0,16,24.0,39.0,4.0,715.2541501125005,0.05960451250937504,39.736341672916694,178.81353752812512,50.25489728662861,False,,2025-11-23-qwen3-failure-classifications
49472848586,49472848586-1,b_only,198,166,22,5,48,36.0,2.25,10.0,16,24.0,39.0,4.0,715.2541501125005,0.05960451250937504,39.736341672916694,178.81353752812512,51.075812454253345,False,,2025-11-23-qwen3-failure-classifications
49472848586,49472848586-1,ground_truth,198,166,23,5,48,36.0,2.25,10.0,16,24.0,39.0,4.0,715.2541501125005,0.05960451250937504,39.736341672916694,178.81353752812512,51.369924834522934,False,,2025-11-23-qwen3-failure-classifications
498621285432,498621285432-1,agent,24,5,10,60,28,0.0,0.0,0.0,0,0.0,0.0,0.0,0.0,0.0,0.0,0.0,100.0,False,,2025-11-23-qwen3-failure-classifications
498621285432,498621285432-1,bypass,24,5,10,60,28,0.0,0.0,0.0,0,0.0,0.0,0.0,0.0,0.0,0.0,0.0,100.0,False,,2025-11-23-qwen3-failure-classifications
498621285432,498621285432-1,a_only,24,5,10,60,28,0.0,0.0,0.0,0,0.0,0.0,0.0,0.0,0.0,0.0,0.0,100.0,False,,2025-11-23-qwen3-failure-classifications
498621285432,498621285432-1,b_only,22,5,10,57,28,0.0,0.0,0.0,0,0.0,0.0,0.0,0.0,0.0,0.0,0.0,100.0,False,,2025-11-23-qwen3-failure-classifications
498621285432,498621285432-1,ground_truth,22,5,10,60,28,0.0,0.0,0.0,0,0.0,0.0,0.0,0.0,0.0,0.0,0.0,100.0,False,,2025-11-23-qwen3-failure-classifications
499168659155,499168659155-1,agent,227,186,2,7,39,31.0,5.166666666666667,16.0,6,95.0,161.0,8.481707317073171,8971.498374032466,0.35258225098042756,498.416576335137,1057.7467529412827,37.40914047177878,False,,2025-11-23-qwen3-failure-classifications
499168659155,499168659155-1,bypass,225,186,2,7,38,31.0,5.166666666666667,16.0,6,95.0,161.0,8.481707317073171,8971.498374032466,0.35258225098042756,498.416576335137,1057.7467529412827,37.45813037084637,False,,2025-11-23-qwen3-failure-classifications
499168659155,499168659155-1,a_only,225,186,2,7,38,31.0,5.166666666666667,16.0,6,95.0,161.0,8.481707317073171,8971.498374032466,0.35258225098042756,498.416576335137,1057.7467529412827,37.45813037084637,False,,2025-11-23-qwen3-failure-classifications
499168659155,499168659155-1,b_only,227,186,2,7,39,31.0,5.166666666666667,16.0,6,95.0,161.0,8.481707317073171,8971.498374032466,0.35258225098042756,498.416576335137,1057.7467529412827,37.40914047177878,False,,2025-11-23-qwen3-failure-classifications
499168659155,499168659155-1,ground_truth,227,186,2,7,39,31.0,5.166666666666667,16.0,6,95.0,161.0,8.481707317073171,8971.498374032466,0.35258225098042756,498.416576335137,1057.7467529412827,37.40914047177878,False,,2025-11-23-qwen3-failure-classifications
501663061875,501663061875-1,agent,64,43,0,0,18,14.0,7.0,12.0,2,9.0,15.0,2.5,118.87218755408671,0.01584962500721156,6.604010419671484,47.548875021634686,50.87568178391204,False,,2025-11-23-qwen3-failure-classifications
501663061875,501663061875-1,bypass,93,67,0,0,30,20.0,6.666666666666667,12.0,3,15.0,21.0,3.5,287.15645877722613,0.02734823416925963,15.953136598734785,82.0447025077789,44.34281021013605,False,,2025-11-23-qwen3-failure-classifications
501663061875,501663061875-1,a_only,93,67,0,0,30,20.0,6.666666666666667,12.0,3,15.0,21.0,3.5,287.15645877722613,0.02734823416925963,15.953136598734785,82.0447025077789,44.34281021013605,False,,2025-11-23-qwen3-failure-classifications
501663061875,501663061875-1,b_only,17,8,0,0,7,0.0,0.0,0.0,0,0.0,0.0,0.0,0.0,0.0,0.0,0.0,100.0,False,,2025-11-23-qwen3-failure-classifications
501663061875,501663061875-1,ground_truth,56,40,0,0,24,8.0,4.0,6.0,2,6.0,6.0,1.0,15.509775004326936,0.005169925001442312,0.861654166907052,15.509775004326936,55.774565144019796,False,,2025-11-23-qwen3-failure-classifications
502518642995,502518642995-1,agent,118,51,15,12,22,18.0,18.0,18.0,1,17.0,33.0,3.3846153846153846,456.5381573458072,0.044962091253753736,25.363230963655955,134.8862737612612,69.87993124361569,False,,2025-11-23-qwen3-failure-classifications
502518642995,502518642995-1,bypass,124,54,16,12,23,17.0,17.0,17.0,1,20.0,33.0,3.6666666666666665,522.9532994813709,0.04754120904376099,29.05296108229838,142.62362713128297,69.19814552038946,False,,2025-11-23-qwen3-failure-classifications
502518642995,502518642995-1,a_only,124,54,16,12,23,17.0,17.0,17.0,1,20.0,33.0,3.6666666666666665,522.9532994813709,0.04754120904376099,29.05296108229838,142.62362713128297,69.19814552038946,False,,2025-11-23-qwen3-failure-classifications
502518642995,502518642995-1,b_only,120,51,15,12,26,19.0,19.0,19.0,1,17.0,33.0,3.3846153846153846,456.5381573458072,0.044962091253753736,25.363230963655955,134.8862737612612,69.6117528547839,False,,2025-11-23-qwen3-failure-classifications
502518642995,502518642995-1,ground_truth,124,54,16,12,27,19.0,19.0,19.0,1,23.0,39.0,4.588235294117647,809.4514982544373,0.05880630542874117,44.969527680802074,176.41891628622352,68.28247804022365,False,,2025-11-23-qwen3-failure-classifications
503065687569,503065687569-1,agent,249,149,6,34,40,33.0,2.5384615384615383,6.0,13,67.0,98.0,7.824074074074074,4651.230054276,0.19815891355495388,258.40166968200003,594.4767406648616,50.58676195378587,False,,2025-11-23-qwen3-failure-classifications
503065687569,503065687569-1,bypass,224,151,8,34,37,34.0,2.8333333333333335,6.0,12,67.0,101.0,8.064814814814815,4941.110483090376,0.20422500274541164,274.5061379494653,612.6750082362349,51.50153674560059,False,,2025-11-23-qwen3-failure-classifications
503065687569,503065687569-1,a_only,224,151,8,34,37,34.0,2.8333333333333335,6.0,12,67.0,101.0,8.064814814814815,4941.110483090376,0.20422500274541164,274.5061379494653,612.6750082362349,51.50153674560059,False,,2025-11-23-qwen3-failure-classifications
503065687569,503065687569-1,b_only,242,146,5,34,41,33.0,2.5384615384615383,6.0,13,67.0,98.0,7.824074074074074,4651.230054276,0.19815891355495388,258.40166968200003,594.4767406648616,50.80564110796387,False,,2025-11-23-qwen3-failure-classifications
503065687569,503065687569-1,ground_truth,249,149,6,34,41,33.0,2.5384615384615383,6.0,13,67.0,98.0,7.824074074074074,4651.230054276,0.19815891355495388,258.40166968200003,594.4767406648616,50.58676195378587,False,,2025-11-23-qwen3-failure-classifications
504386040040,504386040040-1,agent,1403,1109,166,6,153,0.0,0.0,0.0,0,0.0,0.0,0.0,0.0,0.0,0.0,0.0,0.0,False,,2025-11-23-qwen3-failure-classifications
504386040040,504386040040-1,bypass,1381,1100,165,6,149,242.0,6.205128205128205,61.0,39,338.0,737.0,16.06466876971609,99463.56364690789,2.0638160481799903,5525.753535939327,6191.448144539971,1.567685922622435,False,,2025-11-23-qwen3-failure-classifications
504386040040,504386040040-1,a_only,1381,1100,165,6,149,242.0,6.205128205128205,61.0,39,338.0,737.0,16.06466876971609,99463.56364690789,2.0638160481799903,5525.753535939327,6191.448144539971,1.567685922622435,False,,2025-11-23-qwen3-failure-classifications
504386040040,504386040040-1,b_only,1401,1097,166,4,152,234.0,5.85,52.0,40,342.0,737.0,15.86448598130841,98422.59366955013,2.0679857678236355,5467.921870530563,6203.9573034709065,1.830289685456687,False,,2025-11-23-qwen3-failure-classifications
504386040040,504386040040-1,ground_truth,1380,1099,165,6,149,242.0,6.205128205128205,61.0,39,338.0,737.0,16.06466876971609,99463.56364690789,2.0638160481799903,5525.753535939327,6191.448144539971,1.5820611397663416,False,,2025-11-23-qwen3-failure-classifications
506112998075,506112998075-1,agent,255,187,50,6,83,30.0,1.1538461538461537,3.0,26,57.0,84.0,6.576086956521739,3222.0377230418717,0.16332092039661278,179.00209572454844,489.9627611898383,55.06944289401772,False,,2025-11-23-qwen3-failure-classifications
506112998075,506112998075-1,bypass,256,188,43,6,84,30.0,1.1538461538461537,3.0,26,57.0,84.0,6.576086956521739,3222.0377230418717,0.16332092039661278,179.00209572454844,489.9627611898383,53.9051041107389,False,,2025-11-23-qwen3-failure-classifications
506112998075,506112998075-1,a_only,256,188,43,6,84,30.0,1.1538461538461537,3.0,26,57.0,84.0,6.576086956521739,3222.0377230418717,0.16332092039661278,179.00209572454844,489.9627611898383,53.9051041107389,False,,2025-11-23-qwen3-failure-classifications
506112998075,506112998075-1,b_only,256,188,42,6,84,30.0,1.1538461538461537,3.0,26,57.0,84.0,6.576086956521739,3222.0377230418717,0.16332092039661278,179.00209572454844,489.9627611898383,53.73650797353405,False,,2025-11-23-qwen3-failure-classifications
506112998075,506112998075-1,ground_truth,256,188,44,6,84,30.0,1.1538461538461537,3.0,26,57.0,84.0,6.576086956521739,3222.0377230418717,0.16332092039661278,179.00209572454844,489.9627611898383,54.070028370567755,False,,2025-11-23-qwen3-failure-classifications
506791745103,506791745103-1,agent,1137,1016,91,47,328,143.0,2.1666666666666665,20.0,66,257.0,438.0,10.845188284518828,38028.257440174115,1.1688211841823064,2112.680968898562,3506.463552546919,13.305734401807086,False,,2025-11-23-qwen3-failure-classifications
506791745103,506791745103-1,bypass,1065,956,86,46,318,134.0,2.2333333333333334,19.0,60,239.0,411.0,10.95475113122172,35572.88416656965,1.0824187526933626,1976.271342587203,3247.256258080088,15.22385765572252,False,,2025-11-23-qwen3-failure-classifications
506791745103,506791745103-1,a_only,1065,956,86,46,318,134.0,2.2333333333333334,19.0,60,239.0,411.0,10.95475113122172,35572.88416656965,1.0824187526933626,1976.271342587203,3247.256258080088,15.22385765572252,False,,2025-11-23-qwen3-failure-classifications
506791745103,506791745103-1,b_only,1086,966,80,38,322,143.0,2.1666666666666665,20.0,66,250.0,428.0,10.900862068965518,37164.91594452439,1.1364518912784578,2064.7175524735776,3409.355673835373,13.001960038086365,False,,2025-11-23-qwen3-failure-classifications
506791745103,506791745103-1,ground_truth,1146,1021,92,47,335,143.0,2.1666666666666665,20.0,66,260.0,443.0,10.822314049586776,38461.51866499353,1.1846363137238685,2136.7510369440847,3553.9089411716054,13.21309509936292,False,,2025-11-23-qwen3-failure-classifications
509639870939,509639870939-1,agent,544,360,75,4,135,118.0,2.95,14.0,40,105.0,162.0,8.666666666666666,9426.800706803235,0.3625692579539706,523.7111503779574,1087.7077738619118,28.404700883390422,False,,2025-11-23-qwen3-failure-classifications
509639870939,509639870939-1,bypass,523,343,81,4,128,115.0,3.026315789473684,16.0,38,107.0,167.0,8.722826086956522,9820.375563587126,0.3752749955763305,545.5764201992847,1125.8249867289915,30.080988840190475,False,,2025-11-23-qwen3-failure-classifications
509639870939,509639870939-1,a_only,523,343,81,4,128,115.0,3.026315789473684,16.0,38,107.0,167.0,8.722826086956522,9820.375563587126,0.3752749955763305,545.5764201992847,1125.8249867289915,30.080988840190475,False,,2025-11-23-qwen3-failure-classifications
509639870939,509639870939-1,b_only,514,337,73,2,127,110.0,2.8947368421052633,14.0,38,98.0,151.0,8.765060240963855,8754.727869285132,0.33294039548713217,486.3737705158407,998.8211864613966,30.269681711646253,False,,2025-11-23-qwen3-failure-classifications
509639870939,509639870939-1,ground_truth,544,360,82,4,132,118.0,2.95,14.0,40,105.0,162.0,8.666666666666666,9426.800706803235,0.3625692579539706,523.7111503779574,1087.7077738619118,29.097347891598634,False,,2025-11-23-qwen3-failure-classifications
510444017991,510444017991-1,agent,113,111,26,14,41,0.0,0.0,0.0,0,0.0,0.0,0.0,0.0,0.0,0.0,0.0,0.0,False,,2025-11-23-qwen3-failure-classifications
510444017991,510444017991-1,bypass,111,109,26,14,43,34.0,3.090909090909091,9.0,11,30.0,39.0,3.25,621.9483829933797,0.06378957774291075,34.55268794407665,191.36873322873222,63.77192726984057,False,,2025-11-23-qwen3-failure-classifications
510444017991,510444017991-1,a_only,111,109,26,14,43,34.0,3.090909090909091,9.0,11,30.0,39.0,3.25,621.9483829933797,0.06378957774291075,34.55268794407665,191.36873322873222,63.77192726984057,False,,2025-11-23-qwen3-failure-classifications
510444017991,510444017991-1,b_only,42,35,15,4,17,4.0,1.3333333333333333,2.0,3,3.0,3.0,0.5,2.3774437510817346,0.0015849625007211565,0.1320802083934297,4.754887502163469,89.95515944532171,False,,2025-11-23-qwen3-failure-classifications
510444017991,510444017991-1,ground_truth,102,97,27,14,39,33.0,3.3,9.0,10,30.0,39.0,3.25,621.9483829933797,0.06378957774291075,34.55268794407665,191.36873322873222,65.46463306290026,False,,2025-11-23-qwen3-failure-classifications
514749726947,514749726947-1,agent,441,234,32,22,58,82.0,5.466666666666667,10.0,15,67.0,93.0,5.892857142857143,3324.433522413376,0.18804876490419095,184.69075124518756,564.1462947125729,39.43263261951803,False,,2025-11-23-qwen3-failure-classifications
514749726947,514749726947-1,bypass,398,205,23,22,53,73.0,5.214285714285714,10.0,14,61.0,84.0,5.94,2959.200701950378,0.16606064545176083,164.40003899724323,498.18193635528246,41.37793909765313,False,,2025-11-23-qwen3-failure-classifications
514749726947,514749726947-1,a_only,398,205,23,22,53,73.0,5.214285714285714,10.0,14,61.0,84.0,5.94,2959.200701950378,0.16606064545176083,164.40003899724323,498.18193635528246,41.37793909765313,False,,2025-11-23-qwen3-failure-classifications
514749726947,514749726947-1,b_only,471,257,42,27,59,90.0,5.625,10.0,16,70.0,106.0,6.338983050847458,4118.462642775699,0.2165679999320555,228.80348015420552,649.7039997961665,38.61589488745246,False,,2025-11-23-qwen3-failure-classifications
514749726947,514749726947-1,ground_truth,472,257,42,27,59,90.0,5.625,10.0,16,70.0,106.0,6.338983050847458,4118.462642775699,0.2165679999320555,228.80348015420552,649.7039997961665,38.59864214705535,False,,2025-11-23-qwen3-failure-classifications
516437819195,516437819195-1,agent,417,320,70,3,100,104.0,14.857142857142858,75.0,7,128.0,297.0,17.1697247706422,35695.85779816514,0.693,1983.1032110091744,2079.0,31.500207124963396,False,,2025-11-23-qwen3-failure-classifications
516437819195,516437819195-1,bypass,417,320,70,3,101,104.0,14.857142857142858,75.0,7,128.0,297.0,17.1697247706422,35695.85779816514,0.693,1983.1032110091744,2079.0,31.500207124963396,False,,2025-11-23-qwen3-failure-classifications
516437819195,516437819195-1,a_only,417,320,70,3,101,104.0,14.857142857142858,75.0,7,128.0,297.0,17.1697247706422,35695.85779816514,0.693,1983.1032110091744,2079.0,31.500207124963396,False,,2025-11-23-qwen3-failure-classifications
516437819195,516437819195-1,b_only,195,122,32,3,42,38.0,9.5,22.0,4,26.0,41.0,6.0,1156.3081706627088,0.06423934281459492,64.23934281459493,192.7180284437848,56.54678623239535,False,,2025-11-23-qwen3-failure-classifications
516437819195,516437819195-1,ground_truth,417,320,70,3,101,104.0,14.857142857142858,75.0,7,128.0,297.0,17.1697247706422,35695.85779816514,0.693,1983.1032110091744,2079.0,31.500207124963396,False,,2025-11-23-qwen3-failure-classifications
521808026958,521808026958-1,agent,389,319,52,0,121,85.0,4.0476190476190474,20.0,21,100.0,176.0,8.442528735632184,9872.006636374232,0.38977289646678387,548.4448131319018,1169.3186894003516,35.25072772174528,False,,2025-11-23-qwen3-failure-classifications
521808026958,521808026958-1,bypass,397,327,53,0,125,86.0,3.909090909090909,20.0,22,100.0,176.0,8.442528735632184,9872.006636374232,0.38977289646678387,548.4448131319018,1169.3186894003516,35.0055435052251,False,,2025-11-23-qwen3-failure-classifications
521808026958,521808026958-1,a_only,397,327,53,0,125,86.0,3.909090909090909,20.0,22,100.0,176.0,8.442528735632184,9872.006636374232,0.38977289646678387,548.4448131319018,1169.3186894003516,35.0055435052251,False,,2025-11-23-qwen3-failure-classifications
521808026958,521808026958-1,b_only,389,319,53,0,121,85.0,4.0476190476190474,20.0,21,100.0,176.0,8.442528735632184,9872.006636374232,0.38977289646678387,548.4448131319018,1169.3186894003516,35.404202896142834,False,,2025-11-23-qwen3-failure-classifications
521808026958,521808026958-1,ground_truth,389,319,53,0,121,85.0,4.0476190476190474,20.0,21,100.0,176.0,8.442528735632184,9872.006636374232,0.38977289646678387,548.4448131319018,1169.3186894003516,35.404202896142834,False,,2025-11-23-qwen3-failure-classifications
523448359969,523448359969-1,agent,447,426,37,4,135,143.0,5.72,21.0,25,276.0,544.0,9.564885496183207,42191.06673681387,1.470345768162441,2343.948152045215,4411.037304487323,15.730011791946044,False,,2025-11-23-qwen3-failure-classifications
523448359969,523448359969-1,bypass,434,413,36,4,127,135.0,5.625,21.0,24,259.0,517.0,9.714285714285714,40262.70173741549,1.381563294911316,2236.8167631897495,4144.689884733948,17.32486700002146,False,,2025-11-23-qwen3-failure-classifications
523448359969,523448359969-1,a_only,434,413,36,4,127,135.0,5.625,21.0,24,259.0,517.0,9.714285714285714,40262.70173741549,1.381563294911316,2236.8167631897495,4144.689884733948,17.32486700002146,False,,2025-11-23-qwen3-failure-classifications
523448359969,523448359969-1,b_only,425,401,37,4,132,138.0,5.75,21.0,24,258.0,508.0,7.459514170040486,30358.01052147211,1.356567815251671,1686.556140081784,4069.703445755013,17.597752701015732,False,,2025-11-23-qwen3-failure-classifications
523448359969,523448359969-1,ground_truth,425,401,66,4,136,138.0,5.75,21.0,24,258.0,508.0,7.459514170040486,30358.01052147211,1.356567815251671,1686.556140081784,4069.703445755013,21.8433746954932,False,,2025-11-23-qwen3-failure-classifications
523613345648,523613345648-1,agent,1749,1111,78,0,368,0.0,0.0,0.0,0,0.0,0.0,0.0,0.0,0.0,0.0,0.0,0.0,False,,2025-11-23-qwen3-failure-classifications
523613345648,523613345648-1,bypass,1751,1113,79,0,369,220.0,3.5483870967741935,32.0,62,191.0,314.0,8.107344632768362,19289.907658896205,0.7931042173344084,1071.6615366053447,2379.312652003225,1.2426421597881885,False,,2025-11-23-qwen3-failure-classifications
523613345648,523613345648-1,a_only,1751,1113,79,0,369,220.0,3.5483870967741935,32.0,62,191.0,314.0,8.107344632768362,19289.907658896205,0.7931042173344084,1071.6615366053447,2379.312652003225,1.2426421597881885,False,,2025-11-23-qwen3-failure-classifications
523613345648,523613345648-1,b_only,1751,1113,79,0,369,220.0,3.5483870967741935,32.0,62,191.0,314.0,8.107344632768362,19289.907658896205,0.7931042173344084,1071.6615366053447,2379.312652003225,1.2426421597881885,False,,2025-11-23-qwen3-failure-classifications
523613345648,523613345648-1,ground_truth,1751,1113,79,0,369,220.0,3.5483870967741935,32.0,62,191.0,314.0,8.107344632768362,19289.907658896205,0.7931042173344084,1071.6615366053447,2379.312652003225,1.2426421597881885,False,,2025-11-23-qwen3-failure-classifications
52916896984,52916896984-1,agent,181,145,29,53,45,45.0,5.0,14.0,9,39.0,50.0,3.609375,953.8499316852965,0.08809003698103748,52.99166287140536,264.27011094311246,59.165625129221624,False,,2025-11-23-qwen3-failure-classifications
52916896984,52916896984-1,bypass,183,147,29,53,46,45.0,5.0,14.0,9,39.0,50.0,3.609375,953.8499316852965,0.08809003698103748,52.99166287140536,264.27011094311246,58.995855095667025,False,,2025-11-23-qwen3-failure-classifications
52916896984,52916896984-1,a_only,183,147,29,53,46,45.0,5.0,14.0,9,39.0,50.0,3.609375,953.8499316852965,0.08809003698103748,52.99166287140536,264.27011094311246,58.995855095667025,False,,2025-11-23-qwen3-failure-classifications
52916896984,52916896984-1,b_only,173,138,20,53,44,43.0,4.777777777777778,14.0,9,39.0,50.0,3.609375,953.8499316852965,0.08809003698103748,52.99166287140536,264.27011094311246,59.48549611712686,False,,2025-11-23-qwen3-failure-classifications
52916896984,52916896984-1,ground_truth,181,145,29,53,46,45.0,5.0,14.0,9,39.0,50.0,3.609375,953.8499316852965,0.08809003698103748,52.99166287140536,264.27011094311246,59.165625129221624,False,,2025-11-23-qwen3-failure-classifications
534740447932,534740447932-1,agent,1751,1113,78,0,369,220.0,3.5483870967741935,32.0,62,191.0,314.0,8.107344632768362,19289.907658896205,0.7931042173344084,1071.6615366053447,2379.312652003225,1.1686708623669506,False,,2025-11-23-qwen3-failure-classifications
534740447932,534740447932-1,bypass,1751,1113,79,0,369,220.0,3.5483870967741935,32.0,62,191.0,314.0,8.107344632768362,19289.907658896205,0.7931042173344084,1071.6615366053447,2379.312652003225,1.2426421597881885,False,,2025-11-23-qwen3-failure-classifications
534740447932,534740447932-1,a_only,1751,1113,79,0,369,220.0,3.5483870967741935,32.0,62,191.0,314.0,8.107344632768362,19289.907658896205,0.7931042173344084,1071.6615366053447,2379.312652003225,1.2426421597881885,False,,2025-11-23-qwen3-failure-classifications
534740447932,534740447932-1,b_only,1751,1113,79,0,369,220.0,3.5483870967741935,32.0,62,191.0,314.0,8.107344632768362,19289.907658896205,0.7931042173344084,1071.6615366053447,2379.312652003225,1.2426421597881885,False,,2025-11-23-qwen3-failure-classifications
534740447932,534740447932-1,ground_truth,1751,1113,79,0,369,220.0,3.5483870967741935,32.0,62,191.0,314.0,8.107344632768362,19289.907658896205,0.7931042173344084,1071.6615366053447,2379.312652003225,1.2426421597881885,False,,2025-11-23-qwen3-failure-classifications
535144797436,535144797436-1,agent,529,328,84,45,102,0.0,0.0,0.0,0,0.0,0.0,0.0,0.0,0.0,0.0,0.0,0.0,False,,2025-11-23-qwen3-failure-classifications
535144797436,535144797436-1,bypass,529,328,84,45,102,107.0,6.6875,33.0,16,163.0,306.0,10.135135135135135,22790.987991838276,0.74957027173157,1266.165999546571,2248.71081519471,33.02847781922115,False,,2025-11-23-qwen3-failure-classifications
535144797436,535144797436-1,a_only,529,328,84,45,102,107.0,6.6875,33.0,16,163.0,306.0,10.135135135135135,22790.987991838276,0.74957027173157,1266.165999546571,2248.71081519471,33.02847781922115,False,,2025-11-23-qwen3-failure-classifications
535144797436,535144797436-1,b_only,532,330,84,45,102,108.0,6.75,34.0,16,165.0,309.0,10.1,22989.554998439766,0.758731188067319,1277.1974999133204,2276.193564201957,32.75536026798916,False,,2025-11-23-qwen3-failure-classifications
535144797436,535144797436-1,ground_truth,529,328,84,45,102,107.0,6.6875,33.0,16,163.0,306.0,10.135135135135135,22790.987991838276,0.74957027173157,1266.165999546571,2248.71081519471,33.02847781922115,False,,2025-11-23-qwen3-failure-classifications
540858922209,540858922209-1,agent,1560,1090,291,57,210,288.0,4.5,36.0,64,283.0,563.0,12.294339622641509,56374.98853036736,1.5284808635714497,3131.943807242631,4585.4425907143495,0.0,False,,2025-11-23-qwen3-failure-classifications
540858922209,540858922209-1,bypass,1612,1127,296,57,213,296.0,4.553846153846154,36.0,65,296.0,602.0,12.56115107913669,62078.35076968103,1.647363642036209,3448.797264982279,4942.090926108627,0.0,False,,2025-11-23-qwen3-failure-classifications
540858922209,540858922209-1,a_only,1612,1127,296,57,213,296.0,4.553846153846154,36.0,65,296.0,602.0,12.56115107913669,62078.35076968103,1.647363642036209,3448.797264982279,4942.090926108627,0.0,False,,2025-11-23-qwen3-failure-classifications
540858922209,540858922209-1,b_only,1585,1108,294,57,212,291.0,4.476923076923077,36.0,65,290.0,593.0,12.639705882352942,61311.24551000923,1.6168953634596188,3406.180306111624,4850.6860903788565,0.0,False,,2025-11-23-qwen3-failure-classifications
540858922209,540858922209-1,ground_truth,1580,1104,294,57,211,0.0,0.0,0.0,0,0.0,0.0,0.0,0.0,0.0,0.0,0.0,0.0,False,,2025-11-23-qwen3-failure-classifications
543704006397,543704006397-1,agent,1804,1149,79,0,375,229.0,3.634920634920635,34.0,63,200.0,341.0,8.39247311827957,21875.442439103634,0.8688516535710604,1215.3023577279796,2606.554960713181,0.0,False,,2025-11-23-qwen3-failure-classifications
543704006397,543704006397-1,bypass,1804,1149,79,0,375,229.0,3.634920634920635,34.0,63,200.0,341.0,8.39247311827957,21875.442439103634,0.8688516535710604,1215.3023577279796,2606.554960713181,0.0,False,,2025-11-23-qwen3-failure-classifications
543704006397,543704006397-1,a_only,1804,1149,79,0,375,229.0,3.634920634920635,34.0,63,200.0,341.0,8.39247311827957,21875.442439103634,0.8688516535710604,1215.3023577279796,2606.554960713181,0.0,False,,2025-11-23-qwen3-failure-classifications
543704006397,543704006397-1,b_only,1804,1149,79,0,375,229.0,3.634920634920635,34.0,63,200.0,341.0,8.39247311827957,21875.442439103634,0.8688516535710604,1215.3023577279796,2606.554960713181,0.0,False,,2025-11-23-qwen3-failure-classifications
543704006397,543704006397-1,ground_truth,1804,1149,79,0,375,229.0,3.634920634920635,34.0,63,200.0,341.0,8.39247311827957,21875.442439103634,0.8688516535710604,1215.3023577279796,2606.554960713181,0.0,False,,2025-11-23-qwen3-failure-classifications
546907284725,546907284725-1,agent,38,35,6,7,13,12.0,3.0,6.0,4,13.0,14.0,2.8125,145.70481390180552,0.01726871868465843,8.09471188343364,51.80615605397529,80.48041777031025,False,,2025-11-23-qwen3-failure-classifications
546907284725,546907284725-1,bypass,37,34,5,7,13,10.0,2.5,5.0,4,7.0,8.0,1.875,42.11032383086406,0.007486279792153611,2.3394624350480036,22.458839376460833,83.08960579611018,False,,2025-11-23-qwen3-failure-classifications
546907284725,546907284725-1,a_only,37,34,5,7,13,10.0,2.5,5.0,4,7.0,8.0,1.875,42.11032383086406,0.007486279792153611,2.3394624350480036,22.458839376460833,83.08960579611018,False,,2025-11-23-qwen3-failure-classifications
546907284725,546907284725-1,b_only,38,35,6,7,13,12.0,3.0,6.0,4,13.0,14.0,2.8125,145.70481390180552,0.01726871868465843,8.09471188343364,51.80615605397529,80.48041777031025,False,,2025-11-23-qwen3-failure-classifications
546907284725,546907284725-1,ground_truth,38,35,6,7,13,12.0,3.0,6.0,4,13.0,14.0,2.8125,145.70481390180552,0.01726871868465843,8.09471188343364,51.80615605397529,80.48041777031025,False,,2025-11-23-qwen3-failure-classifications
547094754328,547094754328-1,agent,0,0,0,0,0,0.0,0.0,0.0,0,0.0,0.0,0.0,0.0,0.0,0.0,0.0,0.0,False,,2025-11-23-qwen3-failure-classifications
547094754328,547094754328-1,bypass,3299,2406,412,848,726,1020.0,9.026548672566372,175.0,113,1096.0,2384.0,14.312267657992566,344549.3593689402,8.0245694952593,19141.631076052232,24073.708485777897,0.0,False,,2025-11-23-qwen3-failure-classifications
547094754328,547094754328-1,a_only,3299,2406,412,848,726,1020.0,9.026548672566372,175.0,113,1096.0,2384.0,14.312267657992566,344549.3593689402,8.0245694952593,19141.631076052232,24073.708485777897,0.0,False,,2025-11-23-qwen3-failure-classifications
547094754328,547094754328-1,b_only,3745,2658,483,913,785,1151.0,8.401459854014599,115.0,137,1203.0,2600.0,15.62912785774767,415801.9189093324,8.868098136885932,23100.106606074023,26604.294410657796,0.0,False,,2025-11-23-qwen3-failure-classifications
547094754328,547094754328-1,ground_truth,3769,2684,483,916,789,1160.0,8.405797101449275,115.0,138,1216.0,2625.0,15.606365159128979,419823.85961009876,8.966936574263139,23323.547756116597,26900.809722789414,0.0,False,,2025-11-23-qwen3-failure-classifications
547640584307,547640584307-1,agent,114,73,17,28,29,8.0,2.6666666666666665,4.0,3,31.0,45.0,5.043478260869565,1124.3871626182388,0.07431294465580314,62.46595347879104,222.9388339674094,70.29311449315006,False,,2025-11-23-qwen3-failure-classifications
547640584307,547640584307-1,bypass,117,76,15,28,29,10.0,3.3333333333333335,6.0,3,30.0,44.0,5.090909090909091,1099.143493416308,0.07196772873559161,61.063527412017116,215.90318620677482,69.3558877212678,False,,2025-11-23-qwen3-failure-classifications
547640584307,547640584307-1,a_only,117,76,15,28,29,10.0,3.3333333333333335,6.0,3,30.0,44.0,5.090909090909091,1099.143493416308,0.07196772873559161,61.063527412017116,215.90318620677482,69.3558877212678,False,,2025-11-23-qwen3-failure-classifications
547640584307,547640584307-1,b_only,104,67,14,26,26,8.0,2.6666666666666665,4.0,3,29.0,40.0,4.9523809523809526,962.3429018919383,0.0647730799350343,53.463494549552124,194.3192398051029,71.38896224589843,False,,2025-11-23-qwen3-failure-classifications
547640584307,547640584307-1,ground_truth,113,72,15,28,28,8.0,2.6666666666666665,4.0,3,31.0,45.0,5.043478260869565,1124.3871626182388,0.07431294465580314,62.46595347879104,222.9388339674094,70.23225518155449,False,,2025-11-23-qwen3-failure-classifications
548683854532,548683854532-1,agent,578,377,39,3,130,93.0,2.5135135135135136,14.0,37,100.0,152.0,7.471264367816092,7544.97691436486,0.33662204694858605,419.16538413138113,1009.8661408457582,30.727702700517515,False,,2025-11-23-qwen3-failure-classifications
548683854532,548683854532-1,bypass,568,368,39,3,126,91.0,2.4594594594594597,14.0,37,91.0,140.0,7.666666666666667,6985.032913813267,0.30369708320927247,388.05738410073707,911.0912496278174,31.659817882946548,False,,2025-11-23-qwen3-failure-classifications
548683854532,548683854532-1,a_only,568,368,39,3,126,91.0,2.4594594594594597,14.0,37,91.0,140.0,7.666666666666667,6985.032913813267,0.30369708320927247,388.05738410073707,911.0912496278174,31.659817882946548,False,,2025-11-23-qwen3-failure-classifications
548683854532,548683854532-1,b_only,542,344,25,3,124,88.0,2.5142857142857142,14.0,35,93.0,141.0,7.55625,6967.024146067344,0.3073404641220775,387.05689700374137,922.0213923662325,30.047149194609514,False,,2025-11-23-qwen3-failure-classifications
548683854532,548683854532-1,ground_truth,582,380,41,6,134,94.0,2.5405405405405403,14.0,37,102.0,155.0,7.449438202247191,7704.4021378393345,0.34474197600186063,428.02234099107415,1034.2259280055819,31.18920151186025,False,,2025-11-23-qwen3-failure-classifications
549980692765,549980692765-1,agent,187,135,0,407,107,42.0,5.25,11.0,8,54.0,83.0,5.5,2627.1061447376237,0.15921855422652265,145.95034137431242,477.6556626795679,32.5353209599085,False,,2025-11-23-qwen3-failure-classifications
549980692765,549980692765-1,bypass,493,108,5,61,105,35.0,5.0,11.0,7,46.0,71.0,5.716216216216216,2241.745084138652,0.13072429962668264,124.54139356325845,392.1728988800479,53.687462315389396,False,,2025-11-23-qwen3-failure-classifications
549980692765,549980692765-1,a_only,493,108,5,61,105,35.0,5.0,11.0,7,46.0,71.0,5.716216216216216,2241.745084138652,0.13072429962668264,124.54139356325845,392.1728988800479,53.687462315389396,False,,2025-11-23-qwen3-failure-classifications
549980692765,549980692765-1,b_only,161,119,0,368,101,37.0,5.285714285714286,11.0,7,46.0,71.0,5.716216216216216,2241.745084138652,0.13072429962668264,124.54139356325845,392.1728988800479,32.65529127551607,False,,2025-11-23-qwen3-failure-classifications
549980692765,549980692765-1,ground_truth,520,135,5,73,110,42.0,5.25,11.0,8,54.0,83.0,5.5,2627.1061447376237,0.15921855422652265,145.95034137431242,477.6556626795679,51.08861930254465,False,,2025-11-23-qwen3-failure-classifications
550198980616,550198980616-1,agent,1044,840,111,520,339,228.0,2.7142857142857144,30.0,84,184.0,301.0,11.16969696969697,25294.808061751122,0.7548640495910536,1405.267114541729,2264.5921487731607,11.805784705666143,False,,2025-11-23-qwen3-failure-classifications
550198980616,550198980616-1,bypass,1013,802,92,421,298,218.0,2.8684210526315788,30.0,76,181.0,296.0,11.200617283950617,24864.859427069714,0.7399847941922097,1381.3810792816507,2219.954382576629,13.672624960912723,False,,2025-11-23-qwen3-failure-classifications
550198980616,550198980616-1,a_only,1013,802,92,421,298,218.0,2.8684210526315788,30.0,76,181.0,296.0,11.200617283950617,24864.859427069714,0.7399847941922097,1381.3810792816507,2219.954382576629,13.672624960912723,False,,2025-11-23-qwen3-failure-classifications
550198980616,550198980616-1,b_only,1044,837,108,524,340,229.0,2.7261904761904763,30.0,84,184.0,301.0,11.16969696969697,25294.808061751122,0.7548640495910536,1405.267114541729,2264.5921487731607,11.703657034241782,False,,2025-11-23-qwen3-failure-classifications
550198980616,550198980616-1,ground_truth,1047,841,108,538,343,230.0,2.7058823529411766,30.0,85,184.0,301.0,11.16969696969697,25294.808061751122,0.7548640495910536,1405.267114541729,2264.5921487731607,11.501856674390476,False,,2025-11-23-qwen3-failure-classifications
554737929809,554737929809-1,agent,965,800,33,69,100,364.0,6.5,48.0,56,280.0,574.0,9.177902621722847,42826.00678260512,1.5554028172421368,2379.222599033618,4666.20845172641,0.0,False,,2025-11-23-qwen3-failure-classifications
554737929809,554737929809-1,bypass,996,824,33,69,103,377.0,6.389830508474576,48.0,59,287.0,591.0,9.204379562043796,44415.36534315317,1.6084866645551108,2467.520296841843,4825.459993665332,0.0,False,,2025-11-23-qwen3-failure-classifications
554737929809,554737929809-1,a_only,996,824,33,69,103,377.0,6.389830508474576,48.0,59,287.0,591.0,9.204379562043796,44415.36534315317,1.6084866645551108,2467.520296841843,4825.459993665332,0.0,False,,2025-11-23-qwen3-failure-classifications
554737929809,554737929809-1,b_only,984,809,33,69,101,370.0,6.491228070175438,48.0,57,282.0,580.0,9.206319702602231,43462.480951840356,1.5736465947971001,2414.582275102242,4720.9397843913,0.0,False,,2025-11-23-qwen3-failure-classifications
554737929809,554737929809-1,ground_truth,999,824,33,69,103,377.0,6.389830508474576,48.0,59,287.0,591.0,9.204379562043796,44415.36534315317,1.6084866645551108,2467.520296841843,4825.459993665332,0.0,False,,2025-11-23-qwen3-failure-classifications
555866941928,555866941928-1,agent,151,143,15,63,61,0.0,0.0,0.0,0,0.0,0.0,0.0,0.0,0.0,0.0,0.0,0.0,False,,2025-11-23-qwen3-failure-classifications
555866941928,555866941928-1,bypass,149,141,15,62,60,40.0,4.444444444444445,10.0,9,32.0,40.0,4.333333333333333,866.6666666666666,0.06666666666666667,48.148148148148145,200.0,61.84441703098334,False,,2025-11-23-qwen3-failure-classifications
555866941928,555866941928-1,a_only,149,141,15,62,60,40.0,4.444444444444445,10.0,9,32.0,40.0,4.333333333333333,866.6666666666666,0.06666666666666667,48.148148148148145,200.0,61.84441703098334,False,,2025-11-23-qwen3-failure-classifications
555866941928,555866941928-1,b_only,145,138,15,63,60,38.0,4.222222222222222,10.0,9,30.0,37.0,4.363636363636363,792.2397907091571,0.060518317345838395,44.01332170606428,181.5549520375152,62.669727701905565,False,,2025-11-23-qwen3-failure-classifications
555866941928,555866941928-1,ground_truth,149,141,15,67,60,40.0,4.444444444444445,10.0,9,32.0,40.0,4.333333333333333,866.6666666666666,0.06666666666666667,48.148148148148145,200.0,61.924305705079234,False,,2025-11-23-qwen3-failure-classifications
558916203435,558916203435-1,agent,1570,1222,205,237,293,0.0,0.0,0.0,0,0.0,0.0,0.0,0.0,0.0,0.0,0.0,0.0,False,,2025-11-23-qwen3-failure-classifications
558916203435,558916203435-1,bypass,1540,1196,197,225,286,523.0,4.754545454545455,28.0,110,556.0,1024.0,11.12453531598513,103878.63757608958,3.112598552822957,5771.035420893865,9337.79565846887,0.0,False,,2025-11-23-qwen3-failure-classifications
558916203435,558916203435-1,a_only,1540,1196,197,225,286,523.0,4.754545454545455,28.0,110,556.0,1024.0,11.12453531598513,103878.63757608958,3.112598552822957,5771.035420893865,9337.79565846887,0.0,False,,2025-11-23-qwen3-failure-classifications
558916203435,558916203435-1,b_only,1665,1285,219,280,311,556.0,4.711864406779661,28.0,118,582.0,1067.0,11.058510638297872,108376.30148428748,3.2667539969610466,6020.905638015971,9800.26199088314,0.0,False,,2025-11-23-qwen3-failure-classifications
558916203435,558916203435-1,ground_truth,1671,1290,219,280,312,559.0,4.737288135593221,28.0,118,585.0,1076.0,11.095238095238095,109741.96890144463,3.2969690227901824,6096.776050080258,9890.907068370547,0.0,False,,2025-11-23-qwen3-failure-classifications
560535484520,560535484520-1,agent,244,151,18,5,58,46.0,5.111111111111111,11.0,9,35.0,50.0,4.0,1025.8566033889933,0.08548805028241611,56.99203352161074,256.46415084724833,47.86070040653208,False,,2025-11-23-qwen3-failure-classifications
560535484520,560535484520-1,bypass,240,151,18,5,56,45.0,5.0,11.0,9,35.0,50.0,4.0,1025.8566033889933,0.08548805028241611,56.99203352161074,256.46415084724833,48.119133962507846,False,,2025-11-23-qwen3-failure-classifications
560535484520,560535484520-1,a_only,240,151,18,5,56,45.0,5.0,11.0,9,35.0,50.0,4.0,1025.8566033889933,0.08548805028241611,56.99203352161074,256.46415084724833,48.119133962507846,False,,2025-11-23-qwen3-failure-classifications
560535484520,560535484520-1,b_only,225,151,18,5,58,46.0,5.111111111111111,11.0,9,35.0,50.0,4.0,1025.8566033889933,0.08548805028241611,56.99203352161074,256.46415084724833,48.4735672447847,False,,2025-11-23-qwen3-failure-classifications
560535484520,560535484520-1,ground_truth,235,151,18,5,56,46.0,5.111111111111111,11.0,9,35.0,50.0,4.0,1025.8566033889933,0.08548805028241611,56.99203352161074,256.46415084724833,48.14325507891783,False,,2025-11-23-qwen3-failure-classifications
565259960336,565259960336-1,agent,592,445,37,78,123,109.0,5.7368421052631575,33.0,19,181.0,290.0,11.925465838509316,25937.35521694366,0.7249851024180433,1440.9641787190922,2174.95530725413,29.628909990008697,False,,2025-11-23-qwen3-failure-classifications
565259960336,565259960336-1,bypass,585,440,33,78,120,109.0,5.7368421052631575,34.0,19,181.0,290.0,11.925465838509316,25937.35521694366,0.7249851024180433,1440.9641787190922,2174.95530725413,29.54394484336262,False,,2025-11-23-qwen3-failure-classifications
565259960336,565259960336-1,a_only,585,440,33,78,120,109.0,5.7368421052631575,34.0,19,181.0,290.0,11.925465838509316,25937.35521694366,0.7249851024180433,1440.9641787190922,2174.95530725413,29.54394484336262,False,,2025-11-23-qwen3-failure-classifications
565259960336,565259960336-1,b_only,533,399,34,78,117,101.0,5.315789473684211,28.0,19,174.0,276.0,11.216129032258065,23040.76003767169,0.684750801618083,1280.042224315094,2054.252404854249,32.55038139306768,False,,2025-11-23-qwen3-failure-classifications
565259960336,565259960336-1,ground_truth,592,445,37,78,121,110.0,5.7894736842105265,34.0,19,181.0,290.0,11.925465838509316,25937.35521694366,0.7249851024180433,1440.9641787190922,2174.95530725413,29.494407066032093,False,,2025-11-23-qwen3-failure-classifications
565480322436,565480322436-1,agent,47,47,6,0,11,0.0,0.0,0.0,0,0.0,0.0,0.0,0.0,0.0,0.0,0.0,100.0,False,,2025-11-23-qwen3-failure-classifications
565480322436,565480322436-1,bypass,47,47,6,0,10,0.0,0.0,0.0,0,0.0,0.0,0.0,0.0,0.0,0.0,0.0,100.0,False,,2025-11-23-qwen3-failure-classifications
565480322436,565480322436-1,a_only,47,47,6,0,10,0.0,0.0,0.0,0,0.0,0.0,0.0,0.0,0.0,0.0,0.0,100.0,False,,2025-11-23-qwen3-failure-classifications
565480322436,565480322436-1,b_only,47,47,6,0,11,0.0,0.0,0.0,0,0.0,0.0,0.0,0.0,0.0,0.0,0.0,100.0,False,,2025-11-23-qwen3-failure-classifications
565480322436,565480322436-1,ground_truth,47,47,6,0,11,0.0,0.0,0.0,0,0.0,0.0,0.0,0.0,0.0,0.0,0.0,100.0,False,,2025-11-23-qwen3-failure-classifications
568854254076,568854254076-1,agent,108,62,16,0,27,14.0,3.5,4.0,4,12.0,15.0,2.25,120.99248439933903,0.017924812503605784,6.721804688852169,53.77443751081735,68.22900222058877,False,,2025-11-23-qwen3-failure-classifications
568854254076,568854254076-1,bypass,109,62,15,0,28,13.0,3.25,4.0,4,12.0,15.0,2.25,120.99248439933903,0.017924812503605784,6.721804688852169,53.77443751081735,67.76513378819479,False,,2025-11-23-qwen3-failure-classifications
568854254076,568854254076-1,a_only,109,62,15,0,28,13.0,3.25,4.0,4,12.0,15.0,2.25,120.99248439933903,0.017924812503605784,6.721804688852169,53.77443751081735,67.76513378819479,False,,2025-11-23-qwen3-failure-classifications
568854254076,568854254076-1,b_only,108,62,16,0,28,13.0,3.25,4.0,4,12.0,15.0,2.25,120.99248439933903,0.017924812503605784,6.721804688852169,53.77443751081735,68.36350514456537,False,,2025-11-23-qwen3-failure-classifications
568854254076,568854254076-1,ground_truth,108,62,15,0,28,13.0,3.25,4.0,4,12.0,15.0,2.25,120.99248439933903,0.017924812503605784,6.721804688852169,53.77443751081735,67.83963108344268,False,,2025-11-23-qwen3-failure-classifications
569274523594,569274523594-1,agent,302,143,17,107,36,47.0,4.2727272727272725,16.0,11,45.0,65.0,7.636363636363637,2725.956173269093,0.1189901504204763,151.44200962606072,356.9704512614289,57.84122187509424,False,,2025-11-23-qwen3-failure-classifications
569274523594,569274523594-1,bypass,281,135,14,91,455,45.0,4.090909090909091,14.0,11,42.0,62.0,7.096774193548387,2372.6196660226547,0.1114412267374277,131.81220366792525,334.32368021228314,58.3721272943132,False,,2025-11-23-qwen3-failure-classifications
569274523594,569274523594-1,a_only,281,135,14,91,455,45.0,4.090909090909091,14.0,11,42.0,62.0,7.096774193548387,2372.6196660226547,0.1114412267374277,131.81220366792525,334.32368021228314,58.3721272943132,False,,2025-11-23-qwen3-failure-classifications
569274523594,569274523594-1,b_only,289,141,17,99,474,47.0,4.2727272727272725,16.0,11,45.0,65.0,7.636363636363637,2725.956173269093,0.1189901504204763,151.44200962606072,356.9704512614289,57.86606934907048,False,,2025-11-23-qwen3-failure-classifications
569274523594,569274523594-1,ground_truth,289,141,17,96,471,47.0,4.2727272727272725,16.0,11,45.0,65.0,7.636363636363637,2725.956173269093,0.1189901504204763,151.44200962606072,356.9704512614289,57.73445903164269,False,,2025-11-23-qwen3-failure-classifications
569349300917,569349300917-1,agent,525,428,91,394,1512,0.0,0.0,0.0,0,0.0,0.0,0.0,0.0,0.0,0.0,0.0,0.0,False,,2025-11-23-qwen3-failure-classifications
569349300917,569349300917-1,bypass,772,640,118,425,1930,205.0,7.321428571428571,20.0,28,262.0,523.0,12.614754098360656,53000.63994810238,1.4004934099346955,2944.4799971167986,4201.480229804087,18.30646536865031,False,,2025-11-23-qwen3-failure-classifications
569349300917,569349300917-1,a_only,772,640,118,425,1930,205.0,7.321428571428571,20.0,28,262.0,523.0,12.614754098360656,53000.63994810238,1.4004934099346955,2944.4799971167986,4201.480229804087,18.30646536865031,False,,2025-11-23-qwen3-failure-classifications
569349300917,569349300917-1,b_only,481,407,86,394,1458,137.0,6.523809523809524,16.0,21,166.0,291.0,9.437086092715232,20253.27467678004,0.7153788248406517,1125.1819264877802,2146.1364745219553,29.681783902714567,False,,2025-11-23-qwen3-failure-classifications
569349300917,569349300917-1,ground_truth,782,644,113,425,1938,206.0,7.103448275862069,20.0,29,265.0,522.0,12.425101214574898,52210.535520217374,1.400673647604398,2900.585306678743,4202.020942813194,18.334677295140125,False,,2025-11-23-qwen3-failure-classifications
569799787608,569799787608-1,agent,64,64,10,0,19,19.0,9.5,10.0,2,13.0,16.0,2.2222222222222223,131.57118997834996,0.019735678496752493,7.309510554352776,59.207035490257475,67.12861366855859,False,,2025-11-23-qwen3-failure-classifications
569799787608,569799787608-1,bypass,59,55,8,0,16,17.0,8.5,10.0,2,9.0,10.0,1.5,47.548875021634686,0.010566416671474375,2.6416041678685938,31.699250014423125,69.5807981258051,False,,2025-11-23-qwen3-failure-classifications
569799787608,569799787608-1,a_only,59,55,8,0,16,17.0,8.5,10.0,2,9.0,10.0,1.5,47.548875021634686,0.010566416671474375,2.6416041678685938,31.699250014423125,69.5807981258051,False,,2025-11-23-qwen3-failure-classifications
569799787608,569799787608-1,b_only,102,107,14,20,35,33.0,5.5,11.0,6,25.0,32.0,3.888888888888889,577.9021036164102,0.04953446602426373,32.105672423133896,148.60339807279118,63.96981779190117,False,,2025-11-23-qwen3-failure-classifications
569799787608,569799787608-1,ground_truth,55,55,8,0,16,17.0,8.5,10.0,2,9.0,10.0,1.5,47.548875021634686,0.010566416671474375,2.6416041678685938,31.699250014423125,70.14928876876793,False,,2025-11-23-qwen3-failure-classifications
572378182939,572378182939-1,agent,348,290,78,91,76,69.0,3.1363636363636362,7.0,22,107.0,174.0,9.130434782608695,10710.139290569474,0.39100508521126653,595.0077383649708,1173.0152556337996,47.20833437934286,False,,2025-11-23-qwen3-failure-classifications
572378182939,572378182939-1,bypass,348,290,78,91,75,69.0,3.1363636363636362,7.0,22,107.0,174.0,9.130434782608695,10710.139290569474,0.39100508521126653,595.0077383649708,1173.0152556337996,47.20833437934286,False,,2025-11-23-qwen3-failure-classifications
572378182939,572378182939-1,a_only,348,290,78,91,75,69.0,3.1363636363636362,7.0,22,107.0,174.0,9.130434782608695,10710.139290569474,0.39100508521126653,595.0077383649708,1173.0152556337996,47.20833437934286,False,,2025-11-23-qwen3-failure-classifications
572378182939,572378182939-1,b_only,303,257,77,91,71,62.0,2.9523809523809526,7.0,21,88.0,144.0,9.452054794520548,8791.905830517835,0.3100527176945903,488.4392128065464,930.1581530837709,50.2232037036299,False,,2025-11-23-qwen3-failure-classifications
572378182939,572378182939-1,ground_truth,349,291,78,91,75,69.0,3.1363636363636362,7.0,22,107.0,174.0,9.130434782608695,10710.139290569474,0.39100508521126653,595.0077383649708,1173.0152556337996,47.16800433467594,False,,2025-11-23-qwen3-failure-classifications
573684811854,573684811854-1,agent,1892,1539,354,167,319,0.0,0.0,0.0,0,0.0,0.0,0.0,0.0,0.0,0.0,0.0,0.0,False,,2025-11-23-qwen3-failure-classifications
573684811854,573684811854-1,bypass,1684,1387,306,167,285,540.0,16.875,89.0,32,473.0,936.0,10.713347921225383,89103.04113667837,2.7723372684818908,4950.168952037687,8317.011805445673,0.0,False,,2025-11-23-qwen3-failure-classifications
573684811854,573684811854-1,a_only,1684,1387,306,167,285,540.0,16.875,89.0,32,473.0,936.0,10.713347921225383,89103.04113667837,2.7723372684818908,4950.168952037687,8317.011805445673,0.0,False,,2025-11-23-qwen3-failure-classifications
573684811854,573684811854-1,b_only,1859,1525,351,162,308,606.0,17.823529411764707,83.0,34,528.0,1044.0,11.344422700587085,107117.98087897747,3.147449153536742,5950.99893772097,9442.347460610226,0.0,False,,2025-11-23-qwen3-failure-classifications
573684811854,573684811854-1,ground_truth,1906,1563,365,167,321,625.0,18.38235294117647,90.0,34,543.0,1073.0,12.034285714285714,117310.20992365858,3.24933313337136,6517.233884647699,9747.99940011408,0.0,False,,2025-11-23-qwen3-failure-classifications
575333688393,575333688393-1,agent,600,239,30,53,80,106.0,5.3,22.0,20,74.0,142.0,7.34375,6475.29558784494,0.2939141259731037,359.73864376916333,881.742377919311,35.8925682297172,False,,2025-11-23-qwen3-failure-classifications
575333688393,575333688393-1,bypass,580,221,30,53,76,101.0,5.611111111111111,20.0,18,71.0,137.0,7.459016393442623,6284.33584744794,0.2808384517907138,349.12976930266336,842.5153553721415,37.71987144868408,False,,2025-11-23-qwen3-failure-classifications
575333688393,575333688393-1,a_only,580,221,30,53,76,101.0,5.611111111111111,20.0,18,71.0,137.0,7.459016393442623,6284.33584744794,0.2808384517907138,349.12976930266336,842.5153553721415,37.71987144868408,False,,2025-11-23-qwen3-failure-classifications
575333688393,575333688393-1,b_only,616,242,32,58,84,106.0,5.0476190476190474,21.0,21,77.0,148.0,7.313432835820896,6783.094924346184,0.3091614693409485,376.83860690812133,927.4844080228455,35.92928447739227,False,,2025-11-23-qwen3-failure-classifications
575333688393,575333688393-1,ground_truth,599,238,30,53,81,104.0,5.2,21.0,20,74.0,142.0,7.34375,6475.29558784494,0.2939141259731037,359.73864376916333,881.742377919311,36.08027834996542,False,,2025-11-23-qwen3-failure-classifications
576835630666,576835630666-1,agent,991,882,87,9,224,259.0,9.592592592592593,42.0,27,274.0,490.0,10.616731517509727,42127.569898036265,1.3226785735502193,2340.4205498909037,3968.0357206506583,0.0,False,,2025-11-23-qwen3-failure-classifications
576835630666,576835630666-1,bypass,960,857,88,9,214,258.0,9.555555555555555,42.0,27,264.0,477.0,10.064516129032258,38619.31969094847,1.2790586649779943,2145.5177606082484,3837.1759949339826,0.0,False,,2025-11-23-qwen3-failure-classifications
576835630666,576835630666-1,a_only,960,857,88,9,214,258.0,9.555555555555555,42.0,27,264.0,477.0,10.064516129032258,38619.31969094847,1.2790586649779943,2145.5177606082484,3837.1759949339826,0.0,False,,2025-11-23-qwen3-failure-classifications
576835630666,576835630666-1,b_only,990,881,87,9,224,259.0,9.592592592592593,42.0,27,274.0,490.0,10.616731517509727,42127.569898036265,1.3226785735502193,2340.4205498909037,3968.0357206506583,0.0,False,,2025-11-23-qwen3-failure-classifications
576835630666,576835630666-1,ground_truth,991,882,87,9,224,259.0,9.592592592592593,42.0,27,274.0,490.0,10.616731517509727,42127.569898036265,1.3226785735502193,2340.4205498909037,3968.0357206506583,0.0,False,,2025-11-23-qwen3-failure-classifications
578982595950,578982595950-1,agent,169,184,68,138,117,65.0,2.6,4.0,25,90.0,147.0,6.125,5845.102231607831,0.31810080172015404,324.7279017559906,954.3024051604622,46.25940183634353,False,,2025-11-23-qwen3-failure-classifications
578982595950,578982595950-1,bypass,169,184,68,138,111,65.0,2.6,4.0,25,90.0,147.0,6.125,5845.102231607831,0.31810080172015404,324.7279017559906,954.3024051604622,46.25940183634353,False,,2025-11-23-qwen3-failure-classifications
578982595950,578982595950-1,a_only,169,184,68,138,111,65.0,2.6,4.0,25,90.0,147.0,6.125,5845.102231607831,0.31810080172015404,324.7279017559906,954.3024051604622,46.25940183634353,False,,2025-11-23-qwen3-failure-classifications
578982595950,578982595950-1,b_only,169,183,68,134,110,65.0,2.6,4.0,25,90.0,147.0,6.125,5845.102231607831,0.31810080172015404,324.7279017559906,954.3024051604622,46.73430026148508,False,,2025-11-23-qwen3-failure-classifications
578982595950,578982595950-1,ground_truth,169,184,68,138,112,65.0,2.6,4.0,25,90.0,147.0,6.125,5845.102231607831,0.31810080172015404,324.7279017559906,954.3024051604622,46.25940183634353,False,,2025-11-23-qwen3-failure-classifications
590958933601,590958933601-1,agent,176,185,6,54,59,69.0,2.3,9.0,30,50.0,87.0,3.75,1841.3080819140039,0.163671829503467,102.29489343966688,491.01548851040104,50.58270110113095,False,,2025-11-23-qwen3-failure-classifications
590958933601,590958933601-1,bypass,173,182,6,54,62,70.0,2.413793103448276,9.0,29,57.0,96.0,3.588235294117647,2009.2590542911018,0.18665248045327174,111.62550301617233,559.9574413598152,50.309917948201544,False,,2025-11-23-qwen3-failure-classifications
590958933601,590958933601-1,a_only,173,182,6,54,62,70.0,2.413793103448276,9.0,29,57.0,96.0,3.588235294117647,2009.2590542911018,0.18665248045327174,111.62550301617233,559.9574413598152,50.309917948201544,False,,2025-11-23-qwen3-failure-classifications
590958933601,590958933601-1,b_only,137,140,6,37,41,51.0,3.1875,9.0,16,48.0,83.0,3.7857142857142856,1754.8750029051691,0.15451729585328533,97.49305571695385,463.551887559856,55.011897877308414,False,,2025-11-23-qwen3-failure-classifications
590958933601,590958933601-1,ground_truth,175,184,6,54,61,69.0,2.3,9.0,30,51.0,87.0,3.6666666666666665,1809.5036840889072,0.1645003349171734,100.52798244938373,493.50100475152016,50.65417704792228,False,,2025-11-23-qwen3-failure-classifications
594353169005,594353169005-1,agent,32,34,6,6,11,16.0,2.2857142857142856,7.0,7,11.0,11.0,2.0,76.10749561002055,0.012684582601670092,4.228194200556697,38.053747805010275,81.56060824883053,False,,2025-11-23-qwen3-failure-classifications
594353169005,594353169005-1,bypass,34,34,6,0,13,16.0,2.2857142857142856,7.0,7,11.0,11.0,2.0,76.10749561002055,0.012684582601670092,4.228194200556697,38.053747805010275,76.00059719805552,False,,2025-11-23-qwen3-failure-classifications
594353169005,594353169005-1,a_only,34,34,6,0,13,16.0,2.2857142857142856,7.0,7,11.0,11.0,2.0,76.10749561002055,0.012684582601670092,4.228194200556697,38.053747805010275,76.00059719805552,False,,2025-11-23-qwen3-failure-classifications
594353169005,594353169005-1,b_only,29,31,1,6,10,15.0,2.5,7.0,6,11.0,11.0,2.0,76.10749561002055,0.012684582601670092,4.228194200556697,38.053747805010275,79.53807642614456,False,,2025-11-23-qwen3-failure-classifications
594353169005,594353169005-1,ground_truth,33,33,1,0,11,16.0,2.2857142857142856,7.0,7,11.0,11.0,2.0,76.10749561002055,0.012684582601670092,4.228194200556697,38.053747805010275,64.24582740777274,False,,2025-11-23-qwen3-failure-classifications
598639147742,598639147742-1,agent,80,117,1,40,16,18.0,2.0,5.0,9,19.0,57.0,8.76923076923077,2123.310229412032,0.08071062275542812,117.96167941177957,242.13186826628436,65.16758234769786,False,,2025-11-23-qwen3-failure-classifications
598639147742,598639147742-1,bypass,101,126,1,29,21,26.0,2.1666666666666665,5.0,12,20.0,42.0,6.0,1089.1258799116154,0.060506993328423075,60.50699332842308,181.52097998526924,61.57344616670957,False,,2025-11-23-qwen3-failure-classifications
598639147742,598639147742-1,a_only,101,126,1,29,21,26.0,2.1666666666666665,5.0,12,20.0,42.0,6.0,1089.1258799116154,0.060506993328423075,60.50699332842308,181.52097998526924,61.57344616670957,False,,2025-11-23-qwen3-failure-classifications
598639147742,598639147742-1,b_only,79,115,1,30,16,18.0,2.0,5.0,9,19.0,57.0,8.76923076923077,2123.310229412032,0.08071062275542812,117.96167941177957,242.13186826628436,64.36129074652088,False,,2025-11-23-qwen3-failure-classifications
598639147742,598639147742-1,ground_truth,79,115,1,30,16,18.0,2.0,5.0,9,19.0,57.0,8.76923076923077,2123.310229412032,0.08071062275542812,117.96167941177957,242.13186826628436,64.36129074652088,False,,2025-11-23-qwen3-failure-classifications
60581983439,60581983439-1,agent,116,78,22,0,45,7.0,3.5,4.0,2,24.0,33.0,2.2,332.868277552356,0.05043458750793273,18.492682086242,151.30376252379818,64.39249193208167,False,,2025-11-23-qwen3-failure-classifications
60581983439,60581983439-1,bypass,116,78,22,0,43,7.0,3.5,4.0,2,24.0,33.0,2.2,332.868277552356,0.05043458750793273,18.492682086242,151.30376252379818,64.39249193208167,False,,2025-11-23-qwen3-failure-classifications
60581983439,60581983439-1,a_only,116,78,22,0,43,7.0,3.5,4.0,2,24.0,33.0,2.2,332.868277552356,0.05043458750793273,18.492682086242,151.30376252379818,64.39249193208167,False,,2025-11-23-qwen3-failure-classifications
60581983439,60581983439-1,b_only,62,43,20,0,25,1.0,1.0,1.0,1,11.0,12.0,1.5,62.26976913547136,0.01383772647454919,3.4594316186372978,41.51317942364757,79.23017507987022,False,,2025-11-23-qwen3-failure-classifications
60581983439,60581983439-1,ground_truth,116,78,22,0,43,7.0,3.5,4.0,2,24.0,33.0,2.2,332.868277552356,0.05043458750793273,18.492682086242,151.30376252379818,64.39249193208167,False,,2025-11-23-qwen3-failure-classifications
606461807621,606461807621-1,agent,416,242,24,24,54,66.0,13.2,49.0,5,58.0,92.0,6.670212765957447,3594.8061247121154,0.17964475051724552,199.7114513728953,538.9342515517366,39.456844615061286,False,,2025-11-23-qwen3-failure-classifications
606461807621,606461807621-1,bypass,450,262,34,24,60,73.0,14.6,53.0,5,64.0,101.0,6.537735849056604,3961.867924528302,0.202,220.10377358490567,606.0,38.28371149414885,False,,2025-11-23-qwen3-failure-classifications
606461807621,606461807621-1,a_only,450,262,34,24,60,73.0,14.6,53.0,5,64.0,101.0,6.537735849056604,3961.867924528302,0.202,220.10377358490567,606.0,38.28371149414885,False,,2025-11-23-qwen3-failure-classifications
606461807621,606461807621-1,b_only,398,234,29,24,55,66.0,13.2,49.0,5,52.0,81.0,5.232558139534884,2416.058461933056,0.1539118723898095,134.225470107392,461.7356171694285,41.38467048079117,False,,2025-11-23-qwen3-failure-classifications
606461807621,606461807621-1,ground_truth,430,254,31,24,59,70.0,14.0,53.0,5,62.0,98.0,6.578431372549019,3838.5886370433345,0.1945037461393046,213.25492428018526,583.5112384179138,39.034835040476125,False,,2025-11-23-qwen3-failure-classifications
615947221682,615947221682-1,agent,291,239,41,84,89,71.0,2.84,11.0,25,77.0,123.0,5.597014925373134,4314.261629694812,0.256938248168491,239.68120164971177,770.814744505473,47.87559272870641,False,,2025-11-23-qwen3-failure-classifications
615947221682,615947221682-1,bypass,291,239,41,81,89,71.0,2.84,11.0,25,77.0,123.0,5.597014925373134,4314.261629694812,0.256938248168491,239.68120164971177,770.814744505473,47.770531165582454,False,,2025-11-23-qwen3-failure-classifications
615947221682,615947221682-1,a_only,291,239,41,81,89,71.0,2.84,11.0,25,77.0,123.0,5.597014925373134,4314.261629694812,0.256938248168491,239.68120164971177,770.814744505473,47.770531165582454,False,,2025-11-23-qwen3-failure-classifications
615947221682,615947221682-1,b_only,290,245,41,86,91,72.0,2.88,11.0,25,77.0,123.0,5.597014925373134,4314.261629694812,0.256938248168491,239.68120164971177,770.814744505473,47.58507685689881,False,,2025-11-23-qwen3-failure-classifications
615947221682,615947221682-1,ground_truth,291,239,41,86,88,71.0,2.84,11.0,25,77.0,123.0,5.597014925373134,4314.261629694812,0.256938248168491,239.68120164971177,770.814744505473,47.94072769832028,False,,2025-11-23-qwen3-failure-classifications
624665049832,624665049832-1,agent,45,16,3,0,51,0.0,0.0,0.0,0,0.0,0.0,0.0,0.0,0.0,0.0,0.0,100.0,False,,2025-11-23-qwen3-failure-classifications
624665049832,624665049832-1,bypass,36,12,3,0,42,0.0,0.0,0.0,0,0.0,0.0,0.0,0.0,0.0,0.0,0.0,100.0,False,,2025-11-23-qwen3-failure-classifications
624665049832,624665049832-1,a_only,36,12,3,0,42,0.0,0.0,0.0,0,0.0,0.0,0.0,0.0,0.0,0.0,0.0,100.0,False,,2025-11-23-qwen3-failure-classifications
624665049832,624665049832-1,b_only,43,15,3,0,49,0.0,0.0,0.0,0,0.0,0.0,0.0,0.0,0.0,0.0,0.0,100.0,False,,2025-11-23-qwen3-failure-classifications
624665049832,624665049832-1,ground_truth,45,16,3,0,51,0.0,0.0,0.0,0,0.0,0.0,0.0,0.0,0.0,0.0,0.0,100.0,False,,2025-11-23-qwen3-failure-classifications
625741132951,625741132951-1,agent,814,696,70,0,72,93.0,13.285714285714286,63.0,7,210.0,459.0,15.578947368421053,55162.53963222053,1.1802795642029167,3064.5855351233627,3540.83869260875,18.132574595681035,False,,2025-11-23-qwen3-failure-classifications
625741132951,625741132951-1,bypass,814,695,70,0,73,92.0,13.142857142857142,62.0,7,209.0,456.0,15.555555555555555,54670.86744356039,1.1715185880762942,3037.270413531133,3514.5557642288823,18.303355363761852,False,,2025-11-23-qwen3-failure-classifications
625741132951,625741132951-1,a_only,814,695,70,0,73,92.0,13.142857142857142,62.0,7,209.0,456.0,15.555555555555555,54670.86744356039,1.1715185880762942,3037.270413531133,3514.5557642288823,18.303355363761852,False,,2025-11-23-qwen3-failure-classifications
625741132951,625741132951-1,b_only,818,700,69,0,72,93.0,13.285714285714286,63.0,7,212.0,459.0,15.416666666666666,54684.697116602845,1.1823718295481696,3038.038728700158,3547.115488644509,17.932596389111957,False,,2025-11-23-qwen3-failure-classifications
625741132951,625741132951-1,ground_truth,818,700,69,0,72,93.0,13.285714285714286,63.0,7,211.0,459.0,15.497382198952879,54922.4827316499,1.1813281758721994,3051.2490406472166,3543.9845276165984,17.93528174164568,False,,2025-11-23-qwen3-failure-classifications
630196795468,630196795468-1,agent,263,264,8,36,59,67.0,2.576923076923077,8.0,26,53.0,81.0,3.880434782608696,1800.3725628761308,0.15465385227320638,100.02069793756283,463.96155681961915,41.68130356389431,False,,2025-11-23-qwen3-failure-classifications
630196795468,630196795468-1,bypass,153,161,6,36,40,39.0,2.0526315789473686,5.0,19,26.0,36.0,3.45,583.7946129931237,0.05640527661769311,32.433034055173536,169.21582985307933,57.14573283743504,False,,2025-11-23-qwen3-failure-classifications
630196795468,630196795468-1,a_only,153,161,6,36,40,39.0,2.0526315789473686,5.0,19,26.0,36.0,3.45,583.7946129931237,0.05640527661769311,32.433034055173536,169.21582985307933,57.14573283743504,False,,2025-11-23-qwen3-failure-classifications
630196795468,630196795468-1,b_only,233,239,8,36,57,59.0,2.4583333333333335,8.0,24,45.0,68.0,3.3076923076923075,1235.2444964359977,0.12448200351680597,68.62469424644432,373.4460105504179,45.35255852730009,False,,2025-11-23-qwen3-failure-classifications
630196795468,630196795468-1,ground_truth,263,264,8,36,59,67.0,2.576923076923077,8.0,26,53.0,81.0,3.880434782608696,1800.3725628761308,0.15465385227320638,100.02069793756283,463.96155681961915,41.68130356389431,False,,2025-11-23-qwen3-failure-classifications
630830314887,630830314887-1,agent,529,391,67,183,93,120.0,4.615384615384615,18.0,26,221.0,448.0,12.291666666666666,42885.383427048815,1.1629934488691205,2382.521301502712,3488.9803466073613,34.66327069321617,False,,2025-11-23-qwen3-failure-classifications
630830314887,630830314887-1,bypass,545,376,86,185,101,116.0,4.461538461538462,10.0,26,231.0,472.0,13.140845070422536,48700.307547361095,1.235341849182793,2705.5726415200606,3706.025547548379,35.25628036641918,False,,2025-11-23-qwen3-failure-classifications
630830314887,630830314887-1,a_only,545,376,86,185,101,116.0,4.461538461538462,10.0,26,231.0,472.0,13.140845070422536,48700.307547361095,1.235341849182793,2705.5726415200606,3706.025547548379,35.25628036641918,False,,2025-11-23-qwen3-failure-classifications
630830314887,630830314887-1,b_only,545,401,86,185,95,132.0,5.076923076923077,18.0,26,235.0,490.0,12.594036697247706,48606.6003010512,1.28649776793895,2700.366683391733,3859.49330381685,32.64000808482198,False,,2025-11-23-qwen3-failure-classifications
630830314887,630830314887-1,ground_truth,528,385,84,185,108,119.0,4.576923076923077,18.0,26,221.0,448.0,12.291666666666666,42885.383427048815,1.1629934488691205,2382.521301502712,3488.9803466073613,35.13368519383831,False,,2025-11-23-qwen3-failure-classifications
632809182375,632809182375-1,agent,1517,1180,172,13,156,332.0,7.72093023255814,78.0,43,404.0,878.0,16.701570680628272,126963.83185927164,2.5339698939520257,7053.54621440398,7601.9096818560765,0.0,False,,2025-11-23-qwen3-failure-classifications
632809182375,632809182375-1,bypass,1546,1197,176,13,156,331.0,7.6976744186046515,81.0,43,408.0,883.0,15.817829457364342,121129.00847122926,2.552583858986943,6729.3893595127365,7657.75157696083,0.0,False,,2025-11-23-qwen3-failure-classifications
632809182375,632809182375-1,a_only,1546,1197,176,13,156,331.0,7.6976744186046515,81.0,43,408.0,883.0,15.817829457364342,121129.00847122926,2.552583858986943,6729.3893595127365,7657.75157696083,0.0,False,,2025-11-23-qwen3-failure-classifications
632809182375,632809182375-1,b_only,1497,1147,162,13,151,321.0,7.465116279069767,78.0,43,391.0,854.0,16.005405405405405,117700.79318271525,2.4512717256334935,6538.932954595291,7353.81517690048,0.0,False,,2025-11-23-qwen3-failure-classifications
632809182375,632809182375-1,ground_truth,1562,1207,175,13,156,343.0,7.976744186046512,83.0,43,423.0,919.0,16.65087281795511,133503.83815087797,2.672609410339078,7416.879897270998,8017.8282310172335,0.0,False,,2025-11-23-qwen3-failure-classifications
635028748796,635028748796-1,agent,92,80,1,10,31,18.0,1.5,2.0,12,9.0,12.0,2.0,76.0782000346155,0.012679700005769252,4.226566668589751,38.03910001730775,65.01015808127327,False,,2025-11-23-qwen3-failure-classifications
635028748796,635028748796-1,bypass,81,73,7,10,31,18.0,1.5,2.0,12,6.0,6.0,1.0,15.509775004326936,0.005169925001442312,0.861654166907052,15.509775004326936,73.17447007929815,False,,2025-11-23-qwen3-failure-classifications
635028748796,635028748796-1,a_only,81,73,7,10,31,18.0,1.5,2.0,12,6.0,6.0,1.0,15.509775004326936,0.005169925001442312,0.861654166907052,15.509775004326936,73.17447007929815,False,,2025-11-23-qwen3-failure-classifications
635028748796,635028748796-1,b_only,92,80,1,10,31,18.0,1.5,2.0,12,9.0,12.0,2.0,76.0782000346155,0.012679700005769252,4.226566668589751,38.03910001730775,65.01015808127327,False,,2025-11-23-qwen3-failure-classifications
635028748796,635028748796-1,ground_truth,0,0,0,0,0,0.0,0.0,0.0,0,0.0,0.0,0.0,0.0,0.0,0.0,0.0,0.0,False,,2025-11-23-qwen3-failure-classifications
635498437105,635498437105-1,agent,122,120,3,44,48,27.0,4.5,9.0,6,44.0,67.0,7.166666666666667,2621.4370822156757,0.12192730614956632,145.6353934564264,365.78191844869895,61.80082486923215,False,,2025-11-23-qwen3-failure-classifications
635498437105,635498437105-1,bypass,62,63,0,24,28,13.0,3.25,4.0,4,18.0,28.0,3.4615384615384617,404.1619616782549,0.03891930001346158,22.453442315458606,116.75790004038474,73.01705289277362,False,,2025-11-23-qwen3-failure-classifications
635498437105,635498437105-1,a_only,62,63,0,24,28,13.0,3.25,4.0,4,18.0,28.0,3.4615384615384617,404.1619616782549,0.03891930001346158,22.453442315458606,116.75790004038474,73.01705289277362,False,,2025-11-23-qwen3-failure-classifications
635498437105,635498437105-1,b_only,127,133,3,47,57,27.0,3.857142857142857,9.0,7,51.0,79.0,7.0125,3142.452734135434,0.14937386733858274,174.58070745196858,448.1216020157482,60.45599982002264,False,,2025-11-23-qwen3-failure-classifications
635498437105,635498437105-1,ground_truth,112,117,3,40,52,0.0,0.0,0.0,0,0.0,0.0,0.0,0.0,0.0,0.0,0.0,0.0,False,,2025-11-23-qwen3-failure-classifications
635627844153,635627844153-1,agent,44,40,18,0,15,3.0,3.0,3.0,1,8.0,12.0,1.3333333333333333,48.0,0.012,2.6666666666666665,36.0,81.98056592115809,False,,2025-11-23-qwen3-failure-classifications
635627844153,635627844153-1,bypass,44,40,18,0,15,3.0,3.0,3.0,1,8.0,12.0,1.3333333333333333,48.0,0.012,2.6666666666666665,36.0,81.98056592115809,False,,2025-11-23-qwen3-failure-classifications
635627844153,635627844153-1,a_only,44,40,18,0,15,3.0,3.0,3.0,1,8.0,12.0,1.3333333333333333,48.0,0.012,2.6666666666666665,36.0,81.98056592115809,False,,2025-11-23-qwen3-failure-classifications
635627844153,635627844153-1,b_only,44,40,18,0,15,3.0,3.0,3.0,1,8.0,12.0,1.3333333333333333,48.0,0.012,2.6666666666666665,36.0,81.98056592115809,False,,2025-11-23-qwen3-failure-classifications
635627844153,635627844153-1,ground_truth,44,40,18,0,15,3.0,3.0,3.0,1,8.0,12.0,1.3333333333333333,48.0,0.012,2.6666666666666665,36.0,81.98056592115809,False,,2025-11-23-qwen3-failure-classifications
636880880015,636880880015-1,agent,128,71,2,4,24,0.0,0.0,0.0,0,0.0,0.0,0.0,0.0,0.0,0.0,0.0,0.0,False,,2025-11-23-qwen3-failure-classifications
636880880015,636880880015-1,bypass,130,69,2,4,22,18.0,4.5,8.0,4,25.0,39.0,1.7727272727272727,321.05933021124343,0.06037013046707142,17.83662945618019,181.11039140121426,54.65026847298815,False,,2025-11-23-qwen3-failure-classifications
636880880015,636880880015-1,a_only,130,69,2,4,22,18.0,4.5,8.0,4,25.0,39.0,1.7727272727272727,321.05933021124343,0.06037013046707142,17.83662945618019,181.11039140121426,54.65026847298815,False,,2025-11-23-qwen3-failure-classifications
636880880015,636880880015-1,b_only,110,63,4,0,23,15.0,3.75,7.0,4,18.0,27.0,1.8,202.65835507009638,0.03752932501298081,11.258797503894243,112.58797503894243,56.025847856523065,False,,2025-11-23-qwen3-failure-classifications
636880880015,636880880015-1,ground_truth,137,73,4,4,23,19.0,3.8,7.0,5,24.0,36.0,1.7142857142857142,282.95768575879134,0.05501955000865388,15.719871431043963,165.05865002596164,55.844710174785874,False,,2025-11-23-qwen3-failure-classifications
637076674869,637076674869-1,agent,1045,870,114,846,465,0.0,0.0,0.0,0,0.0,0.0,0.0,0.0,0.0,0.0,0.0,0.0,False,,2025-11-23-qwen3-failure-classifications
637076674869,637076674869-1,bypass,1051,869,126,843,465,329.0,1.731578947368421,13.0,190,146.0,252.0,5.452554744525547,9879.133826728541,0.6039452629459215,548.8407681515856,1811.8357888377645,0.0,False,,2025-11-23-qwen3-failure-classifications
637076674869,637076674869-1,a_only,1051,869,126,843,465,329.0,1.731578947368421,13.0,190,146.0,252.0,5.452554744525547,9879.133826728541,0.6039452629459215,548.8407681515856,1811.8357888377645,0.0,False,,2025-11-23-qwen3-failure-classifications
637076674869,637076674869-1,b_only,1050,868,126,843,465,329.0,1.731578947368421,13.0,190,146.0,252.0,5.452554744525547,9879.133826728541,0.6039452629459215,548.8407681515856,1811.8357888377645,0.0,False,,2025-11-23-qwen3-failure-classifications
637076674869,637076674869-1,ground_truth,1050,868,126,843,465,329.0,1.731578947368421,13.0,190,146.0,252.0,5.452554744525547,9879.133826728541,0.6039452629459215,548.8407681515856,1811.8357888377645,0.0,False,,2025-11-23-qwen3-failure-classifications
645631419829,645631419829-1,agent,165,117,8,20,37,27.0,4.5,12.0,6,52.0,77.0,7.65,3357.844015971011,0.14631128609895472,186.54688977616726,438.9338582968641,55.325160083616716,False,,2025-11-23-qwen3-failure-classifications
645631419829,645631419829-1,bypass,157,114,8,20,35,26.0,5.2,12.0,5,52.0,77.0,7.65,3357.844015971011,0.14631128609895472,186.54688977616726,438.9338582968641,56.1134002420469,False,,2025-11-23-qwen3-failure-classifications
645631419829,645631419829-1,a_only,157,114,8,20,35,26.0,5.2,12.0,5,52.0,77.0,7.65,3357.844015971011,0.14631128609895472,186.54688977616726,438.9338582968641,56.1134002420469,False,,2025-11-23-qwen3-failure-classifications
645631419829,645631419829-1,b_only,155,115,8,20,37,27.0,4.5,12.0,6,52.0,77.0,7.65,3357.844015971011,0.14631128609895472,186.54688977616726,438.9338582968641,56.00126681188656,False,,2025-11-23-qwen3-failure-classifications
645631419829,645631419829-1,ground_truth,160,117,8,20,37,27.0,4.5,12.0,6,52.0,77.0,7.65,3357.844015971011,0.14631128609895472,186.54688977616726,438.9338582968641,55.577578179930974,False,,2025-11-23-qwen3-failure-classifications
646490606670,646490606670-1,agent,7,7,0,0,0,0.0,0.0,0.0,0,0.0,0.0,0.0,0.0,0.0,0.0,0.0,0.0,False,,2025-11-23-qwen3-failure-classifications
646490606670,646490606670-1,bypass,2855,1008,32,2823,810,314.0,2.325925925925926,11.0,135,221.0,361.0,9.75,27411.47003341799,0.9371442746467689,1522.8594463009995,2811.4328239403067,0.0,False,,2025-11-23-qwen3-failure-classifications
646490606670,646490606670-1,a_only,2855,1008,32,2823,810,314.0,2.325925925925926,11.0,135,221.0,361.0,9.75,27411.47003341799,0.9371442746467689,1522.8594463009995,2811.4328239403067,0.0,False,,2025-11-23-qwen3-failure-classifications
646490606670,646490606670-1,b_only,2857,1010,35,2044,694,316.0,2.323529411764706,11.0,136,225.0,367.0,9.725961538461538,27890.728468213307,0.9558858990588842,1549.4849149007393,2867.6576971766526,0.0,False,,2025-11-23-qwen3-failure-classifications
646490606670,646490606670-1,ground_truth,2857,1011,35,2835,814,316.0,2.323529411764706,11.0,136,225.0,367.0,9.725961538461538,27890.728468213307,0.9558858990588842,1549.4849149007393,2867.6576971766526,0.0,False,,2025-11-23-qwen3-failure-classifications
651031498269,651031498269-1,agent,0,0,0,0,0,0.0,0.0,0.0,0,0.0,0.0,0.0,0.0,0.0,0.0,0.0,0.0,False,,2025-11-23-qwen3-failure-classifications
651031498269,651031498269-1,bypass,8679,9055,435,263,2248,3138.0,3.138,30.0,1000,2584.0,5569.0,18.366692728694293,1159430.3344052841,21.04226296176349,64412.79635584912,63126.78888529047,0.0,False,,2025-11-23-qwen3-failure-classifications
651031498269,651031498269-1,a_only,8679,9055,435,263,2248,3138.0,3.138,30.0,1000,2584.0,5569.0,18.366692728694293,1159430.3344052841,21.04226296176349,64412.79635584912,63126.78888529047,0.0,False,,2025-11-23-qwen3-failure-classifications
651031498269,651031498269-1,b_only,8756,9133,449,263,2248,3164.0,3.186304128902316,30.0,993,2617.0,5641.0,18.343496719413356,1174831.472324825,21.34873719907999,65268.415129156936,64046.21159723997,0.0,False,,2025-11-23-qwen3-failure-classifications
651031498269,651031498269-1,ground_truth,8719,9093,437,265,2255,3151.0,3.1447105788423153,30.0,1002,2604.0,5606.0,18.34522885958107,1166913.5170296575,21.202851996042185,64828.52872386986,63608.55598812655,0.0,False,,2025-11-23-qwen3-failure-classifications
651033380113,651033380113-1,agent,154,183,17,13,47,41.0,2.411764705882353,7.0,17,36.0,43.0,5.384615384615385,1197.0364811031816,0.07410225835400648,66.50202672795453,222.30677506201943,52.26875158052311,False,,2025-11-23-qwen3-failure-classifications
651033380113,651033380113-1,bypass,154,183,17,13,47,41.0,2.411764705882353,7.0,17,34.0,40.0,5.416666666666667,1102.2836156042404,0.06783283788333787,61.23797864468002,203.4985136500136,52.53756906754273,False,,2025-11-23-qwen3-failure-classifications
651033380113,651033380113-1,a_only,154,183,17,13,47,41.0,2.411764705882353,7.0,17,34.0,40.0,5.416666666666667,1102.2836156042404,0.06783283788333787,61.23797864468002,203.4985136500136,52.53756906754273,False,,2025-11-23-qwen3-failure-classifications
651033380113,651033380113-1,b_only,151,178,16,13,48,41.0,2.411764705882353,7.0,17,36.0,43.0,5.384615384615385,1197.0364811031816,0.07410225835400648,66.50202672795453,222.30677506201943,52.415044067773806,False,,2025-11-23-qwen3-failure-classifications
651033380113,651033380113-1,ground_truth,154,183,17,13,48,41.0,2.411764705882353,7.0,17,36.0,43.0,5.384615384615385,1197.0364811031816,0.07410225835400648,66.50202672795453,222.30677506201943,52.26875158052311,False,,2025-11-23-qwen3-failure-classifications
660673792076,660673792076-1,agent,10,5,0,0,1,0.0,0.0,0.0,0,0.0,0.0,0.0,0.0,0.0,0.0,0.0,100.0,False,,2025-11-23-qwen3-failure-classifications
660673792076,660673792076-1,bypass,10,5,0,0,0,0.0,0.0,0.0,0,0.0,0.0,0.0,0.0,0.0,0.0,0.0,100.0,False,,2025-11-23-qwen3-failure-classifications
660673792076,660673792076-1,a_only,10,5,0,0,0,0.0,0.0,0.0,0,0.0,0.0,0.0,0.0,0.0,0.0,0.0,100.0,False,,2025-11-23-qwen3-failure-classifications
660673792076,660673792076-1,b_only,10,5,0,0,1,0.0,0.0,0.0,0,0.0,0.0,0.0,0.0,0.0,0.0,0.0,100.0,False,,2025-11-23-qwen3-failure-classifications
660673792076,660673792076-1,ground_truth,10,5,0,0,1,0.0,0.0,0.0,0,0.0,0.0,0.0,0.0,0.0,0.0,0.0,100.0,False,,2025-11-23-qwen3-failure-classifications
663221431289,663221431289-1,agent,1780,1368,187,27,210,353.0,8.825,62.0,40,471.0,1001.0,16.169265033407573,143719.91128414476,2.9628209442874653,7984.43951578582,8888.462832862397,0.0,False,,2025-11-23-qwen3-failure-classifications
663221431289,663221431289-1,bypass,1857,1410,193,24,214,367.0,8.951219512195122,62.0,41,483.0,1037.0,16.321041214750544,150900.54289560887,3.0819223052842317,8383.363494200494,9245.766915852695,0.0,False,,2025-11-23-qwen3-failure-classifications
663221431289,663221431289-1,a_only,1857,1410,193,24,214,367.0,8.951219512195122,62.0,41,483.0,1037.0,16.321041214750544,150900.54289560887,3.0819223052842317,8383.363494200494,9245.766915852695,0.0,False,,2025-11-23-qwen3-failure-classifications
663221431289,663221431289-1,b_only,1840,1429,198,22,221,365.0,7.3,62.0,50,482.0,1027.0,16.18913043478261,148187.8100714151,3.0511791161027233,8232.656115078616,9153.53734830817,0.0,False,,2025-11-23-qwen3-failure-classifications
663221431289,663221431289-1,ground_truth,1920,1485,209,24,233,385.0,7.7,62.0,50,497.0,1058.0,16.164210526315788,153181.9831256251,3.1588713199909666,8510.110173645839,9476.6139599729,0.0,False,,2025-11-23-qwen3-failure-classifications
663957355663,663957355663-1,agent,1332,925,10,0,177,0.0,0.0,0.0,0,0.0,0.0,0.0,0.0,0.0,0.0,0.0,0.0,False,,2025-11-23-qwen3-failure-classifications
663957355663,663957355663-1,bypass,1269,874,8,0,169,273.0,7.0,110.0,39,412.0,838.0,10.560453400503778,76872.57581778517,2.426429147259846,4270.69865654362,7279.287441779537,0.0,False,,2025-11-23-qwen3-failure-classifications
663957355663,663957355663-1,a_only,1269,874,8,0,169,273.0,7.0,110.0,39,412.0,838.0,10.560453400503778,76872.57581778517,2.426429147259846,4270.69865654362,7279.287441779537,0.0,False,,2025-11-23-qwen3-failure-classifications
663957355663,663957355663-1,b_only,1267,878,10,0,175,274.0,6.85,87.0,40,420.0,842.0,10.38888888888889,76227.37854103344,2.445798241958292,4234.854363390747,7337.394725874876,0.0,False,,2025-11-23-qwen3-failure-classifications
663957355663,663957355663-1,ground_truth,1311,904,10,0,180,288.0,7.2,112.0,40,438.0,885.0,10.460992907801419,81236.79190019066,2.588562182582346,4513.1551055661475,7765.686547747038,0.0,False,,2025-11-23-qwen3-failure-classifications
665074721362,665074721362-1,agent,234,176,15,83,52,0.0,0.0,0.0,0,0.0,0.0,0.0,0.0,0.0,0.0,0.0,0.0,False,,2025-11-23-qwen3-failure-classifications
665074721362,665074721362-1,bypass,232,170,16,77,53,60.0,4.0,9.0,15,67.0,112.0,7.636363636363637,5188.160645802429,0.22646732977709014,288.23114698902384,679.4019893312704,52.247678028387895,False,,2025-11-23-qwen3-failure-classifications
665074721362,665074721362-1,a_only,232,170,16,77,53,60.0,4.0,9.0,15,67.0,112.0,7.636363636363637,5188.160645802429,0.22646732977709014,288.23114698902384,679.4019893312704,52.247678028387895,False,,2025-11-23-qwen3-failure-classifications
665074721362,665074721362-1,b_only,35,35,1,42,15,15.0,2.5,5.0,6,9.0,14.0,1.1428571428571428,50.718800023077,0.014792983340064125,2.817711112393167,44.37895002019238,74.90385593947377,False,,2025-11-23-qwen3-failure-classifications
665074721362,665074721362-1,ground_truth,35,35,1,42,15,15.0,2.5,5.0,6,9.0,14.0,1.1428571428571428,50.718800023077,0.014792983340064125,2.817711112393167,44.37895002019238,74.90385593947377,False,,2025-11-23-qwen3-failure-classifications
666955903726,666955903726-1,agent,460,525,50,39,107,139.0,8.176470588235293,25.0,17,96.0,238.0,12.975609756097562,20335.64907295878,0.5224070250572117,1129.7582818310432,1567.2210751716352,31.04397965262036,False,,2025-11-23-qwen3-failure-classifications
666955903726,666955903726-1,bypass,451,512,51,37,111,139.0,8.176470588235293,25.0,17,96.0,238.0,12.975609756097562,20335.64907295878,0.5224070250572117,1129.7582818310432,1567.2210751716352,31.350549623601896,False,,2025-11-23-qwen3-failure-classifications
666955903726,666955903726-1,a_only,451,512,51,37,111,139.0,8.176470588235293,25.0,17,96.0,238.0,12.975609756097562,20335.64907295878,0.5224070250572117,1129.7582818310432,1567.2210751716352,31.350549623601896,False,,2025-11-23-qwen3-failure-classifications
666955903726,666955903726-1,b_only,434,489,44,36,100,133.0,7.823529411764706,21.0,17,91.0,227.0,12.083333333333334,17850.33838184501,0.4924231277750347,991.685465658056,1477.2693833251042,32.03867130597456,False,,2025-11-23-qwen3-failure-classifications
666955903726,666955903726-1,ground_truth,460,525,51,39,111,139.0,8.176470588235293,25.0,17,96.0,238.0,12.975609756097562,20335.64907295878,0.5224070250572117,1129.7582818310432,1567.2210751716352,31.135142156223306,False,,2025-11-23-qwen3-failure-classifications
670624314505,670624314505-1,agent,14,8,0,0,13,0.0,0.0,0.0,0,0.0,0.0,0.0,0.0,0.0,0.0,0.0,100.0,False,,2025-11-23-qwen3-failure-classifications
670624314505,670624314505-1,bypass,6,6,0,0,0,0.0,0.0,0.0,0,0.0,0.0,0.0,0.0,0.0,0.0,0.0,100.0,False,,2025-11-23-qwen3-failure-classifications
670624314505,670624314505-1,a_only,6,6,0,0,0,0.0,0.0,0.0,0,0.0,0.0,0.0,0.0,0.0,0.0,0.0,100.0,False,,2025-11-23-qwen3-failure-classifications
670624314505,670624314505-1,b_only,14,8,0,0,0,0.0,0.0,0.0,0,0.0,0.0,0.0,0.0,0.0,0.0,0.0,100.0,False,,2025-11-23-qwen3-failure-classifications
670624314505,670624314505-1,ground_truth,14,8,0,0,0,0.0,0.0,0.0,0,0.0,0.0,0.0,0.0,0.0,0.0,0.0,100.0,False,,2025-11-23-qwen3-failure-classifications
673559769890,673559769890-1,agent,88,109,0,24,19,29.0,3.625,7.0,8,26.0,34.0,2.5,399.5373760419929,0.05327165013893238,22.196520891221827,159.81495041679716,62.98406046204327,False,,2025-11-23-qwen3-failure-classifications
673559769890,673559769890-1,bypass,68,78,1,24,14,27.0,3.857142857142857,7.0,7,18.0,23.0,2.0,191.81655006634637,0.03196942501105773,10.656475003685909,95.90827503317318,70.09974510940602,False,,2025-11-23-qwen3-failure-classifications
673559769890,673559769890-1,a_only,68,78,1,24,14,27.0,3.857142857142857,7.0,7,18.0,23.0,2.0,191.81655006634637,0.03196942501105773,10.656475003685909,95.90827503317318,70.09974510940602,False,,2025-11-23-qwen3-failure-classifications
673559769890,673559769890-1,b_only,76,97,0,24,19,23.0,2.875,4.0,8,20.0,24.0,2.5,259.3156856932418,0.0345754247590989,14.406426982957877,103.72627427729671,67.11711798842565,False,,2025-11-23-qwen3-failure-classifications
673559769890,673559769890-1,ground_truth,92,113,0,24,19,29.0,3.625,7.0,8,24.0,31.0,2.5,355.33459380588965,0.047377945840785286,19.74081076699387,142.13383752235586,62.66539263502275,False,,2025-11-23-qwen3-failure-classifications
673955933836,673955933836-1,agent,1153,753,157,41,193,200.0,5.555555555555555,50.0,36,243.0,589.0,15.04,70202.42705194202,1.5559048548746017,3900.1348362190015,4667.714564623805,7.863687310388974,False,,2025-11-23-qwen3-failure-classifications
673955933836,673955933836-1,bypass,395,267,28,5,53,80.0,4.2105263157894735,29.0,19,105.0,172.0,8.615384615384615,9949.478896332323,0.38495007634619105,552.7488275740179,1154.8502290385732,32.289414740873745,False,,2025-11-23-qwen3-failure-classifications
673955933836,673955933836-1,a_only,395,267,28,5,53,80.0,4.2105263157894735,29.0,19,105.0,172.0,8.615384615384615,9949.478896332323,0.38495007634619105,552.7488275740179,1154.8502290385732,32.289414740873745,False,,2025-11-23-qwen3-failure-classifications
673955933836,673955933836-1,b_only,1200,789,169,41,208,208.0,5.777777777777778,60.0,36,251.0,620.0,16.25646551724138,80345.2562004729,1.6474523344831595,4463.625344470716,4942.357003449479,6.46079990052975,False,,2025-11-23-qwen3-failure-classifications
673955933836,673955933836-1,ground_truth,1200,789,169,41,208,208.0,5.777777777777778,60.0,36,251.0,620.0,16.25646551724138,80345.2562004729,1.6474523344831595,4463.625344470716,4942.357003449479,6.46079990052975,False,,2025-11-23-qwen3-failure-classifications
682745660010,682745660010-1,agent,560,451,11,218,212,167.0,2.352112676056338,10.0,71,123.0,206.0,7.8,11155.23230717909,0.4767193293666278,619.7351281766162,1430.1579880998834,29.40417314697085,False,,2025-11-23-qwen3-failure-classifications
682745660010,682745660010-1,bypass,447,356,10,6,118,146.0,2.3934426229508197,10.0,61,108.0,170.0,6.75,7751.233408732581,0.3827769584559299,430.62407826292116,1148.3308753677898,17.947111184539875,False,,2025-11-23-qwen3-failure-classifications
682745660010,682745660010-1,a_only,447,356,10,6,118,146.0,2.3934426229508197,10.0,61,108.0,170.0,6.75,7751.233408732581,0.3827769584559299,430.62407826292116,1148.3308753677898,17.947111184539875,False,,2025-11-23-qwen3-failure-classifications
682745660010,682745660010-1,b_only,556,449,11,217,220,167.0,2.352112676056338,10.0,71,123.0,206.0,7.8,11155.23230717909,0.4767193293666278,619.7351281766162,1430.1579880998834,29.459398170900137,False,,2025-11-23-qwen3-failure-classifications
682745660010,682745660010-1,ground_truth,556,449,11,217,220,167.0,2.352112676056338,10.0,71,123.0,206.0,7.8,11155.23230717909,0.4767193293666278,619.7351281766162,1430.1579880998834,29.459398170900137,False,,2025-11-23-qwen3-failure-classifications
683978809180,683978809180-1,agent,1463,1151,177,10,140,264.0,9.10344827586207,72.0,29,388.0,879.0,15.76086956521739,119141.50992401745,2.5197744627608287,6618.972773556525,7559.323388282486,0.0,False,,2025-11-23-qwen3-failure-classifications
683978809180,683978809180-1,bypass,1467,1158,172,10,140,263.0,9.068965517241379,72.0,29,386.0,876.0,15.792349726775956,118868.89581327523,2.5089974548822798,6603.827545181957,7526.99236464684,0.0,False,,2025-11-23-qwen3-failure-classifications
683978809180,683978809180-1,a_only,1467,1158,172,10,140,263.0,9.068965517241379,72.0,29,386.0,876.0,15.792349726775956,118868.89581327523,2.5089974548822798,6603.827545181957,7526.99236464684,0.0,False,,2025-11-23-qwen3-failure-classifications
683978809180,683978809180-1,b_only,1463,1154,177,10,139,263.0,9.068965517241379,72.0,29,386.0,876.0,15.792349726775956,118868.89581327523,2.5089974548822798,6603.827545181957,7526.99236464684,0.0,False,,2025-11-23-qwen3-failure-classifications
683978809180,683978809180-1,ground_truth,1464,1155,177,10,140,263.0,9.068965517241379,72.0,29,386.0,876.0,15.792349726775956,118868.89581327523,2.5089974548822798,6603.827545181957,7526.99236464684,0.0,False,,2025-11-23-qwen3-failure-classifications
701715138159,701715138159-1,agent,86,60,2,3,21,4.0,2.0,3.0,2,21.0,29.0,2.96875,378.15107811735896,0.04245906842019469,21.008393228742165,127.37720526058406,60.07668752013209,False,,2025-11-23-qwen3-failure-classifications
701715138159,701715138159-1,bypass,85,60,2,3,21,4.0,2.0,3.0,2,21.0,29.0,2.96875,378.15107811735896,0.04245906842019469,21.008393228742165,127.37720526058406,60.15183677491264,False,,2025-11-23-qwen3-failure-classifications
701715138159,701715138159-1,a_only,85,60,2,3,21,4.0,2.0,3.0,2,21.0,29.0,2.96875,378.15107811735896,0.04245906842019469,21.008393228742165,127.37720526058406,60.15183677491264,False,,2025-11-23-qwen3-failure-classifications
701715138159,701715138159-1,b_only,95,79,4,3,26,9.0,3.0,4.0,3,33.0,46.0,4.038461538461538,937.0932152500511,0.07734737649682961,52.0607341805584,232.04212949048886,56.692694350391946,False,,2025-11-23-qwen3-failure-classifications
701715138159,701715138159-1,ground_truth,95,60,2,3,21,4.0,2.0,3.0,2,21.0,29.0,2.96875,378.15107811735896,0.04245906842019469,21.008393228742165,127.37720526058406,59.450106819853495,False,,2025-11-23-qwen3-failure-classifications
704509286922,704509286922-1,agent,64,68,2,31,174,34.0,1.8888888888888888,6.0,18,17.0,27.0,1.2,132.433796056511,0.03678716557125306,7.357433114250611,110.36149671375918,71.49866214211255,False,,2025-11-23-qwen3-failure-classifications
704509286922,704509286922-1,bypass,50,53,1,0,26,24.0,1.411764705882353,4.0,17,14.0,21.0,1.1666666666666667,93.2801955904113,0.026651484454403226,5.182233088356183,79.95445336320968,54.81912792816076,False,,2025-11-23-qwen3-failure-classifications
704509286922,704509286922-1,a_only,50,53,1,0,26,24.0,1.411764705882353,4.0,17,14.0,21.0,1.1666666666666667,93.2801955904113,0.026651484454403226,5.182233088356183,79.95445336320968,54.81912792816076,False,,2025-11-23-qwen3-failure-classifications
704509286922,704509286922-1,b_only,62,66,2,31,37,28.0,1.6470588235294117,5.0,17,17.0,27.0,1.2,132.433796056511,0.03678716557125306,7.357433114250611,110.36149671375918,71.96536160997186,False,,2025-11-23-qwen3-failure-classifications
704509286922,704509286922-1,ground_truth,62,66,2,31,37,28.0,1.6470588235294117,5.0,17,17.0,27.0,1.2,132.433796056511,0.03678716557125306,7.357433114250611,110.36149671375918,71.96536160997186,False,,2025-11-23-qwen3-failure-classifications
70855665513,70855665513-1,agent,57,67,3,0,19,15.0,1.6666666666666667,4.0,9,0.0,0.0,0.0,0.0,0.0,0.0,0.0,100.0,False,,2025-11-23-qwen3-failure-classifications
70855665513,70855665513-1,bypass,83,95,1,0,26,25.0,1.7857142857142858,3.0,14,8.0,8.0,1.5,36.0,0.008,2.0,24.0,51.3658087067834,False,,2025-11-23-qwen3-failure-classifications
70855665513,70855665513-1,a_only,83,95,1,0,26,25.0,1.7857142857142858,3.0,14,8.0,8.0,1.5,36.0,0.008,2.0,24.0,51.3658087067834,False,,2025-11-23-qwen3-failure-classifications
70855665513,70855665513-1,b_only,33,44,4,0,11,2.0,2.0,2.0,1,0.0,0.0,0.0,0.0,0.0,0.0,0.0,100.0,False,,2025-11-23-qwen3-failure-classifications
70855665513,70855665513-1,ground_truth,83,95,1,0,28,0.0,0.0,0.0,0,0.0,0.0,0.0,0.0,0.0,0.0,0.0,0.0,False,,2025-11-23-qwen3-failure-classifications
711174513486,711174513486-1,agent,1260,759,194,25,265,315.0,3.0288461538461537,39.0,104,271.0,480.0,7.32046332046332,28399.23629171943,1.2931438466166196,1577.7353495399684,3879.431539849859,0.0,False,,2025-11-23-qwen3-failure-classifications
711174513486,711174513486-1,bypass,1259,758,194,26,265,315.0,3.0288461538461537,39.0,104,271.0,480.0,7.32046332046332,28399.23629171943,1.2931438466166196,1577.7353495399684,3879.431539849859,0.0,False,,2025-11-23-qwen3-failure-classifications
711174513486,711174513486-1,a_only,1259,758,194,26,265,315.0,3.0288461538461537,39.0,104,271.0,480.0,7.32046332046332,28399.23629171943,1.2931438466166196,1577.7353495399684,3879.431539849859,0.0,False,,2025-11-23-qwen3-failure-classifications
711174513486,711174513486-1,b_only,1256,758,195,26,265,315.0,3.0288461538461537,39.0,104,271.0,480.0,7.32046332046332,28399.23629171943,1.2931438466166196,1577.7353495399684,3879.431539849859,0.0,False,,2025-11-23-qwen3-failure-classifications
711174513486,711174513486-1,ground_truth,1264,761,195,26,265,315.0,3.0288461538461537,39.0,104,271.0,480.0,7.32046332046332,28399.23629171943,1.2931438466166196,1577.7353495399684,3879.431539849859,0.0,False,,2025-11-23-qwen3-failure-classifications
715977394123,715977394123-1,agent,383,172,32,0,43,53.0,13.25,30.0,4,120.0,215.0,7.36697247706422,10939.817677787456,0.4949938260186105,607.7676487659697,1484.9814780558315,38.785058993694676,False,,2025-11-23-qwen3-failure-classifications
715977394123,715977394123-1,bypass,383,172,32,0,43,53.0,13.25,30.0,4,121.0,215.0,8.036697247706423,11955.033964296306,0.4958518653380127,664.168553572017,1487.555596014038,38.779792294652076,False,,2025-11-23-qwen3-failure-classifications
715977394123,715977394123-1,a_only,383,172,32,0,43,53.0,13.25,30.0,4,121.0,215.0,8.036697247706423,11955.033964296306,0.4958518653380127,664.168553572017,1487.555596014038,38.779792294652076,False,,2025-11-23-qwen3-failure-classifications
715977394123,715977394123-1,b_only,355,165,30,0,42,49.0,12.25,26.0,4,117.0,206.0,7.264150943396227,10280.917470003016,0.47176504407806047,571.1620816668342,1415.2951322341814,39.94528422734866,False,,2025-11-23-qwen3-failure-classifications
715977394123,715977394123-1,ground_truth,383,172,32,0,43,53.0,13.25,30.0,4,120.0,215.0,7.36697247706422,10939.817677787456,0.4949938260186105,607.7676487659697,1484.9814780558315,38.785058993694676,False,,2025-11-23-qwen3-failure-classifications
716044946624,716044946624-1,agent,317,235,36,155,144,65.0,5.0,9.0,13,66.0,100.0,7.222222222222222,4365.395752869994,0.20147980397861512,242.5219862705552,604.4394119358453,50.892985878258266,False,,2025-11-23-qwen3-failure-classifications
716044946624,716044946624-1,bypass,317,235,36,155,144,65.0,5.0,9.0,13,64.0,97.0,7.269230769230769,4230.692307692308,0.194,235.03846153846155,582.0,51.008027481949746,False,,2025-11-23-qwen3-failure-classifications
716044946624,716044946624-1,a_only,317,235,36,155,144,65.0,5.0,9.0,13,64.0,97.0,7.269230769230769,4230.692307692308,0.194,235.03846153846155,582.0,51.008027481949746,False,,2025-11-23-qwen3-failure-classifications
716044946624,716044946624-1,b_only,275,202,35,152,135,56.0,4.666666666666667,8.0,12,61.0,91.0,8.125,4385.038918960559,0.1798990325727409,243.61327327558664,539.6970977182227,53.490220726894215,False,,2025-11-23-qwen3-failure-classifications
716044946624,716044946624-1,ground_truth,317,235,36,155,144,65.0,5.0,9.0,13,65.0,98.0,7.245283018867925,4276.108406412959,0.19673068189226284,237.5615781340533,590.1920456767886,50.965522690003894,False,,2025-11-23-qwen3-failure-classifications
723878921736,723878921736-1,agent,368,319,16,85,111,62.0,1.878787878787879,13.0,33,25.0,34.0,3.473684210526316,548.4638573607622,0.05263037015078021,30.47021429782012,157.89111045234063,51.818480504327844,False,,2025-11-23-qwen3-failure-classifications
723878921736,723878921736-1,bypass,266,235,10,84,91,44.0,1.6296296296296295,4.0,27,12.0,13.0,2.0,93.20902501875007,0.015534837503125011,5.178279167708337,46.604512509375034,61.749603269264284,False,,2025-11-23-qwen3-failure-classifications
723878921736,723878921736-1,a_only,266,235,10,84,91,44.0,1.6296296296296295,4.0,27,12.0,13.0,2.0,93.20902501875007,0.015534837503125011,5.178279167708337,46.604512509375034,61.749603269264284,False,,2025-11-23-qwen3-failure-classifications
723878921736,723878921736-1,b_only,371,319,16,84,110,62.0,1.878787878787879,13.0,33,25.0,34.0,3.473684210526316,548.4638573607622,0.05263037015078021,30.47021429782012,157.89111045234063,51.684091499893924,False,,2025-11-23-qwen3-failure-classifications
723878921736,723878921736-1,ground_truth,371,319,16,84,109,62.0,1.878787878787879,13.0,33,25.0,34.0,3.473684210526316,548.4638573607622,0.05263037015078021,30.47021429782012,157.89111045234063,51.684091499893924,False,,2025-11-23-qwen3-failure-classifications
724173441755,724173441755-1,agent,790,360,50,0,65,131.0,13.1,68.0,10,154.0,329.0,9.04225352112676,21617.973514823883,0.7969242572962075,1200.9985286013268,2390.7727718886226,18.597808615045246,False,,2025-11-23-qwen3-failure-classifications
724173441755,724173441755-1,bypass,535,169,24,0,40,54.0,6.0,18.0,9,66.0,108.0,7.0,4569.5619542349905,0.21759818829690433,253.86455301305503,652.794564890713,37.79466357451962,False,,2025-11-23-qwen3-failure-classifications
724173441755,724173441755-1,a_only,535,169,24,0,40,54.0,6.0,18.0,9,66.0,108.0,7.0,4569.5619542349905,0.21759818829690433,253.86455301305503,652.794564890713,37.79466357451962,False,,2025-11-23-qwen3-failure-classifications
724173441755,724173441755-1,b_only,760,356,51,0,63,127.0,12.7,68.0,10,148.0,317.0,9.088235294117647,20770.223103630953,0.7617989056347922,1153.901283535053,2285.3967169043767,19.769437199768156,False,,2025-11-23-qwen3-failure-classifications
724173441755,724173441755-1,ground_truth,760,356,51,0,63,127.0,12.7,68.0,10,148.0,317.0,9.088235294117647,20770.223103630953,0.7617989056347922,1153.901283535053,2285.3967169043767,19.769437199768156,False,,2025-11-23-qwen3-failure-classifications
727878654500,727878654500-1,agent,246,89,104,51,65,20.0,2.5,6.0,8,21.0,25.0,4.0,439.2317422778761,0.03660264518982301,24.401763459882005,109.80793556946902,70.59880059504353,False,,2025-11-23-qwen3-failure-classifications
727878654500,727878654500-1,bypass,253,90,109,51,64,20.0,2.5,6.0,8,21.0,25.0,4.0,439.2317422778761,0.03660264518982301,24.401763459882005,109.80793556946902,70.48624878888364,False,,2025-11-23-qwen3-failure-classifications
727878654500,727878654500-1,a_only,253,90,109,51,64,20.0,2.5,6.0,8,21.0,25.0,4.0,439.2317422778761,0.03660264518982301,24.401763459882005,109.80793556946902,70.48624878888364,False,,2025-11-23-qwen3-failure-classifications
727878654500,727878654500-1,b_only,244,88,103,51,63,20.0,2.5,6.0,8,21.0,25.0,4.0,439.2317422778761,0.03660264518982301,24.401763459882005,109.80793556946902,70.70281479372088,False,,2025-11-23-qwen3-failure-classifications
727878654500,727878654500-1,ground_truth,247,89,105,51,64,20.0,2.5,6.0,8,21.0,25.0,4.0,439.2317422778761,0.03660264518982301,24.401763459882005,109.80793556946902,70.59452342236057,False,,2025-11-23-qwen3-failure-classifications
743229358793,743229358793-1,agent,181,104,5,0,35,26.0,2.6,6.0,10,24.0,39.0,2.5,447.0338438203128,0.05960451250937504,24.835213545572934,178.81353752812512,47.814655996460615,False,,2025-11-23-qwen3-failure-classifications
743229358793,743229358793-1,bypass,153,88,3,0,33,22.0,2.4444444444444446,6.0,9,21.0,31.0,2.3529411764705883,320.3808002497449,0.04538728003538052,17.79893334720805,136.16184010614157,49.122752144249894,False,,2025-11-23-qwen3-failure-classifications
743229358793,743229358793-1,a_only,153,88,3,0,33,22.0,2.4444444444444446,6.0,9,21.0,31.0,2.3529411764705883,320.3808002497449,0.04538728003538052,17.79893334720805,136.16184010614157,49.122752144249894,False,,2025-11-23-qwen3-failure-classifications
743229358793,743229358793-1,b_only,171,96,6,0,34,24.0,2.4,6.0,10,22.0,35.0,2.5555555555555554,398.87138366700265,0.05202670221743513,22.15952131483348,156.0801066523054,50.44960226897176,False,,2025-11-23-qwen3-failure-classifications
743229358793,743229358793-1,ground_truth,186,105,6,0,36,26.0,2.6,6.0,10,24.0,39.0,2.5,447.0338438203128,0.05960451250937504,24.835213545572934,178.81353752812512,48.484271760393725,False,,2025-11-23-qwen3-failure-classifications
744222733865,744222733865-1,agent,113,73,12,0,18,26.0,5.2,9.0,5,48.0,63.0,4.730769230769231,1664.5336314649326,0.1172842125151443,92.4740906369407,351.8526375454329,56.707633948191656,False,,2025-11-23-qwen3-failure-classifications
744222733865,744222733865-1,bypass,118,73,12,0,18,26.0,5.2,9.0,5,48.0,63.0,4.730769230769231,1664.5336314649326,0.1172842125151443,92.4740906369407,351.8526375454329,56.375691971221904,False,,2025-11-23-qwen3-failure-classifications
744222733865,744222733865-1,a_only,118,73,12,0,18,26.0,5.2,9.0,5,48.0,63.0,4.730769230769231,1664.5336314649326,0.1172842125151443,92.4740906369407,351.8526375454329,56.375691971221904,False,,2025-11-23-qwen3-failure-classifications
744222733865,744222733865-1,b_only,117,73,12,0,18,26.0,5.2,9.0,5,48.0,63.0,4.730769230769231,1664.5336314649326,0.1172842125151443,92.4740906369407,351.8526375454329,56.44067091118121,False,,2025-11-23-qwen3-failure-classifications
744222733865,744222733865-1,ground_truth,118,73,12,0,18,26.0,5.2,9.0,5,48.0,63.0,4.730769230769231,1664.5336314649326,0.1172842125151443,92.4740906369407,351.8526375454329,56.375691971221904,False,,2025-11-23-qwen3-failure-classifications
744412747774,744412747774-1,agent,344,208,20,4,65,56.0,2.9473684210526314,6.0,19,75.0,113.0,2.6785714285714284,1885.329942926878,0.2346188373420115,104.74055238482656,703.8565120260345,39.600735637633804,False,,2025-11-23-qwen3-failure-classifications
744412747774,744412747774-1,bypass,382,247,20,4,73,74.0,3.217391304347826,6.0,23,97.0,155.0,2.7989130434782608,2863.250231671671,0.3409954968463349,159.06945731509282,1022.9864905390048,34.249264711197156,False,,2025-11-23-qwen3-failure-classifications
744412747774,744412747774-1,a_only,382,247,20,4,73,74.0,3.217391304347826,6.0,23,97.0,155.0,2.7989130434782608,2863.250231671671,0.3409954968463349,159.06945731509282,1022.9864905390048,34.249264711197156,False,,2025-11-23-qwen3-failure-classifications
744412747774,744412747774-1,b_only,340,207,19,4,64,56.0,2.9473684210526314,6.0,19,75.0,113.0,2.6785714285714284,1885.329942926878,0.2346188373420115,104.74055238482656,703.8565120260345,39.43659472091746,False,,2025-11-23-qwen3-failure-classifications
744412747774,744412747774-1,ground_truth,342,208,20,4,65,56.0,2.9473684210526314,6.0,19,75.0,113.0,2.6785714285714284,1885.329942926878,0.2346188373420115,104.74055238482656,703.8565120260345,39.64061575335291,False,,2025-11-23-qwen3-failure-classifications
748358347750,748358347750-1,agent,312,223,41,0,43,50.0,12.5,36.0,4,58.0,93.0,9.704545454545455,5286.960984034341,0.18159741084895473,293.7200546685745,544.7922325468642,42.84522496658342,False,,2025-11-23-qwen3-failure-classifications
748358347750,748358347750-1,bypass,277,214,50,0,43,48.0,12.0,34.0,4,56.0,91.0,10.0,5284.69297907242,0.17615643263574732,293.5940543929122,528.469297907242,46.453275269662065,False,,2025-11-23-qwen3-failure-classifications
748358347750,748358347750-1,a_only,277,214,50,0,43,48.0,12.0,34.0,4,56.0,91.0,10.0,5284.69297907242,0.17615643263574732,293.5940543929122,528.469297907242,46.453275269662065,False,,2025-11-23-qwen3-failure-classifications
748358347750,748358347750-1,b_only,289,208,51,0,38,41.0,10.25,30.0,4,47.0,74.0,7.486111111111111,3077.0879296946423,0.13701319167471507,170.94932942748014,411.03957502414517,47.97401006777637,False,,2025-11-23-qwen3-failure-classifications
748358347750,748358347750-1,ground_truth,172,98,57,0,31,0.0,0.0,0.0,0,0.0,0.0,0.0,0.0,0.0,0.0,0.0,0.0,False,,2025-11-23-qwen3-failure-classifications
752285151573,752285151573-1,agent,68,62,14,9,26,20.0,4.0,6.0,5,21.0,28.0,3.6,442.7455962160991,0.04099496261260177,24.596977567561062,122.9848878378053,71.42168759116119,False,,2025-11-23-qwen3-failure-classifications
752285151573,752285151573-1,bypass,68,62,14,9,27,20.0,4.0,6.0,5,21.0,28.0,3.6,442.7455962160991,0.04099496261260177,24.596977567561062,122.9848878378053,71.42168759116119,False,,2025-11-23-qwen3-failure-classifications
752285151573,752285151573-1,a_only,68,62,14,9,27,20.0,4.0,6.0,5,21.0,28.0,3.6,442.7455962160991,0.04099496261260177,24.596977567561062,122.9848878378053,71.42168759116119,False,,2025-11-23-qwen3-failure-classifications
752285151573,752285151573-1,b_only,68,62,14,9,26,20.0,4.0,6.0,5,21.0,28.0,3.6,442.7455962160991,0.04099496261260177,24.596977567561062,122.9848878378053,71.42168759116119,False,,2025-11-23-qwen3-failure-classifications
752285151573,752285151573-1,ground_truth,68,63,15,9,27,20.0,4.0,6.0,5,21.0,28.0,3.6,442.7455962160991,0.04099496261260177,24.596977567561062,122.9848878378053,71.53192712009162,False,,2025-11-23-qwen3-failure-classifications
753991249289,753991249289-1,agent,1905,1368,243,367,385,0.0,0.0,0.0,0,0.0,0.0,0.0,0.0,0.0,0.0,0.0,0.0,False,,2025-11-23-qwen3-failure-classifications
753991249289,753991249289-1,bypass,1833,1289,246,354,375,493.0,4.564814814814815,22.0,108,465.0,902.0,13.325842696629213,106509.46810787082,2.6642334630692814,5917.19267265949,7992.700389207845,0.0,False,,2025-11-23-qwen3-failure-classifications
753991249289,753991249289-1,a_only,1833,1289,246,354,375,493.0,4.564814814814815,22.0,108,465.0,902.0,13.325842696629213,106509.46810787082,2.6642334630692814,5917.19267265949,7992.700389207845,0.0,False,,2025-11-23-qwen3-failure-classifications
753991249289,753991249289-1,b_only,2102,1562,297,538,432,545.0,4.1923076923076925,22.0,130,496.0,959.0,13.256302521008404,113832.8541829433,2.8623580872203385,6324.04745460796,8587.074261661015,0.0,False,,2025-11-23-qwen3-failure-classifications
753991249289,753991249289-1,ground_truth,2103,1562,300,538,432,545.0,4.1923076923076925,22.0,130,496.0,959.0,13.256302521008404,113832.8541829433,2.8623580872203385,6324.04745460796,8587.074261661015,0.0,False,,2025-11-23-qwen3-failure-classifications
757497039796,757497039796-1,agent,705,561,64,37,174,183.0,2.103448275862069,9.0,87,183.0,350.0,13.207317073170731,34741.780776848376,0.876831647799805,1930.098932047132,2630.494943399415,19.25424656891359,False,,2025-11-23-qwen3-failure-classifications
757497039796,757497039796-1,bypass,702,574,58,37,168,190.0,2.159090909090909,9.0,88,187.0,356.0,13.119047619047619,35246.87213508855,0.8955648092399996,1958.1595630604752,2686.6944277199987,17.57047674194719,False,,2025-11-23-qwen3-failure-classifications
757497039796,757497039796-1,a_only,702,574,58,37,168,190.0,2.159090909090909,9.0,88,187.0,356.0,13.119047619047619,35246.87213508855,0.8955648092399996,1958.1595630604752,2686.6944277199987,17.57047674194719,False,,2025-11-23-qwen3-failure-classifications
757497039796,757497039796-1,b_only,576,478,59,25,144,158.0,2.2253521126760565,9.0,71,166.0,320.0,13.4421768707483,31723.70702877067,0.7866708726770054,1762.4281682650371,2360.0126180310162,23.263085396146735,False,,2025-11-23-qwen3-failure-classifications
757497039796,757497039796-1,ground_truth,723,575,61,37,177,187.0,2.125,9.0,88,187.0,356.0,13.119047619047619,35246.87213508855,0.8955648092399996,1958.1595630604752,2686.6944277199987,17.970512135877268,False,,2025-11-23-qwen3-failure-classifications
758024463737,758024463737-1,agent,590,378,40,103,105,0.0,0.0,0.0,0,0.0,0.0,0.0,0.0,0.0,0.0,0.0,0.0,False,,2025-11-23-qwen3-failure-classifications
758024463737,758024463737-1,bypass,553,367,40,99,105,124.0,4.96,12.0,25,87.0,285.0,20.3943661971831,37448.92847699794,0.6120796321056293,2080.496026499886,1836.2388963168878,33.21850140319051,False,,2025-11-23-qwen3-failure-classifications
758024463737,758024463737-1,a_only,553,367,40,99,105,124.0,4.96,12.0,25,87.0,285.0,20.3943661971831,37448.92847699794,0.6120796321056293,2080.496026499886,1836.2388963168878,33.21850140319051,False,,2025-11-23-qwen3-failure-classifications
758024463737,758024463737-1,b_only,584,377,40,101,103,128.0,5.12,14.0,25,88.0,294.0,20.77777777777778,39458.51461438238,0.6330242986264553,2192.1397007990213,1899.0728958793657,32.145595161497475,False,,2025-11-23-qwen3-failure-classifications
758024463737,758024463737-1,ground_truth,559,367,40,99,104,124.0,4.96,12.0,25,87.0,285.0,20.3943661971831,37448.92847699794,0.6120796321056293,2080.496026499886,1836.2388963168878,33.13520000078819,False,,2025-11-23-qwen3-failure-classifications
758742228984,758742228984-1,agent,226,198,18,82,85,40.0,4.444444444444445,11.0,9,52.0,80.0,4.122222222222222,1879.8783426047512,0.1520117258170958,104.43768570026396,456.0351774512874,55.14002764159707,False,,2025-11-23-qwen3-failure-classifications
758742228984,758742228984-1,bypass,226,198,18,82,85,40.0,4.444444444444445,11.0,9,52.0,80.0,4.122222222222222,1879.8783426047512,0.1520117258170958,104.43768570026396,456.0351774512874,55.14002764159707,False,,2025-11-23-qwen3-failure-classifications
758742228984,758742228984-1,a_only,226,198,18,82,85,40.0,4.444444444444445,11.0,9,52.0,80.0,4.122222222222222,1879.8783426047512,0.1520117258170958,104.43768570026396,456.0351774512874,55.14002764159707,False,,2025-11-23-qwen3-failure-classifications
758742228984,758742228984-1,b_only,226,198,18,82,85,40.0,4.444444444444445,11.0,9,52.0,80.0,4.122222222222222,1879.8783426047512,0.1520117258170958,104.43768570026396,456.0351774512874,55.14002764159707,False,,2025-11-23-qwen3-failure-classifications
758742228984,758742228984-1,ground_truth,226,198,18,82,85,40.0,4.444444444444445,11.0,9,52.0,80.0,4.122222222222222,1879.8783426047512,0.1520117258170958,104.43768570026396,456.0351774512874,55.14002764159707,False,,2025-11-23-qwen3-failure-classifications
759480577751,759480577751-1,agent,1031,703,48,0,135,179.0,3.314814814814815,20.0,54,239.0,467.0,13.256818181818181,48913.74566926011,1.2299015997756702,2717.430314958895,3689.7047993270103,4.714232892553759,False,,2025-11-23-qwen3-failure-classifications
759480577751,759480577751-1,bypass,945,636,44,0,128,172.0,3.2452830188679247,20.0,53,221.0,413.0,12.014778325123153,38644.37814479264,1.0721345856762206,2146.9098969329243,3216.4037570286614,6.888105995973386,False,,2025-11-23-qwen3-failure-classifications
759480577751,759480577751-1,a_only,945,636,44,0,128,172.0,3.2452830188679247,20.0,53,221.0,413.0,12.014778325123153,38644.37814479264,1.0721345856762206,2146.9098969329243,3216.4037570286614,6.888105995973386,False,,2025-11-23-qwen3-failure-classifications
759480577751,759480577751-1,b_only,961,648,44,0,128,178.0,3.358490566037736,20.0,53,230.0,434.0,12.83175355450237,43691.38536404002,1.1349808940366197,2427.299186891112,3404.942682109859,5.766649642417775,False,,2025-11-23-qwen3-failure-classifications
759480577751,759480577751-1,ground_truth,961,648,44,0,128,178.0,3.358490566037736,20.0,53,230.0,434.0,12.83175355450237,43691.38536404002,1.1349808940366197,2427.299186891112,3404.942682109859,5.766649642417775,False,,2025-11-23-qwen3-failure-classifications
762826378804,762826378804-1,agent,158,144,12,18,51,72.0,2.4827586206896552,5.0,29,52.0,107.0,3.776595744680851,2303.5234329105256,0.20331568328036564,127.97352405058476,609.9470498410969,49.108606861215826,False,,2025-11-23-qwen3-failure-classifications
762826378804,762826378804-1,bypass,158,144,12,18,52,0.0,0.0,0.0,0,0.0,0.0,0.0,0.0,0.0,0.0,0.0,0.0,False,,2025-11-23-qwen3-failure-classifications
762826378804,762826378804-1,a_only,158,144,12,18,52,0.0,0.0,0.0,0,0.0,0.0,0.0,0.0,0.0,0.0,0.0,0.0,False,,2025-11-23-qwen3-failure-classifications
762826378804,762826378804-1,b_only,143,133,10,18,48,64.0,2.3703703703703702,5.0,27,48.0,98.0,3.7790697674418605,2068.384367999638,0.18244210835689115,114.91024266664655,547.3263250706734,51.38350451474745,False,,2025-11-23-qwen3-failure-classifications
762826378804,762826378804-1,ground_truth,158,144,12,18,52,72.0,2.4827586206896552,5.0,29,52.0,107.0,3.776595744680851,2303.5234329105256,0.20331568328036564,127.97352405058476,609.9470498410969,49.108606861215826,False,,2025-11-23-qwen3-failure-classifications
76308015488,76308015488-1,agent,936,688,152,622,332,245.0,3.1012658227848102,11.0,79,171.0,386.0,15.8125,45275.790056170445,0.954430356915319,2515.3216697872467,2863.291070745957,18.307449448583142,False,,2025-11-23-qwen3-failure-classifications
76308015488,76308015488-1,bypass,965,715,169,625,339,246.0,3.075,11.0,80,175.0,400.0,15.955128205128204,47554.01142910428,0.9934948149109774,2641.8895238391265,2980.484444732932,17.459397489638874,False,,2025-11-23-qwen3-failure-classifications
76308015488,76308015488-1,a_only,965,715,169,625,339,246.0,3.075,11.0,80,175.0,400.0,15.955128205128204,47554.01142910428,0.9934948149109774,2641.8895238391265,2980.484444732932,17.459397489638874,False,,2025-11-23-qwen3-failure-classifications
76308015488,76308015488-1,b_only,900,660,160,619,317,219.0,2.9594594594594597,11.0,74,166.0,378.0,15.962585034013605,44499.934351685726,0.9292549683497126,2472.2185750936515,2787.7649050491377,19.708881182687254,False,,2025-11-23-qwen3-failure-classifications
76308015488,76308015488-1,ground_truth,968,716,169,625,339,247.0,3.0875,11.0,80,176.0,402.0,15.914012738853502,47721.21490104742,0.9995638368973978,2651.1786056137453,2998.6915106921933,17.3189135257857,False,,2025-11-23-qwen3-failure-classifications
765099915043,765099915043-1,agent,432,271,3,0,57,56.0,2.0,9.0,28,42.0,80.0,5.2,2243.2040478759645,0.1437951312741003,124.62244710422026,431.38539382230084,27.18016768059669,False,,2025-11-23-qwen3-failure-classifications
765099915043,765099915043-1,bypass,419,265,3,31,57,53.0,2.2083333333333335,9.0,24,42.0,80.0,5.2,2243.2040478759645,0.1437951312741003,124.62244710422026,431.38539382230084,39.180442042516006,False,,2025-11-23-qwen3-failure-classifications
765099915043,765099915043-1,a_only,419,265,3,31,57,53.0,2.2083333333333335,9.0,24,42.0,80.0,5.2,2243.2040478759645,0.1437951312741003,124.62244710422026,431.38539382230084,39.180442042516006,False,,2025-11-23-qwen3-failure-classifications
765099915043,765099915043-1,b_only,356,224,4,29,54,39.0,1.625,7.0,24,38.0,74.0,5.532258064516129,2148.4338088100817,0.12944887866494176,119.35743382278231,388.3466359948253,43.54487764661045,False,,2025-11-23-qwen3-failure-classifications
765099915043,765099915043-1,ground_truth,434,273,3,31,61,56.0,2.0,9.0,28,42.0,80.0,5.2,2243.2040478759645,0.1437951312741003,124.62244710422026,431.38539382230084,38.10984028111272,False,,2025-11-23-qwen3-failure-classifications
77792755679,77792755679-1,agent,96,76,12,41,24,24.0,4.0,5.0,6,16.0,21.0,2.9545454545454546,248.1818181818182,0.028,13.787878787878789,84.0,72.03365371207929,False,,2025-11-23-qwen3-failure-classifications
77792755679,77792755679-1,bypass,96,76,12,41,25,24.0,4.0,5.0,6,16.0,21.0,2.9545454545454546,248.1818181818182,0.028,13.787878787878789,84.0,72.03365371207929,False,,2025-11-23-qwen3-failure-classifications
77792755679,77792755679-1,a_only,96,76,12,41,25,24.0,4.0,5.0,6,16.0,21.0,2.9545454545454546,248.1818181818182,0.028,13.787878787878789,84.0,72.03365371207929,False,,2025-11-23-qwen3-failure-classifications
77792755679,77792755679-1,b_only,96,76,12,41,24,24.0,4.0,5.0,6,16.0,21.0,2.9545454545454546,248.1818181818182,0.028,13.787878787878789,84.0,72.03365371207929,False,,2025-11-23-qwen3-failure-classifications
77792755679,77792755679-1,ground_truth,96,76,12,41,24,24.0,4.0,5.0,6,16.0,21.0,2.9545454545454546,248.1818181818182,0.028,13.787878787878789,84.0,72.03365371207929,False,,2025-11-23-qwen3-failure-classifications
784967056668,784967056668-1,agent,80,49,7,0,7,0.0,0.0,0.0,0,0.0,0.0,0.0,0.0,0.0,0.0,0.0,0.0,False,,2025-11-23-qwen3-failure-classifications
784967056668,784967056668-1,bypass,54,33,4,0,8,8.0,8.0,8.0,1,9.0,27.0,1.125,96.28647191881025,0.028529325012980816,5.349248439933903,85.58797503894245,67.89784283359174,False,,2025-11-23-qwen3-failure-classifications
784967056668,784967056668-1,a_only,54,33,4,0,8,8.0,8.0,8.0,1,9.0,27.0,1.125,96.28647191881025,0.028529325012980816,5.349248439933903,85.58797503894245,67.89784283359174,False,,2025-11-23-qwen3-failure-classifications
784967056668,784967056668-1,b_only,72,41,6,0,7,9.0,9.0,9.0,1,15.0,33.0,2.75,354.5503215514731,0.04297579655169371,19.69724008619295,128.92738965508113,65.2971234123848,False,,2025-11-23-qwen3-failure-classifications
784967056668,784967056668-1,ground_truth,72,41,6,0,7,9.0,9.0,9.0,1,15.0,33.0,2.75,354.5503215514731,0.04297579655169371,19.69724008619295,128.92738965508113,65.2971234123848,False,,2025-11-23-qwen3-failure-classifications
785366207525,785366207525-1,agent,71,52,11,11,23,11.0,2.75,5.0,4,24.0,28.0,3.7058823529411766,475.7572853689484,0.042792983340064136,26.43096029827491,128.3789500201924,73.32266283266135,False,,2025-11-23-qwen3-failure-classifications
785366207525,785366207525-1,bypass,70,51,10,11,24,11.0,2.75,5.0,4,24.0,28.0,3.7058823529411766,475.7572853689484,0.042792983340064136,26.43096029827491,128.3789500201924,73.28280960996632,False,,2025-11-23-qwen3-failure-classifications
785366207525,785366207525-1,a_only,70,51,10,11,24,11.0,2.75,5.0,4,24.0,28.0,3.7058823529411766,475.7572853689484,0.042792983340064136,26.43096029827491,128.3789500201924,73.28280960996632,False,,2025-11-23-qwen3-failure-classifications
785366207525,785366207525-1,b_only,70,51,10,11,24,11.0,2.75,5.0,4,24.0,28.0,3.7058823529411766,475.7572853689484,0.042792983340064136,26.43096029827491,128.3789500201924,73.28280960996632,False,,2025-11-23-qwen3-failure-classifications
785366207525,785366207525-1,ground_truth,70,51,10,11,24,11.0,2.75,5.0,4,24.0,28.0,3.7058823529411766,475.7572853689484,0.042792983340064136,26.43096029827491,128.3789500201924,73.28280960996632,False,,2025-11-23-qwen3-failure-classifications
786124670697,786124670697-1,agent,537,416,66,41,84,69.0,3.0,7.0,23,97.0,151.0,8.180722891566266,8152.800768633784,0.3321956130567521,452.93337603521024,996.5868391702563,38.09322659520526,False,,2025-11-23-qwen3-failure-classifications
786124670697,786124670697-1,bypass,542,416,67,41,84,69.0,3.0,7.0,23,100.0,154.0,8.735294117647058,8937.549835526952,0.3410512844084359,496.530546418164,1023.1538532253077,38.14800661962004,False,,2025-11-23-qwen3-failure-classifications
786124670697,786124670697-1,a_only,542,416,67,41,84,69.0,3.0,7.0,23,100.0,154.0,8.735294117647058,8937.549835526952,0.3410512844084359,496.530546418164,1023.1538532253077,38.14800661962004,False,,2025-11-23-qwen3-failure-classifications
786124670697,786124670697-1,b_only,512,388,65,41,80,64.0,2.909090909090909,7.0,22,101.0,160.0,8.28735632183908,8828.635363795944,0.3551046124134291,490.47974243310796,1065.3138372402873,39.53391594746172,False,,2025-11-23-qwen3-failure-classifications
786124670697,786124670697-1,ground_truth,549,423,67,41,87,71.0,2.9583333333333335,7.0,24,100.0,157.0,8.911764705882353,9295.731847169807,0.3476951405982106,516.4295470649893,1043.0854217946319,37.692231569598476,False,,2025-11-23-qwen3-failure-classifications
786473783191,786473783191-1,agent,159,79,35,0,34,11.0,1.2222222222222223,2.0,9,5.0,6.0,0.5,6.965784284662087,0.004643856189774725,0.3869880158145604,13.931568569324174,74.34667674917792,False,,2025-11-23-qwen3-failure-classifications
786473783191,786473783191-1,bypass,151,79,60,0,39,11.0,1.2222222222222223,2.0,9,5.0,6.0,0.5,6.965784284662087,0.004643856189774725,0.3869880158145604,13.931568569324174,78.41321232194366,False,,2025-11-23-qwen3-failure-classifications
786473783191,786473783191-1,a_only,151,79,60,0,39,11.0,1.2222222222222223,2.0,9,5.0,6.0,0.5,6.965784284662087,0.004643856189774725,0.3869880158145604,13.931568569324174,78.41321232194366,False,,2025-11-23-qwen3-failure-classifications
786473783191,786473783191-1,b_only,146,78,38,0,34,11.0,1.2222222222222223,2.0,9,5.0,6.0,0.5,6.965784284662087,0.004643856189774725,0.3869880158145604,13.931568569324174,75.77820700090162,False,,2025-11-23-qwen3-failure-classifications
786473783191,786473783191-1,ground_truth,153,80,50,0,38,11.0,1.2222222222222223,2.0,9,5.0,6.0,0.5,6.965784284662087,0.004643856189774725,0.3869880158145604,13.931568569324174,77.15767708447589,False,,2025-11-23-qwen3-failure-classifications
787713977720,787713977720-1,agent,478,394,49,51,147,94.0,2.35,9.0,40,94.0,153.0,8.024691358024691,8047.578534559766,0.3342840314355595,447.08769636443145,1002.8520943066785,37.50474577475255,False,,2025-11-23-qwen3-failure-classifications
787713977720,787713977720-1,bypass,415,326,44,30,126,74.0,2.642857142857143,9.0,28,80.0,129.0,7.411764705882353,6044.5070149587755,0.27184290808015654,335.80594527548755,815.5287242404696,40.64259706778726,False,,2025-11-23-qwen3-failure-classifications
787713977720,787713977720-1,a_only,415,326,44,30,126,74.0,2.642857142857143,9.0,28,80.0,129.0,7.411764705882353,6044.5070149587755,0.27184290808015654,335.80594527548755,815.5287242404696,40.64259706778726,False,,2025-11-23-qwen3-failure-classifications
787713977720,787713977720-1,b_only,484,394,49,51,147,94.0,2.35,9.0,40,94.0,153.0,8.024691358024691,8047.578534559766,0.3342840314355595,447.08769636443145,1002.8520943066785,37.40379243622691,False,,2025-11-23-qwen3-failure-classifications
787713977720,787713977720-1,ground_truth,481,394,49,51,148,94.0,2.35,9.0,40,94.0,153.0,8.024691358024691,8047.578534559766,0.3342840314355595,447.08769636443145,1002.8520943066785,37.45413583656388,False,,2025-11-23-qwen3-failure-classifications
788216460043,788216460043-1,agent,577,447,81,57,180,0.0,0.0,0.0,0,0.0,0.0,0.0,0.0,0.0,0.0,0.0,0.0,False,,2025-11-23-qwen3-failure-classifications
788216460043,788216460043-1,bypass,575,445,81,63,180,143.0,4.205882352941177,16.0,34,224.0,390.0,10.471014492753623,31882.861350185238,1.0149561398674884,1771.270075010291,3044.8684196024656,26.06049301303515,False,,2025-11-23-qwen3-failure-classifications
788216460043,788216460043-1,a_only,575,445,81,63,180,143.0,4.205882352941177,16.0,34,224.0,390.0,10.471014492753623,31882.861350185238,1.0149561398674884,1771.270075010291,3044.8684196024656,26.06049301303515,False,,2025-11-23-qwen3-failure-classifications
788216460043,788216460043-1,b_only,0,0,0,0,0,0.0,0.0,0.0,0,0.0,0.0,0.0,0.0,0.0,0.0,0.0,0.0,True,No code found for b_only,2025-11-23-qwen3-failure-classifications
788216460043,788216460043-1,ground_truth,516,394,61,37,161,128.0,3.657142857142857,14.0,35,160.0,256.0,10.584507042253522,19839.743867701553,0.6248045307637216,1102.2079926500862,1874.4135922911646,28.89794713796435,False,,2025-11-23-qwen3-failure-classifications
789511319434,789511319434-1,agent,221,163,10,18,33,48.0,4.0,9.0,12,28.0,36.0,2.5,432.66194298518434,0.057688259064691244,24.03677461028802,173.06477719407374,50.354308822365866,False,,2025-11-23-qwen3-failure-classifications
789511319434,789511319434-1,bypass,211,150,9,18,31,48.0,4.363636363636363,9.0,11,27.0,36.0,2.6136363636363638,447.3916877035628,0.05705865002596163,24.855093761309046,171.1759500778849,51.25445151020478,False,,2025-11-23-qwen3-failure-classifications
789511319434,789511319434-1,a_only,211,150,9,18,31,48.0,4.363636363636363,9.0,11,27.0,36.0,2.6136363636363638,447.3916877035628,0.05705865002596163,24.855093761309046,171.1759500778849,51.25445151020478,False,,2025-11-23-qwen3-failure-classifications
789511319434,789511319434-1,b_only,217,159,9,18,33,48.0,4.0,9.0,12,26.0,34.0,2.0,319.6299008335943,0.05327165013893238,17.757216712977463,159.81495041679716,50.68765203214354,False,,2025-11-23-qwen3-failure-classifications
789511319434,789511319434-1,ground_truth,222,163,9,18,35,48.0,4.0,9.0,12,28.0,36.0,2.5,432.66194298518434,0.057688259064691244,24.03677461028802,173.06477719407374,50.029177721124675,False,,2025-11-23-qwen3-failure-classifications
791684313047,791684313047-1,agent,33,9,4,0,1,0.0,0.0,0.0,0,0.0,0.0,0.0,0.0,0.0,0.0,0.0,100.0,False,,2025-11-23-qwen3-failure-classifications
791684313047,791684313047-1,bypass,31,8,4,0,1,0.0,0.0,0.0,0,0.0,0.0,0.0,0.0,0.0,0.0,0.0,100.0,False,,2025-11-23-qwen3-failure-classifications
791684313047,791684313047-1,a_only,31,8,4,0,1,0.0,0.0,0.0,0,0.0,0.0,0.0,0.0,0.0,0.0,0.0,100.0,False,,2025-11-23-qwen3-failure-classifications
791684313047,791684313047-1,b_only,28,8,0,0,1,0.0,0.0,0.0,0,0.0,0.0,0.0,0.0,0.0,0.0,0.0,100.0,False,,2025-11-23-qwen3-failure-classifications
791684313047,791684313047-1,ground_truth,33,9,3,0,1,0.0,0.0,0.0,0,0.0,0.0,0.0,0.0,0.0,0.0,0.0,100.0,False,,2025-11-23-qwen3-failure-classifications
793362714398,793362714398-1,agent,231,211,41,22,41,73.0,5.214285714285714,19.0,14,91.0,139.0,7.583333333333333,6859.757866989442,0.3015278183292063,381.0976592771912,904.5834549876188,45.26812620975141,False,,2025-11-23-qwen3-failure-classifications
793362714398,793362714398-1,bypass,231,211,41,22,42,74.0,5.285714285714286,19.0,14,91.0,139.0,7.583333333333333,6859.757866989442,0.3015278183292063,381.0976592771912,904.5834549876188,45.1336232857748,False,,2025-11-23-qwen3-failure-classifications
793362714398,793362714398-1,a_only,231,211,41,22,42,74.0,5.285714285714286,19.0,14,91.0,139.0,7.583333333333333,6859.757866989442,0.3015278183292063,381.0976592771912,904.5834549876188,45.1336232857748,False,,2025-11-23-qwen3-failure-classifications
793362714398,793362714398-1,b_only,180,167,35,22,34,61.0,6.777777777777778,18.0,9,79.0,119.0,6.985074626865671,5239.853095932525,0.2500499696776917,291.1029497740292,750.1499090330752,50.8612165372946,False,,2025-11-23-qwen3-failure-classifications
793362714398,793362714398-1,ground_truth,240,220,44,22,42,77.0,5.5,19.0,14,95.0,145.0,7.530487804878049,7173.761543060149,0.31754302106932913,398.54230794778607,952.6290632079874,44.238535490839034,False,,2025-11-23-qwen3-failure-classifications
794687372331,794687372331-1,agent,0,0,0,0,0,0.0,0.0,0.0,0,0.0,0.0,0.0,0.0,0.0,0.0,0.0,0.0,False,,2025-11-23-qwen3-failure-classifications
794687372331,794687372331-1,bypass,78,46,1,13,18,17.0,5.666666666666667,10.0,3,19.0,29.0,3.2142857142857144,395.96752893170566,0.04106329929662132,21.998196051761425,123.18989788986397,69.4345967044319,False,,2025-11-23-qwen3-failure-classifications
794687372331,794687372331-1,a_only,78,46,1,13,18,17.0,5.666666666666667,10.0,3,19.0,29.0,3.2142857142857144,395.96752893170566,0.04106329929662132,21.998196051761425,123.18989788986397,69.4345967044319,False,,2025-11-23-qwen3-failure-classifications
794687372331,794687372331-1,b_only,15,8,1,13,8,2.0,2.0,2.0,1,3.0,3.0,0.5,2.3774437510817346,0.0015849625007211565,0.1320802083934297,4.754887502163469,100.0,False,,2025-11-23-qwen3-failure-classifications
794687372331,794687372331-1,ground_truth,79,46,1,13,18,17.0,5.666666666666667,10.0,3,19.0,29.0,3.2142857142857144,395.96752893170566,0.04106329929662132,21.998196051761425,123.18989788986397,69.33013901580483,False,,2025-11-23-qwen3-failure-classifications
798158155287,798158155287-1,agent,52,50,2,28,21,0.0,0.0,0.0,0,0.0,0.0,0.0,0.0,0.0,0.0,0.0,0.0,False,,2025-11-23-qwen3-failure-classifications
798158155287,798158155287-1,bypass,51,49,2,24,20,8.0,2.0,3.0,4,11.0,12.0,2.2857142857142856,94.88726725405158,0.01383772647454919,5.27151484744731,41.51317942364757,80.11047510901646,False,,2025-11-23-qwen3-failure-classifications
798158155287,798158155287-1,a_only,51,49,2,24,20,8.0,2.0,3.0,4,11.0,12.0,2.2857142857142856,94.88726725405158,0.01383772647454919,5.27151484744731,41.51317942364757,80.11047510901646,False,,2025-11-23-qwen3-failure-classifications
798158155287,798158155287-1,b_only,50,48,2,28,21,8.0,2.0,3.0,4,11.0,12.0,2.2857142857142856,94.88726725405158,0.01383772647454919,5.27151484744731,41.51317942364757,80.41052578209509,False,,2025-11-23-qwen3-failure-classifications
798158155287,798158155287-1,ground_truth,51,49,2,28,21,8.0,2.0,3.0,4,11.0,12.0,2.2857142857142856,94.88726725405158,0.01383772647454919,5.27151484744731,41.51317942364757,80.22735451846671,False,,2025-11-23-qwen3-failure-classifications
803581039998,803581039998-1,agent,1562,1126,147,380,439,345.0,4.6,32.0,75,399.0,759.0,10.992146596858639,72085.90277953666,2.1859819688642537,4004.7723766409254,6557.945906592761,0.0,False,,2025-11-23-qwen3-failure-classifications
803581039998,803581039998-1,bypass,1562,1127,145,382,436,346.0,4.613333333333333,32.0,75,397.0,756.0,11.005263157894737,71826.33829296211,2.1755147896800255,3990.352127386784,6526.544369040077,0.0,False,,2025-11-23-qwen3-failure-classifications
803581039998,803581039998-1,a_only,1562,1127,145,382,436,346.0,4.613333333333333,32.0,75,397.0,756.0,11.005263157894737,71826.33829296211,2.1755147896800255,3990.352127386784,6526.544369040077,0.0,False,,2025-11-23-qwen3-failure-classifications
803581039998,803581039998-1,b_only,1562,1127,148,382,436,346.0,4.613333333333333,32.0,75,397.0,756.0,11.005263157894737,71826.33829296211,2.1755147896800255,3990.352127386784,6526.544369040077,0.0,False,,2025-11-23-qwen3-failure-classifications
803581039998,803581039998-1,ground_truth,1564,1128,148,382,436,346.0,4.613333333333333,32.0,75,399.0,759.0,10.992146596858639,72085.90277953666,2.1859819688642537,4004.7723766409254,6557.945906592761,0.0,False,,2025-11-23-qwen3-failure-classifications
810893186987,810893186987-1,agent,28,13,0,0,1,0.0,0.0,0.0,0,0.0,0.0,0.0,0.0,0.0,0.0,0.0,100.0,False,,2025-11-23-qwen3-failure-classifications
810893186987,810893186987-1,bypass,28,13,0,0,2,0.0,0.0,0.0,0,0.0,0.0,0.0,0.0,0.0,0.0,0.0,100.0,False,,2025-11-23-qwen3-failure-classifications
810893186987,810893186987-1,a_only,28,13,0,0,2,0.0,0.0,0.0,0,0.0,0.0,0.0,0.0,0.0,0.0,0.0,100.0,False,,2025-11-23-qwen3-failure-classifications
810893186987,810893186987-1,b_only,17,12,0,0,1,0.0,0.0,0.0,0,0.0,0.0,0.0,0.0,0.0,0.0,0.0,100.0,False,,2025-11-23-qwen3-failure-classifications
810893186987,810893186987-1,ground_truth,28,13,0,0,2,0.0,0.0,0.0,0,0.0,0.0,0.0,0.0,0.0,0.0,0.0,100.0,False,,2025-11-23-qwen3-failure-classifications
811202524573,811202524573-1,agent,371,291,26,0,90,134.0,1.9142857142857144,15.0,70,61.0,93.0,5.980392156862745,3298.5365603915934,0.18385285746444946,183.2520311328663,551.5585723933484,27.642015317813186,False,,2025-11-23-qwen3-failure-classifications
811202524573,811202524573-1,bypass,368,288,23,0,90,133.0,1.9275362318840579,15.0,69,61.0,93.0,5.980392156862745,3298.5365603915934,0.18385285746444946,183.2520311328663,551.5585723933484,27.106304084061712,False,,2025-11-23-qwen3-failure-classifications
811202524573,811202524573-1,a_only,368,288,23,0,90,133.0,1.9275362318840579,15.0,69,61.0,93.0,5.980392156862745,3298.5365603915934,0.18385285746444946,183.2520311328663,551.5585723933484,27.106304084061712,False,,2025-11-23-qwen3-failure-classifications
811202524573,811202524573-1,b_only,354,276,26,0,88,125.0,1.838235294117647,13.0,68,57.0,87.0,6.0638297872340425,3077.159742579038,0.16915381041077754,170.95331903216876,507.4614312323326,29.392756963619295,False,,2025-11-23-qwen3-failure-classifications
811202524573,811202524573-1,ground_truth,371,291,26,0,91,134.0,1.9142857142857144,15.0,70,61.0,93.0,5.980392156862745,3298.5365603915934,0.18385285746444946,183.2520311328663,551.5585723933484,27.642015317813186,False,,2025-11-23-qwen3-failure-classifications
823701492337,823701492337-1,agent,26,15,5,0,4,0.0,0.0,0.0,0,0.0,0.0,0.0,0.0,0.0,0.0,0.0,100.0,False,,2025-11-23-qwen3-failure-classifications
823701492337,823701492337-1,bypass,25,15,4,0,4,0.0,0.0,0.0,0,0.0,0.0,0.0,0.0,0.0,0.0,0.0,100.0,False,,2025-11-23-qwen3-failure-classifications
823701492337,823701492337-1,a_only,25,15,4,0,4,0.0,0.0,0.0,0,0.0,0.0,0.0,0.0,0.0,0.0,0.0,100.0,False,,2025-11-23-qwen3-failure-classifications
823701492337,823701492337-1,b_only,22,6,0,0,1,0.0,0.0,0.0,0,0.0,0.0,0.0,0.0,0.0,0.0,0.0,100.0,False,,2025-11-23-qwen3-failure-classifications
823701492337,823701492337-1,ground_truth,26,15,5,0,4,0.0,0.0,0.0,0,0.0,0.0,0.0,0.0,0.0,0.0,0.0,100.0,False,,2025-11-23-qwen3-failure-classifications
827456040353,827456040353-1,agent,551,378,11,0,109,65.0,2.3214285714285716,7.0,28,68.0,97.0,7.327272727272727,4326.636544133036,0.19682796520042764,240.3686968962798,590.4838956012829,27.56379734514102,False,,2025-11-23-qwen3-failure-classifications
827456040353,827456040353-1,bypass,569,380,13,0,111,65.0,2.3214285714285716,7.0,28,68.0,97.0,7.327272727272727,4326.636544133036,0.19682796520042764,240.3686968962798,590.4838956012829,28.0839492287541,False,,2025-11-23-qwen3-failure-classifications
827456040353,827456040353-1,a_only,569,380,13,0,111,65.0,2.3214285714285716,7.0,28,68.0,97.0,7.327272727272727,4326.636544133036,0.19682796520042764,240.3686968962798,590.4838956012829,28.0839492287541,False,,2025-11-23-qwen3-failure-classifications
827456040353,827456040353-1,b_only,420,343,11,0,97,60.0,2.4,7.0,25,63.0,91.0,6.823529411764706,3711.5392277920655,0.18131082434616413,206.19662376622585,543.9324730384924,30.186618718362286,False,,2025-11-23-qwen3-failure-classifications
827456040353,827456040353-1,ground_truth,571,380,13,0,111,65.0,2.3214285714285716,7.0,28,68.0,97.0,7.327272727272727,4326.636544133036,0.19682796520042764,240.3686968962798,590.4838956012829,28.068676367426175,False,,2025-11-23-qwen3-failure-classifications
830125785168,830125785168-1,agent,63,47,4,22,24,17.0,3.4,7.0,5,6.0,8.0,1.25,25.84962500721156,0.006893233335256416,1.43609027817842,20.67970000576925,80.96898022555203,False,,2025-11-23-qwen3-failure-classifications
830125785168,830125785168-1,bypass,63,47,4,22,24,17.0,3.4,7.0,5,6.0,8.0,1.25,25.84962500721156,0.006893233335256416,1.43609027817842,20.67970000576925,80.96898022555203,False,,2025-11-23-qwen3-failure-classifications
830125785168,830125785168-1,a_only,63,47,4,22,24,17.0,3.4,7.0,5,6.0,8.0,1.25,25.84962500721156,0.006893233335256416,1.43609027817842,20.67970000576925,80.96898022555203,False,,2025-11-23-qwen3-failure-classifications
830125785168,830125785168-1,b_only,61,45,4,22,23,16.0,3.2,6.0,5,6.0,8.0,1.25,25.84962500721156,0.006893233335256416,1.43609027817842,20.67970000576925,81.6590194886526,False,,2025-11-23-qwen3-failure-classifications
830125785168,830125785168-1,ground_truth,63,47,4,22,24,17.0,3.4,7.0,5,6.0,8.0,1.25,25.84962500721156,0.006893233335256416,1.43609027817842,20.67970000576925,80.96898022555203,False,,2025-11-23-qwen3-failure-classifications
83024680479,83024680479-1,agent,368,365,28,244,133,67.0,2.4814814814814814,9.0,27,50.0,71.0,4.719512195121951,1891.1736161760987,0.1335712631580018,105.06520089867215,400.7137894740054,45.86654523705446,False,,2025-11-23-qwen3-failure-classifications
83024680479,83024680479-1,bypass,365,359,27,239,132,67.0,2.4814814814814814,9.0,27,50.0,71.0,4.719512195121951,1891.1736161760987,0.1335712631580018,105.06520089867215,400.7137894740054,46.097938649025835,False,,2025-11-23-qwen3-failure-classifications
83024680479,83024680479-1,a_only,365,359,27,239,132,67.0,2.4814814814814814,9.0,27,50.0,71.0,4.719512195121951,1891.1736161760987,0.1335712631580018,105.06520089867215,400.7137894740054,46.097938649025835,False,,2025-11-23-qwen3-failure-classifications
83024680479,83024680479-1,b_only,313,310,22,233,125,67.0,2.4814814814814814,9.0,27,51.0,70.0,5.365853658536586,2130.6182991795376,0.13235659131266825,118.36768328775209,397.06977393800474,46.78640385425398,False,,2025-11-23-qwen3-failure-classifications
83024680479,83024680479-1,ground_truth,365,359,27,239,132,67.0,2.4814814814814814,9.0,27,50.0,71.0,4.719512195121951,1891.1736161760987,0.1335712631580018,105.06520089867215,400.7137894740054,46.097938649025835,False,,2025-11-23-qwen3-failure-classifications
831481074061,831481074061-1,agent,668,372,75,7,92,0.0,0.0,0.0,0,0.0,0.0,0.0,0.0,0.0,0.0,0.0,0.0,False,,2025-11-23-qwen3-failure-classifications
831481074061,831481074061-1,bypass,595,327,70,7,93,65.0,9.285714285714286,23.0,7,68.0,120.0,6.637931034482759,4848.979021823547,0.2434985136500136,269.3877234346415,730.4955409500408,36.45544425052552,False,,2025-11-23-qwen3-failure-classifications
831481074061,831481074061-1,a_only,595,327,70,7,93,65.0,9.285714285714286,23.0,7,68.0,120.0,6.637931034482759,4848.979021823547,0.2434985136500136,269.3877234346415,730.4955409500408,36.45544425052552,False,,2025-11-23-qwen3-failure-classifications
831481074061,831481074061-1,b_only,677,371,76,7,97,67.0,9.571428571428571,25.0,7,68.0,120.0,6.637931034482759,4848.979021823547,0.2434985136500136,269.3877234346415,730.4955409500408,34.55935231956066,False,,2025-11-23-qwen3-failure-classifications
831481074061,831481074061-1,ground_truth,677,371,76,7,97,67.0,9.571428571428571,25.0,7,68.0,120.0,6.637931034482759,4848.979021823547,0.2434985136500136,269.3877234346415,730.4955409500408,34.55935231956066,False,,2025-11-23-qwen3-failure-classifications
833417936828,833417936828-1,agent,262,250,49,101,107,73.0,3.8421052631578947,10.0,19,68.0,141.0,8.017241379310345,6881.456917009976,0.28611075353876597,382.3031620561098,858.332260616298,47.9158828823093,False,,2025-11-23-qwen3-failure-classifications
833417936828,833417936828-1,bypass,258,246,50,101,106,73.0,3.8421052631578947,10.0,19,68.0,141.0,8.017241379310345,6881.456917009976,0.28611075353876597,382.3031620561098,858.332260616298,48.06578119650532,False,,2025-11-23-qwen3-failure-classifications
833417936828,833417936828-1,a_only,258,246,50,101,106,73.0,3.8421052631578947,10.0,19,68.0,141.0,8.017241379310345,6881.456917009976,0.28611075353876597,382.3031620561098,858.332260616298,48.06578119650532,False,,2025-11-23-qwen3-failure-classifications
833417936828,833417936828-1,b_only,259,247,50,101,106,73.0,3.8421052631578947,10.0,19,68.0,141.0,8.017241379310345,6881.456917009976,0.28611075353876597,382.3031620561098,858.332260616298,48.02850149037344,False,,2025-11-23-qwen3-failure-classifications
833417936828,833417936828-1,ground_truth,259,247,50,101,106,73.0,3.8421052631578947,10.0,19,68.0,141.0,8.017241379310345,6881.456917009976,0.28611075353876597,382.3031620561098,858.332260616298,48.02850149037344,False,,2025-11-23-qwen3-failure-classifications
840047219771,840047219771-1,agent,116,94,0,127,38,0.0,0.0,0.0,0,0.0,0.0,0.0,0.0,0.0,0.0,0.0,0.0,False,,2025-11-23-qwen3-failure-classifications
840047219771,840047219771-1,bypass,103,87,1,117,42,22.0,3.142857142857143,9.0,7,22.0,31.0,4.666666666666667,645.1311074961957,0.046080793392585404,35.840617083121984,138.24238017775622,63.47670185091186,False,,2025-11-23-qwen3-failure-classifications
840047219771,840047219771-1,a_only,103,87,1,117,42,22.0,3.142857142857143,9.0,7,22.0,31.0,4.666666666666667,645.1311074961957,0.046080793392585404,35.840617083121984,138.24238017775622,63.47670185091186,False,,2025-11-23-qwen3-failure-classifications
840047219771,840047219771-1,b_only,92,74,6,123,38,20.0,2.0,4.0,10,20.0,24.0,2.6666666666666665,276.6033980727912,0.0345754247590989,15.366855448488401,103.72627427729671,61.254771264716716,False,,2025-11-23-qwen3-failure-classifications
840047219771,840047219771-1,ground_truth,104,88,0,127,42,22.0,3.142857142857143,9.0,7,22.0,31.0,4.666666666666667,645.1311074961957,0.046080793392585404,35.840617083121984,138.24238017775622,62.04121538380211,False,,2025-11-23-qwen3-failure-classifications
840974593127,840974593127-1,agent,8,8,0,0,2,0.0,0.0,0.0,0,0.0,0.0,0.0,0.0,0.0,0.0,0.0,100.0,False,,2025-11-23-qwen3-failure-classifications
840974593127,840974593127-1,bypass,8,8,0,0,2,0.0,0.0,0.0,0,0.0,0.0,0.0,0.0,0.0,0.0,0.0,100.0,False,,2025-11-23-qwen3-failure-classifications
840974593127,840974593127-1,a_only,8,8,0,0,2,0.0,0.0,0.0,0,0.0,0.0,0.0,0.0,0.0,0.0,0.0,100.0,False,,2025-11-23-qwen3-failure-classifications
840974593127,840974593127-1,b_only,8,8,0,0,3,0.0,0.0,0.0,0,0.0,0.0,0.0,0.0,0.0,0.0,0.0,100.0,False,,2025-11-23-qwen3-failure-classifications
840974593127,840974593127-1,ground_truth,8,8,0,0,3,0.0,0.0,0.0,0,0.0,0.0,0.0,0.0,0.0,0.0,0.0,100.0,False,,2025-11-23-qwen3-failure-classifications
846712784006,846712784006-1,agent,195,180,2,0,75,76.0,4.222222222222222,10.0,18,120.0,218.0,11.076923076923077,16678.546890564816,0.501900716614219,926.585938364712,1505.702149842657,25.094247649702275,False,,2025-11-23-qwen3-failure-classifications
846712784006,846712784006-1,bypass,195,180,2,0,75,76.0,4.222222222222222,10.0,18,120.0,218.0,11.076923076923077,16678.546890564816,0.501900716614219,926.585938364712,1505.702149842657,25.094247649702275,False,,2025-11-23-qwen3-failure-classifications
846712784006,846712784006-1,a_only,195,180,2,0,75,76.0,4.222222222222222,10.0,18,120.0,218.0,11.076923076923077,16678.546890564816,0.501900716614219,926.585938364712,1505.702149842657,25.094247649702275,False,,2025-11-23-qwen3-failure-classifications
846712784006,846712784006-1,b_only,191,179,2,0,74,76.0,4.222222222222222,10.0,18,123.0,224.0,11.065420560747663,17208.092776150017,0.5183744163986632,956.0051542305565,1555.1232491959897,25.111318037048445,False,,2025-11-23-qwen3-failure-classifications
846712784006,846712784006-1,ground_truth,184,168,2,0,71,73.0,4.294117647058823,10.0,17,108.0,200.0,11.478260869565217,15506.872178879616,0.4503258334775646,861.4928988266453,1350.977500432694,26.657769644336902,False,,2025-11-23-qwen3-failure-classifications
847142063317,847142063317-1,agent,809,468,71,0,102,73.0,2.085714285714286,9.0,35,135.0,247.0,5.392857142857143,9426.57111868589,0.5826578174905185,523.6983954825495,1747.9734524715554,26.60899870268852,False,,2025-11-23-qwen3-failure-classifications
847142063317,847142063317-1,bypass,803,468,71,0,102,73.0,2.085714285714286,9.0,35,135.0,247.0,5.392857142857143,9426.57111868589,0.5826578174905185,523.6983954825495,1747.9734524715554,26.663666985481807,False,,2025-11-23-qwen3-failure-classifications
847142063317,847142063317-1,a_only,803,468,71,0,102,73.0,2.085714285714286,9.0,35,135.0,247.0,5.392857142857143,9426.57111868589,0.5826578174905185,523.6983954825495,1747.9734524715554,26.663666985481807,False,,2025-11-23-qwen3-failure-classifications
847142063317,847142063317-1,b_only,806,465,71,0,102,73.0,2.085714285714286,9.0,35,135.0,247.0,5.392857142857143,9426.57111868589,0.5826578174905185,523.6983954825495,1747.9734524715554,26.69719181249818,False,,2025-11-23-qwen3-failure-classifications
847142063317,847142063317-1,ground_truth,806,465,71,0,102,73.0,2.085714285714286,9.0,35,135.0,247.0,5.392857142857143,9426.57111868589,0.5826578174905185,523.6983954825495,1747.9734524715554,26.69719181249818,False,,2025-11-23-qwen3-failure-classifications
850385692556,850385692556-1,agent,2192,1346,90,0,525,0.0,0.0,0.0,0,0.0,0.0,0.0,0.0,0.0,0.0,0.0,0.0,False,,2025-11-23-qwen3-failure-classifications
850385692556,850385692556-1,bypass,2917,1859,33,0,725,703.0,3.7195767195767195,21.0,189,847.0,1457.0,10.509047044632087,148924.7550834461,4.723699952715672,8273.597504635894,14171.099858147016,0.0,False,,2025-11-23-qwen3-failure-classifications
850385692556,850385692556-1,a_only,2917,1859,33,0,725,703.0,3.7195767195767195,21.0,189,847.0,1457.0,10.509047044632087,148924.7550834461,4.723699952715672,8273.597504635894,14171.099858147016,0.0,False,,2025-11-23-qwen3-failure-classifications
850385692556,850385692556-1,b_only,3398,2244,111,0,873,908.0,4.09009009009009,32.0,222,1220.0,2115.0,12.909849749582637,279942.1831118972,7.228129129877427,15552.343506216512,21684.38738963228,0.0,False,,2025-11-23-qwen3-failure-classifications
850385692556,850385692556-1,ground_truth,3395,2243,111,0,873,908.0,4.09009009009009,32.0,222,1220.0,2115.0,12.909849749582637,279942.1831118972,7.228129129877427,15552.343506216512,21684.38738963228,0.0,False,,2025-11-23-qwen3-failure-classifications
854918006643,854918006643-1,agent,309,263,20,285,174,69.0,2.0294117647058822,5.0,34,59.0,137.0,10.427083333333334,8403.416873545155,0.26864069925419076,466.8564929747308,805.9220977625723,45.561661398280336,False,,2025-11-23-qwen3-failure-classifications
854918006643,854918006643-1,bypass,308,262,21,285,173,69.0,2.0294117647058822,5.0,34,57.0,134.0,10.641304347826088,8317.320754328433,0.26053575396602513,462.0733752404685,781.6072618980754,45.59827597645221,False,,2025-11-23-qwen3-failure-classifications
854918006643,854918006643-1,a_only,308,262,21,285,173,69.0,2.0294117647058822,5.0,34,57.0,134.0,10.641304347826088,8317.320754328433,0.26053575396602513,462.0733752404685,781.6072618980754,45.59827597645221,False,,2025-11-23-qwen3-failure-classifications
854918006643,854918006643-1,b_only,197,203,19,226,136,53.0,1.8275862068965518,3.0,29,32.0,75.0,5.769230769230769,2163.4615384615386,0.125,120.1923076923077,375.0,47.71956884409584,False,,2025-11-23-qwen3-failure-classifications
854918006643,854918006643-1,ground_truth,309,263,20,285,173,69.0,2.0294117647058822,5.0,34,59.0,137.0,10.427083333333334,8403.416873545155,0.26864069925419076,466.8564929747308,805.9220977625723,45.561661398280336,False,,2025-11-23-qwen3-failure-classifications
866555028051,866555028051-1,agent,531,368,59,81,89,138.0,6.0,22.0,23,166.0,298.0,11.238255033557047,24699.007055580852,0.7325872501804612,1372.1670586433806,2197.7617505413837,28.437505961025494,False,,2025-11-23-qwen3-failure-classifications
866555028051,866555028051-1,bypass,516,358,60,81,88,133.0,5.782608695652174,22.0,23,160.0,286.0,11.234265734265735,23525.354968873096,0.6980238117125952,1306.9641649373943,2094.0714351377856,29.6512908224229,False,,2025-11-23-qwen3-failure-classifications
866555028051,866555028051-1,a_only,516,358,60,81,88,133.0,5.782608695652174,22.0,23,160.0,286.0,11.234265734265735,23525.354968873096,0.6980238117125952,1306.9641649373943,2094.0714351377856,29.6512908224229,False,,2025-11-23-qwen3-failure-classifications
866555028051,866555028051-1,b_only,443,334,38,76,76,119.0,5.409090909090909,22.0,22,139.0,244.0,9.128,15855.533363284123,0.5790072072481787,880.8629646268957,1737.0216217445359,32.308282396524405,False,,2025-11-23-qwen3-failure-classifications
866555028051,866555028051-1,ground_truth,532,367,59,81,89,138.0,6.0,22.0,23,166.0,298.0,11.238255033557047,24699.007055580852,0.7325872501804612,1372.1670586433806,2197.7617505413837,28.449072323748428,False,,2025-11-23-qwen3-failure-classifications
86811399170,86811399170-1,agent,163,128,38,3,55,18.0,2.5714285714285716,10.0,7,39.0,66.0,6.6,2302.3212065363955,0.11627884881496948,127.90673369646642,348.83654644490844,59.41721484017591,False,,2025-11-23-qwen3-failure-classifications
86811399170,86811399170-1,bypass,155,123,37,3,53,18.0,2.5714285714285716,10.0,7,39.0,66.0,6.6,2302.3212065363955,0.11627884881496948,127.90673369646642,348.83654644490844,59.991108504461295,False,,2025-11-23-qwen3-failure-classifications
86811399170,86811399170-1,a_only,155,123,37,3,53,18.0,2.5714285714285716,10.0,7,39.0,66.0,6.6,2302.3212065363955,0.11627884881496948,127.90673369646642,348.83654644490844,59.991108504461295,False,,2025-11-23-qwen3-failure-classifications
86811399170,86811399170-1,b_only,163,128,38,3,56,18.0,2.5714285714285716,10.0,7,39.0,66.0,6.6,2302.3212065363955,0.11627884881496948,127.90673369646642,348.83654644490844,59.41721484017591,False,,2025-11-23-qwen3-failure-classifications
86811399170,86811399170-1,ground_truth,163,128,38,3,56,18.0,2.5714285714285716,10.0,7,39.0,66.0,6.6,2302.3212065363955,0.11627884881496948,127.90673369646642,348.83654644490844,59.41721484017591,False,,2025-11-23-qwen3-failure-classifications
868169215507,868169215507-1,agent,585,317,84,15,89,0.0,0.0,0.0,0,0.0,0.0,0.0,0.0,0.0,0.0,0.0,0.0,False,,2025-11-23-qwen3-failure-classifications
868169215507,868169215507-1,bypass,579,315,83,15,90,74.0,5.285714285714286,42.0,14,101.0,219.0,11.183908045977011,16307.796669254389,0.48604943824088104,905.988703847466,1458.1483147226431,36.89017338739758,False,,2025-11-23-qwen3-failure-classifications
868169215507,868169215507-1,a_only,579,315,83,15,90,74.0,5.285714285714286,42.0,14,101.0,219.0,11.183908045977011,16307.796669254389,0.48604943824088104,905.988703847466,1458.1483147226431,36.89017338739758,False,,2025-11-23-qwen3-failure-classifications
868169215507,868169215507-1,b_only,580,306,84,15,87,71.0,5.461538461538462,42.0,13,96.0,211.0,11.439024390243903,15893.690344118655,0.4631423625507213,882.9827968954809,1389.427087652164,37.64972291457641,False,,2025-11-23-qwen3-failure-classifications
868169215507,868169215507-1,ground_truth,585,315,83,15,91,74.0,5.285714285714286,42.0,14,101.0,219.0,11.183908045977011,16307.796669254389,0.48604943824088104,905.988703847466,1458.1483147226431,36.80561999210854,False,,2025-11-23-qwen3-failure-classifications
871680425454,871680425454-1,agent,89,80,7,10,29,14.0,4.666666666666667,12.0,3,23.0,42.0,2.9473684210526314,559.9693537182155,0.06332986738479819,31.109408539900862,189.98960215439456,63.922025077504884,False,,2025-11-23-qwen3-failure-classifications
871680425454,871680425454-1,bypass,90,81,6,10,29,14.0,4.666666666666667,12.0,3,23.0,42.0,2.9473684210526314,559.9693537182155,0.06332986738479819,31.109408539900862,189.98960215439456,63.21639755805423,False,,2025-11-23-qwen3-failure-classifications
871680425454,871680425454-1,a_only,90,81,6,10,29,14.0,4.666666666666667,12.0,3,23.0,42.0,2.9473684210526314,559.9693537182155,0.06332986738479819,31.109408539900862,189.98960215439456,63.21639755805423,False,,2025-11-23-qwen3-failure-classifications
871680425454,871680425454-1,b_only,90,81,8,10,29,14.0,4.666666666666667,12.0,3,23.0,42.0,2.9473684210526314,559.9693537182155,0.06332986738479819,31.109408539900862,189.98960215439456,64.17933972091383,False,,2025-11-23-qwen3-failure-classifications
871680425454,871680425454-1,ground_truth,90,81,6,10,29,14.0,4.666666666666667,12.0,3,23.0,42.0,2.9473684210526314,559.9693537182155,0.06332986738479819,31.109408539900862,189.98960215439456,63.21639755805423,False,,2025-11-23-qwen3-failure-classifications
873013605380,873013605380-1,agent,95,68,0,0,22,31.0,3.1,5.0,10,44.0,63.0,1.0,343.9441919741497,0.11464806399138323,19.108010665230537,343.9441919741497,39.3061299625359,False,,2025-11-23-qwen3-failure-classifications
873013605380,873013605380-1,bypass,62,41,0,0,16,16.0,2.2857142857142856,3.0,7,19.0,27.0,0.5,57.3470214314884,0.03823134762099227,3.185945635082689,114.6940428629768,49.05282951557205,False,,2025-11-23-qwen3-failure-classifications
873013605380,873013605380-1,a_only,62,41,0,0,16,16.0,2.2857142857142856,3.0,7,19.0,27.0,0.5,57.3470214314884,0.03823134762099227,3.185945635082689,114.6940428629768,49.05282951557205,False,,2025-11-23-qwen3-failure-classifications
873013605380,873013605380-1,b_only,95,68,0,0,22,31.0,3.1,5.0,10,44.0,63.0,1.0,343.9441919741497,0.11464806399138323,19.108010665230537,343.9441919741497,39.3061299625359,False,,2025-11-23-qwen3-failure-classifications
873013605380,873013605380-1,ground_truth,95,68,0,0,22,31.0,3.1,5.0,10,44.0,63.0,1.0,343.9441919741497,0.11464806399138323,19.108010665230537,343.9441919741497,39.3061299625359,False,,2025-11-23-qwen3-failure-classifications
875146196630,875146196630-1,agent,135,74,26,13,33,23.0,23.0,23.0,1,39.0,63.0,4.59375,1529.6284359026026,0.11099344659610721,84.97935755014458,332.98033978832166,64.70713214878901,False,,2025-11-23-qwen3-failure-classifications
875146196630,875146196630-1,bypass,130,70,25,13,32,22.0,22.0,22.0,1,35.0,54.0,3.7241379310344827,1031.5165018904497,0.0923270943050094,57.30647232724721,276.9812829150282,66.01224841453268,False,,2025-11-23-qwen3-failure-classifications
875146196630,875146196630-1,a_only,130,70,25,13,32,22.0,22.0,22.0,1,35.0,54.0,3.7241379310344827,1031.5165018904497,0.0923270943050094,57.30647232724721,276.9812829150282,66.01224841453268,False,,2025-11-23-qwen3-failure-classifications
875146196630,875146196630-1,b_only,131,74,26,13,33,23.0,23.0,23.0,1,39.0,63.0,4.59375,1529.6284359026026,0.11099344659610721,84.97935755014458,332.98033978832166,64.9211549692234,False,,2025-11-23-qwen3-failure-classifications
875146196630,875146196630-1,ground_truth,135,74,26,13,33,23.0,23.0,23.0,1,39.0,63.0,4.59375,1529.6284359026026,0.11099344659610721,84.97935755014458,332.98033978832166,64.70713214878901,False,,2025-11-23-qwen3-failure-classifications
879998518222,879998518222-1,agent,141,69,4,0,19,22.0,3.142857142857143,5.0,7,8.0,8.0,1.5,36.0,0.008,2.0,24.0,57.666406472045104,False,,2025-11-23-qwen3-failure-classifications
879998518222,879998518222-1,bypass,135,69,1,0,18,22.0,3.142857142857143,5.0,7,8.0,8.0,1.5,36.0,0.008,2.0,24.0,52.85450990147119,False,,2025-11-23-qwen3-failure-classifications
879998518222,879998518222-1,a_only,135,69,1,0,18,22.0,3.142857142857143,5.0,7,8.0,8.0,1.5,36.0,0.008,2.0,24.0,52.85450990147119,False,,2025-11-23-qwen3-failure-classifications
879998518222,879998518222-1,b_only,141,69,4,0,17,22.0,3.142857142857143,5.0,7,8.0,8.0,1.5,36.0,0.008,2.0,24.0,57.666406472045104,False,,2025-11-23-qwen3-failure-classifications
879998518222,879998518222-1,ground_truth,137,69,1,0,18,22.0,3.142857142857143,5.0,7,8.0,8.0,1.5,36.0,0.008,2.0,24.0,52.81690933106872,False,,2025-11-23-qwen3-failure-classifications
884710479881,884710479881-1,agent,15,6,0,0,1,0.0,0.0,0.0,0,0.0,0.0,0.0,0.0,0.0,0.0,0.0,100.0,False,,2025-11-23-qwen3-failure-classifications
884710479881,884710479881-1,bypass,22,7,0,0,1,0.0,0.0,0.0,0,0.0,0.0,0.0,0.0,0.0,0.0,0.0,100.0,False,,2025-11-23-qwen3-failure-classifications
884710479881,884710479881-1,a_only,22,7,0,0,1,0.0,0.0,0.0,0,0.0,0.0,0.0,0.0,0.0,0.0,0.0,100.0,False,,2025-11-23-qwen3-failure-classifications
884710479881,884710479881-1,b_only,13,5,0,0,1,0.0,0.0,0.0,0,0.0,0.0,0.0,0.0,0.0,0.0,0.0,100.0,False,,2025-11-23-qwen3-failure-classifications
884710479881,884710479881-1,ground_truth,16,6,0,0,1,0.0,0.0,0.0,0,0.0,0.0,0.0,0.0,0.0,0.0,0.0,100.0,False,,2025-11-23-qwen3-failure-classifications
884805918649,884805918649-1,agent,10,10,0,0,5,5.0,1.25,2.0,4,0.0,0.0,0.0,0.0,0.0,0.0,0.0,100.0,False,,2025-11-23-qwen3-failure-classifications
884805918649,884805918649-1,bypass,10,10,0,0,5,5.0,1.25,2.0,4,0.0,0.0,0.0,0.0,0.0,0.0,0.0,100.0,False,,2025-11-23-qwen3-failure-classifications
884805918649,884805918649-1,a_only,10,10,0,0,5,5.0,1.25,2.0,4,0.0,0.0,0.0,0.0,0.0,0.0,0.0,100.0,False,,2025-11-23-qwen3-failure-classifications
884805918649,884805918649-1,b_only,0,0,0,0,0,0.0,0.0,0.0,0,0.0,0.0,0.0,0.0,0.0,0.0,0.0,0.0,True,No code found for b_only,2025-11-23-qwen3-failure-classifications
884805918649,884805918649-1,ground_truth,16,17,0,0,5,7.0,1.4,2.0,5,2.0,2.0,0.5,1.0,0.0006666666666666666,0.05555555555555555,2.0,70.24419794583484,False,,2025-11-23-qwen3-failure-classifications
887262333435,887262333435-1,agent,87,5,0,0,3,0.0,0.0,0.0,0,0.0,0.0,0.0,0.0,0.0,0.0,0.0,100.0,False,,2025-11-23-qwen3-failure-classifications
887262333435,887262333435-1,bypass,2,2,0,0,1,0.0,0.0,0.0,0,0.0,0.0,0.0,0.0,0.0,0.0,0.0,100.0,False,,2025-11-23-qwen3-failure-classifications
887262333435,887262333435-1,a_only,2,2,0,0,1,0.0,0.0,0.0,0,0.0,0.0,0.0,0.0,0.0,0.0,0.0,100.0,False,,2025-11-23-qwen3-failure-classifications
887262333435,887262333435-1,b_only,87,5,0,0,3,0.0,0.0,0.0,0,0.0,0.0,0.0,0.0,0.0,0.0,0.0,100.0,False,,2025-11-23-qwen3-failure-classifications
887262333435,887262333435-1,ground_truth,2,2,0,0,2,0.0,0.0,0.0,0,0.0,0.0,0.0,0.0,0.0,0.0,0.0,100.0,False,,2025-11-23-qwen3-failure-classifications
887886114976,887886114976-1,agent,1005,942,165,183,249,0.0,0.0,0.0,0,0.0,0.0,0.0,0.0,0.0,0.0,0.0,0.0,False,,2025-11-23-qwen3-failure-classifications
887886114976,887886114976-1,bypass,986,930,165,184,250,372.0,3.8350515463917527,38.0,97,379.0,727.0,11.66759002770083,72660.16525091583,2.075840428583461,4036.6758472731017,6227.521285750384,0.0,False,,2025-11-23-qwen3-failure-classifications
887886114976,887886114976-1,a_only,986,930,165,184,250,372.0,3.8350515463917527,38.0,97,379.0,727.0,11.66759002770083,72660.16525091583,2.075840428583461,4036.6758472731017,6227.521285750384,0.0,False,,2025-11-23-qwen3-failure-classifications
887886114976,887886114976-1,b_only,975,931,166,184,248,370.0,3.8541666666666665,44.0,96,374.0,722.0,11.75561797752809,72542.24689090643,2.0569526000129583,4030.1248272725798,6170.857800038874,0.0,False,,2025-11-23-qwen3-failure-classifications
887886114976,887886114976-1,ground_truth,1004,941,165,184,250,372.0,3.8350515463917527,38.0,97,379.0,727.0,11.66759002770083,72660.16525091583,2.075840428583461,4036.6758472731017,6227.521285750384,0.0,False,,2025-11-23-qwen3-failure-classifications
891933334155,891933334155-1,agent,1273,982,88,432,359,0.0,0.0,0.0,0,0.0,0.0,0.0,0.0,0.0,0.0,0.0,0.0,False,,2025-11-23-qwen3-failure-classifications
891933334155,891933334155-1,bypass,1102,875,76,371,328,249.0,3.608695652173913,17.0,69,255.0,431.0,11.190677966101696,38558.22322426597,1.1485221104287224,2142.1235124592204,3445.5663312861675,7.500695691318247,False,,2025-11-23-qwen3-failure-classifications
891933334155,891933334155-1,a_only,1102,875,76,371,328,249.0,3.608695652173913,17.0,69,255.0,431.0,11.190677966101696,38558.22322426597,1.1485221104287224,2142.1235124592204,3445.5663312861675,7.500695691318247,False,,2025-11-23-qwen3-failure-classifications
891933334155,891933334155-1,b_only,1212,934,93,390,351,266.0,3.5,17.0,76,265.0,447.0,11.121951219512194,40019.920232478216,1.1994274338681337,2223.328901804345,3598.2823016044013,4.377752963210869,False,,2025-11-23-qwen3-failure-classifications
891933334155,891933334155-1,ground_truth,1165,913,84,381,340,260.0,3.5616438356164384,17.0,73,266.0,448.0,11.115384615384615,40112.82798035424,1.2029221770348444,2228.4904433530132,3608.7665311045334,5.39915374258047,False,,2025-11-23-qwen3-failure-classifications
894953225979,894953225979-1,agent,348,313,54,65,133,95.0,5.588235294117647,17.0,17,134.0,197.0,9.371794871794872,13045.721872439133,0.46400652350672705,724.7623262466185,1392.019570520181,40.299266104867044,False,,2025-11-23-qwen3-failure-classifications
894953225979,894953225979-1,bypass,350,318,51,69,133,100.0,5.882352941176471,17.0,17,135.0,203.0,9.580508474576272,13763.296835513484,0.47886452206710634,764.6276019729713,1436.593566201319,39.39715966048021,False,,2025-11-23-qwen3-failure-classifications
894953225979,894953225979-1,a_only,350,318,51,69,133,100.0,5.882352941176471,17.0,17,135.0,203.0,9.580508474576272,13763.296835513484,0.47886452206710634,764.6276019729713,1436.593566201319,39.39715966048021,False,,2025-11-23-qwen3-failure-classifications
894953225979,894953225979-1,b_only,392,355,65,57,161,107.0,6.6875,27.0,16,146.0,229.0,9.949612403100776,16381.736582037622,0.5488232746611746,910.0964767798679,1646.469823983524,36.23251575777603,False,,2025-11-23-qwen3-failure-classifications
894953225979,894953225979-1,ground_truth,353,321,50,69,136,100.0,5.882352941176471,17.0,17,139.0,209.0,9.545081967213115,14201.73309631134,0.495952894733071,788.9851720172967,1487.858684199213,39.09567167903435,False,,2025-11-23-qwen3-failure-classifications
89582342552,89582342552-1,agent,42,42,13,0,9,15.0,2.142857142857143,4.0,7,15.0,19.0,3.0,222.69276394968557,0.024743640438853954,12.371820219426976,74.23092131656186,76.46642143509881,False,,2025-11-23-qwen3-failure-classifications
89582342552,89582342552-1,bypass,40,40,13,0,9,14.0,2.0,4.0,7,13.0,16.0,3.125,185.0219859070546,0.019735678496752493,10.27899921705859,59.207035490257475,78.077853819856,False,,2025-11-23-qwen3-failure-classifications
89582342552,89582342552-1,a_only,40,40,13,0,9,14.0,2.0,4.0,7,13.0,16.0,3.125,185.0219859070546,0.019735678496752493,10.27899921705859,59.207035490257475,78.077853819856,False,,2025-11-23-qwen3-failure-classifications
89582342552,89582342552-1,b_only,39,42,13,0,9,15.0,2.142857142857143,4.0,7,12.0,16.0,2.5,143.39850002884626,0.01911980000384617,7.966583334935903,57.359400011538504,77.74156602003978,False,,2025-11-23-qwen3-failure-classifications
89582342552,89582342552-1,ground_truth,42,42,13,0,9,15.0,2.142857142857143,4.0,7,15.0,19.0,3.0,222.69276394968557,0.024743640438853954,12.371820219426976,74.23092131656186,76.46642143509881,False,,2025-11-23-qwen3-failure-classifications
900920123775,900920123775-1,agent,176,138,5,108,46,0.0,0.0,0.0,0,0.0,0.0,0.0,0.0,0.0,0.0,0.0,0.0,False,,2025-11-23-qwen3-failure-classifications
900920123775,900920123775-1,bypass,173,136,4,56,38,36.0,3.272727272727273,8.0,11,54.0,84.0,9.625,4652.826545499165,0.16113685006057715,258.4903636388425,483.4105501817314,58.49370188458124,False,,2025-11-23-qwen3-failure-classifications
900920123775,900920123775-1,a_only,173,136,4,56,38,36.0,3.272727272727273,8.0,11,54.0,84.0,9.625,4652.826545499165,0.16113685006057715,258.4903636388425,483.4105501817314,58.49370188458124,False,,2025-11-23-qwen3-failure-classifications
900920123775,900920123775-1,b_only,178,136,5,108,46,36.0,3.6,9.0,10,55.0,84.0,10.3125,5008.102851840737,0.16187807197869047,278.2279362133743,485.6342159360714,60.029279831219085,False,,2025-11-23-qwen3-failure-classifications
900920123775,900920123775-1,ground_truth,162,131,4,106,46,34.0,3.4,8.0,10,52.0,81.0,9.763157894736842,4507.997736048895,0.1539118723898095,250.44431866938305,461.7356171694285,60.627948055313816,False,,2025-11-23-qwen3-failure-classifications
903520681515,903520681515-1,agent,310,249,19,31,76,0.0,0.0,0.0,0,0.0,0.0,0.0,0.0,0.0,0.0,0.0,0.0,False,,2025-11-23-qwen3-failure-classifications
903520681515,903520681515-1,bypass,308,245,19,31,77,75.0,2.4193548387096775,10.0,31,66.0,97.0,6.2,3635.0986233821736,0.19543540985925664,201.94992352123188,586.30622957777,40.89234392582358,False,,2025-11-23-qwen3-failure-classifications
903520681515,903520681515-1,a_only,308,245,19,31,77,75.0,2.4193548387096775,10.0,31,66.0,97.0,6.2,3635.0986233821736,0.19543540985925664,201.94992352123188,586.30622957777,40.89234392582358,False,,2025-11-23-qwen3-failure-classifications
903520681515,903520681515-1,b_only,286,223,19,31,70,65.0,2.7083333333333335,10.0,24,61.0,91.0,5.686274509803922,3068.8658497702863,0.1798990325727409,170.49254720946035,539.6970977182227,43.71932509770188,False,,2025-11-23-qwen3-failure-classifications
903520681515,903520681515-1,ground_truth,308,247,19,31,78,75.0,2.4193548387096775,10.0,31,66.0,97.0,6.2,3635.0986233821736,0.19543540985925664,201.94992352123188,586.30622957777,40.81532167871911,False,,2025-11-23-qwen3-failure-classifications
903850840581,903850840581-1,agent,1115,763,154,14,148,154.0,3.5813953488372094,14.0,43,255.0,452.0,11.354430379746836,41028.64094751649,1.2044825844867346,2279.368941528694,3613.447753460204,10.674536730186045,False,,2025-11-23-qwen3-failure-classifications
903850840581,903850840581-1,bypass,1114,762,154,14,147,152.0,3.5348837209302326,14.0,43,252.0,446.0,11.346153846153847,40368.10459749554,1.1859556152936543,2242.6724776386413,3557.866845880963,10.875920763226896,False,,2025-11-23-qwen3-failure-classifications
903850840581,903850840581-1,a_only,1114,762,154,14,147,152.0,3.5348837209302326,14.0,43,252.0,446.0,11.346153846153847,40368.10459749554,1.1859556152936543,2242.6724776386413,3557.866845880963,10.875920763226896,False,,2025-11-23-qwen3-failure-classifications
903850840581,903850840581-1,b_only,1112,761,154,14,147,152.0,3.5348837209302326,14.0,43,253.0,446.0,11.297872340425531,40225.11566639478,1.1868050447712208,2234.728648133043,3560.4151343136623,10.900842517571364,False,,2025-11-23-qwen3-failure-classifications
903850840581,903850840581-1,ground_truth,1116,762,154,14,147,154.0,3.5813953488372094,14.0,43,254.0,450.0,11.364406779661017,40853.99808671749,1.1983027030158249,2269.666560373194,3594.9081090474747,10.69529230950045,False,,2025-11-23-qwen3-failure-classifications
906108155094,906108155094-1,agent,809,508,186,25,137,0.0,0.0,0.0,0,0.0,0.0,0.0,0.0,0.0,0.0,0.0,0.0,False,,2025-11-23-qwen3-failure-classifications
906108155094,906108155094-1,bypass,793,491,191,32,138,161.0,7.318181818181818,30.0,22,195.0,372.0,12.305084745762711,34822.49004228788,0.9433089589049518,1934.5827801271043,2829.9268767148556,23.26391243494147,False,,2025-11-23-qwen3-failure-classifications
906108155094,906108155094-1,a_only,793,491,191,32,138,161.0,7.318181818181818,30.0,22,195.0,372.0,12.305084745762711,34822.49004228788,0.9433089589049518,1934.5827801271043,2829.9268767148556,23.26391243494147,False,,2025-11-23-qwen3-failure-classifications
906108155094,906108155094-1,b_only,1184,775,264,41,236,262.0,5.574468085106383,30.0,47,312.0,597.0,11.908163265306122,58902.36163754194,1.6487950415535877,3272.3534243078852,4946.385124660763,3.136241026308743,False,,2025-11-23-qwen3-failure-classifications
906108155094,906108155094-1,ground_truth,809,508,192,32,140,167.0,7.260869565217392,30.0,23,201.0,385.0,12.295081967213115,36217.06845619534,0.9818849670346292,2012.0593586775187,2945.654901103888,21.89883666043219,False,,2025-11-23-qwen3-failure-classifications
911193036416,911193036416-1,agent,765,698,71,304,247,0.0,0.0,0.0,0,0.0,0.0,0.0,0.0,0.0,0.0,0.0,0.0,False,,2025-11-23-qwen3-failure-classifications
911193036416,911193036416-1,bypass,769,702,72,304,248,320.0,4.050632911392405,16.0,79,289.0,581.0,14.848880597014926,70526.71579772446,1.5832106071776315,3918.150877651359,4749.631821532895,8.504658176581112,False,,2025-11-23-qwen3-failure-classifications
911193036416,911193036416-1,a_only,769,702,72,304,248,320.0,4.050632911392405,16.0,79,289.0,581.0,14.848880597014926,70526.71579772446,1.5832106071776315,3918.150877651359,4749.631821532895,8.504658176581112,False,,2025-11-23-qwen3-failure-classifications
911193036416,911193036416-1,b_only,765,698,71,304,247,319.0,4.037974683544304,16.0,79,285.0,575.0,14.914772727272727,69935.67376903705,1.5630068042349867,3885.315209390947,4689.02041270496,8.873383513441322,False,,2025-11-23-qwen3-failure-classifications
911193036416,911193036416-1,ground_truth,765,698,71,304,247,319.0,4.037974683544304,16.0,79,285.0,575.0,14.914772727272727,69935.67376903705,1.5630068042349867,3885.315209390947,4689.02041270496,8.873383513441322,False,,2025-11-23-qwen3-failure-classifications
911949672703,911949672703-1,agent,73,66,11,0,105,1.0,1.0,1.0,1,0.0,0.0,0.0,0.0,0.0,0.0,0.0,100.0,False,,2025-11-23-qwen3-failure-classifications
911949672703,911949672703-1,bypass,72,65,11,0,11,1.0,1.0,1.0,1,0.0,0.0,0.0,0.0,0.0,0.0,0.0,100.0,False,,2025-11-23-qwen3-failure-classifications
911949672703,911949672703-1,a_only,72,65,11,0,11,1.0,1.0,1.0,1,0.0,0.0,0.0,0.0,0.0,0.0,0.0,100.0,False,,2025-11-23-qwen3-failure-classifications
911949672703,911949672703-1,b_only,69,62,11,0,11,1.0,1.0,1.0,1,0.0,0.0,0.0,0.0,0.0,0.0,0.0,100.0,False,,2025-11-23-qwen3-failure-classifications
911949672703,911949672703-1,ground_truth,69,62,11,0,11,1.0,1.0,1.0,1,0.0,0.0,0.0,0.0,0.0,0.0,0.0,100.0,False,,2025-11-23-qwen3-failure-classifications
91318994359,91318994359-1,agent,215,113,22,0,21,24.0,1.5,3.0,16,16.0,21.0,2.9545454545454546,248.1818181818182,0.028,13.787878787878789,84.0,57.3118973490711,False,,2025-11-23-qwen3-failure-classifications
91318994359,91318994359-1,bypass,211,122,22,0,20,24.0,1.5,3.0,16,16.0,21.0,2.9545454545454546,248.1818181818182,0.028,13.787878787878789,84.0,56.59516931994174,False,,2025-11-23-qwen3-failure-classifications
91318994359,91318994359-1,a_only,211,122,22,0,20,24.0,1.5,3.0,16,16.0,21.0,2.9545454545454546,248.1818181818182,0.028,13.787878787878789,84.0,56.59516931994174,False,,2025-11-23-qwen3-failure-classifications
91318994359,91318994359-1,b_only,193,98,17,0,16,17.0,1.4166666666666667,3.0,12,7.0,9.0,1.875,47.374114309722074,0.008422064766172813,2.6318952394290043,25.26619429851844,61.594671742402305,False,,2025-11-23-qwen3-failure-classifications
91318994359,91318994359-1,ground_truth,219,117,22,0,20,24.0,1.5,3.0,16,16.0,21.0,2.9545454545454546,248.1818181818182,0.028,13.787878787878789,84.0,56.707350267528476,False,,2025-11-23-qwen3-failure-classifications
914404621863,914404621863-1,agent,997,577,14,294,209,156.0,2.1971830985915495,16.0,71,145.0,250.0,10.82421875,19429.226648858774,0.5983257575012446,1079.4014804921542,1794.9772725037337,26.879082657387016,False,,2025-11-23-qwen3-failure-classifications
914404621863,914404621863-1,bypass,952,541,12,285,192,149.0,2.328125,16.0,64,137.0,238.0,10.24793388429752,17312.1589117629,0.5631105452482018,961.7866062090501,1689.3316357446056,28.144385342610597,False,,2025-11-23-qwen3-failure-classifications
914404621863,914404621863-1,a_only,952,541,12,285,192,149.0,2.328125,16.0,64,137.0,238.0,10.24793388429752,17312.1589117629,0.5631105452482018,961.7866062090501,1689.3316357446056,28.144385342610597,False,,2025-11-23-qwen3-failure-classifications
914404621863,914404621863-1,b_only,1002,580,14,297,211,157.0,2.1805555555555554,16.0,72,145.0,250.0,10.82421875,19429.226648858774,0.5983257575012446,1079.4014804921542,1794.9772725037337,26.862033776282697,False,,2025-11-23-qwen3-failure-classifications
914404621863,914404621863-1,ground_truth,1004,582,14,297,211,157.0,2.1805555555555554,16.0,72,145.0,250.0,10.82421875,19429.226648858774,0.5983257575012446,1079.4014804921542,1794.9772725037337,26.81579928189029,False,,2025-11-23-qwen3-failure-classifications
916307846393,916307846393-1,agent,1804,550,58,0,259,38.0,1.3103448275862069,5.0,29,71.0,115.0,4.15625,2939.386943525754,0.2357403062476795,163.29927464031965,707.2209187430385,25.77352941868919,False,,2025-11-23-qwen3-failure-classifications
916307846393,916307846393-1,bypass,1469,438,47,0,214,25.0,1.0869565217391304,2.0,23,50.0,77.0,2.217391304347826,963.6270981411019,0.14485897553755125,53.53483878561677,434.5769266126538,31.13543720050809,False,,2025-11-23-qwen3-failure-classifications
916307846393,916307846393-1,a_only,1469,438,47,0,214,25.0,1.0869565217391304,2.0,23,50.0,77.0,2.217391304347826,963.6270981411019,0.14485897553755125,53.53483878561677,434.5769266126538,31.13543720050809,False,,2025-11-23-qwen3-failure-classifications
916307846393,916307846393-1,b_only,1808,550,58,0,261,38.0,1.3103448275862069,5.0,29,71.0,115.0,4.15625,2939.386943525754,0.2357403062476795,163.29927464031965,707.2209187430385,25.76232494243671,False,,2025-11-23-qwen3-failure-classifications
916307846393,916307846393-1,ground_truth,1808,550,58,0,261,38.0,1.3103448275862069,5.0,29,71.0,115.0,4.15625,2939.386943525754,0.2357403062476795,163.29927464031965,707.2209187430385,25.76232494243671,False,,2025-11-23-qwen3-failure-classifications
918843417252,918843417252-1,agent,1158,926,1,48,232,0.0,0.0,0.0,0,0.0,0.0,0.0,0.0,0.0,0.0,0.0,0.0,False,,2025-11-23-qwen3-failure-classifications
918843417252,918843417252-1,bypass,1164,980,131,518,339,325.0,2.6422764227642275,13.0,123,279.0,674.0,16.563706563706564,90697.188449041,1.8252192547242907,5038.732691613389,5475.657764172872,1.085263763271473,False,,2025-11-23-qwen3-failure-classifications
918843417252,918843417252-1,a_only,1164,980,131,518,339,325.0,2.6422764227642275,13.0,123,279.0,674.0,16.563706563706564,90697.188449041,1.8252192547242907,5038.732691613389,5475.657764172872,1.085263763271473,False,,2025-11-23-qwen3-failure-classifications
918843417252,918843417252-1,b_only,1173,988,131,528,338,335.0,2.8389830508474576,13.0,118,280.0,703.0,16.306513409961685,93189.86455801837,1.9049619869707703,5177.214697667687,5714.885960912311,0.0,False,,2025-11-23-qwen3-failure-classifications
918843417252,918843417252-1,ground_truth,1198,1015,132,528,348,341.0,2.772357723577236,13.0,123,288.0,707.0,16.828358208955223,97202.90209645116,1.9253789920065716,5400.16122758062,5776.136976019715,0.0,False,,2025-11-23-qwen3-failure-classifications
920866924059,920866924059-1,agent,311,181,8,40,54,77.0,12.833333333333334,48.0,6,73.0,141.0,10.183333333333334,8887.659592867873,0.29092175426736083,493.75886627043735,872.7652628020825,43.61700702679345,False,,2025-11-23-qwen3-failure-classifications
920866924059,920866924059-1,bypass,311,181,8,38,54,77.0,12.833333333333334,48.0,6,73.0,141.0,10.183333333333334,8887.659592867873,0.29092175426736083,493.75886627043735,872.7652628020825,43.2698228121962,False,,2025-11-23-qwen3-failure-classifications
920866924059,920866924059-1,a_only,311,181,8,38,54,77.0,12.833333333333334,48.0,6,73.0,141.0,10.183333333333334,8887.659592867873,0.29092175426736083,493.75886627043735,872.7652628020825,43.2698228121962,False,,2025-11-23-qwen3-failure-classifications
920866924059,920866924059-1,b_only,311,181,8,38,54,77.0,12.833333333333334,48.0,6,73.0,141.0,10.183333333333334,8887.659592867873,0.29092175426736083,493.75886627043735,872.7652628020825,43.2698228121962,False,,2025-11-23-qwen3-failure-classifications
920866924059,920866924059-1,ground_truth,311,181,8,38,54,77.0,12.833333333333334,48.0,6,73.0,141.0,10.183333333333334,8887.659592867873,0.29092175426736083,493.75886627043735,872.7652628020825,43.2698228121962,False,,2025-11-23-qwen3-failure-classifications
921353513292,921353513292-1,agent,1090,715,90,779,332,156.0,3.391304347826087,31.0,46,137.0,233.0,8.422764227642276,13929.916816598987,0.5512804917766009,773.8842675888326,1653.8414753298027,28.242399295695513,False,,2025-11-23-qwen3-failure-classifications
921353513292,921353513292-1,bypass,1064,683,83,766,319,148.0,3.3636363636363638,31.0,44,130.0,220.0,8.448275862068966,13051.91810766323,0.5149736396220866,725.1065615368461,1544.9209188662599,29.683956056810196,False,,2025-11-23-qwen3-failure-classifications
921353513292,921353513292-1,a_only,1064,683,83,766,319,148.0,3.3636363636363638,31.0,44,130.0,220.0,8.448275862068966,13051.91810766323,0.5149736396220866,725.1065615368461,1544.9209188662599,29.683956056810196,False,,2025-11-23-qwen3-failure-classifications
921353513292,921353513292-1,b_only,1105,686,81,783,319,146.0,3.3181818181818183,32.0,44,130.0,219.0,8.387931034482758,12899.786984265467,0.5126328503510772,716.6548324591927,1537.8985510532316,30.071461928800275,False,,2025-11-23-qwen3-failure-classifications
921353513292,921353513292-1,ground_truth,1104,715,89,784,330,156.0,3.391304347826087,31.0,46,137.0,233.0,8.422764227642276,13929.916816598987,0.5512804917766009,773.8842675888326,1653.8414753298027,28.30240404124683,False,,2025-11-23-qwen3-failure-classifications
921632145612,921632145612-1,agent,1704,1077,75,0,356,214.0,3.566666666666667,26.0,60,178.0,292.0,8.152439024390244,17796.074599896376,0.727638053947396,988.6708111053542,2182.914161842188,2.210745798888078,False,,2025-11-23-qwen3-failure-classifications
921632145612,921632145612-1,bypass,1697,1074,75,0,354,211.0,3.5166666666666666,26.0,60,168.0,273.0,8.136363636363637,16420.01706813317,0.6727008854728672,912.2231704518427,2018.1026564186018,2.9031509864044267,False,,2025-11-23-qwen3-failure-classifications
921632145612,921632145612-1,a_only,1697,1074,75,0,354,211.0,3.5166666666666666,26.0,60,168.0,273.0,8.136363636363637,16420.01706813317,0.6727008854728672,912.2231704518427,2018.1026564186018,2.9031509864044267,False,,2025-11-23-qwen3-failure-classifications
921632145612,921632145612-1,b_only,1693,1069,75,0,353,212.0,3.593220338983051,26.0,59,178.0,292.0,8.152439024390244,17796.074599896376,0.727638053947396,988.6708111053542,2182.914161842188,2.4532622458126,False,,2025-11-23-qwen3-failure-classifications
921632145612,921632145612-1,ground_truth,1704,1077,75,0,355,214.0,3.566666666666667,26.0,60,178.0,292.0,8.152439024390244,17796.074599896376,0.727638053947396,988.6708111053542,2182.914161842188,2.210745798888078,False,,2025-11-23-qwen3-failure-classifications
923603651407,923603651407-1,agent,1048,639,61,11,122,185.0,46.25,139.0,4,228.0,507.0,13.374407582938389,53113.45364609602,1.3237584123938413,2950.7474247831124,3971.275237181524,3.6948724587787334,False,,2025-11-23-qwen3-failure-classifications
923603651407,923603651407-1,bypass,1033,631,61,11,122,179.0,44.75,133.0,4,223.0,489.0,13.20388349514563,50368.06281012621,1.2715466836870097,2798.2257116736782,3814.640051061029,4.841850661278212,False,,2025-11-23-qwen3-failure-classifications
923603651407,923603651407-1,a_only,1033,631,61,11,122,179.0,44.75,133.0,4,223.0,489.0,13.20388349514563,50368.06281012621,1.2715466836870097,2798.2257116736782,3814.640051061029,4.841850661278212,False,,2025-11-23-qwen3-failure-classifications
923603651407,923603651407-1,b_only,1045,638,62,11,123,184.0,46.0,138.0,4,228.0,507.0,13.374407582938389,53113.45364609602,1.3237584123938413,2950.7474247831124,3971.275237181524,3.9577792265882117,False,,2025-11-23-qwen3-failure-classifications
923603651407,923603651407-1,ground_truth,1048,639,62,11,123,183.0,45.75,137.0,4,227.0,504.0,13.357142857142858,52688.32441644245,1.3148601458648739,2927.1291342468026,3944.580437594622,4.078368320712423,False,,2025-11-23-qwen3-failure-classifications
923720796086,923720796086-1,agent,163,141,20,170,110,0.0,0.0,0.0,0,0.0,0.0,0.0,0.0,0.0,0.0,0.0,0.0,False,,2025-11-23-qwen3-failure-classifications
923720796086,923720796086-1,bypass,257,235,47,156,126,83.0,8.3,34.0,10,136.0,271.0,10.098360655737705,19395.945850278145,0.6402341433262807,1077.5525472376748,1920.7024299788422,43.10446601166775,False,,2025-11-23-qwen3-failure-classifications
923720796086,923720796086-1,a_only,257,235,47,156,126,83.0,8.3,34.0,10,136.0,271.0,10.098360655737705,19395.945850278145,0.6402341433262807,1077.5525472376748,1920.7024299788422,43.10446601166775,False,,2025-11-23-qwen3-failure-classifications
923720796086,923720796086-1,b_only,149,138,22,170,110,43.0,3.3076923076923075,10.0,13,75.0,106.0,5.9296875,3915.104522852778,0.22008492706418778,217.5058068251543,660.2547811925633,49.89773522326132,False,,2025-11-23-qwen3-failure-classifications
923720796086,923720796086-1,ground_truth,149,138,22,170,110,43.0,3.3076923076923075,10.0,13,75.0,106.0,5.9296875,3915.104522852778,0.22008492706418778,217.5058068251543,660.2547811925633,49.89773522326132,False,,2025-11-23-qwen3-failure-classifications
927552173488,927552173488-1,agent,193,119,31,59,45,0.0,0.0,0.0,0,0.0,0.0,0.0,0.0,0.0,0.0,0.0,0.0,False,,2025-11-23-qwen3-failure-classifications
927552173488,927552173488-1,bypass,185,115,31,56,44,18.0,3.6,8.0,5,40.0,59.0,5.516129032258065,1732.0300822360841,0.10466458586611814,96.22389345756022,313.9937575983544,64.59362005781675,False,,2025-11-23-qwen3-failure-classifications
927552173488,927552173488-1,a_only,185,115,31,56,44,18.0,3.6,8.0,5,40.0,59.0,5.516129032258065,1732.0300822360841,0.10466458586611814,96.22389345756022,313.9937575983544,64.59362005781675,False,,2025-11-23-qwen3-failure-classifications
927552173488,927552173488-1,b_only,187,116,31,59,45,17.0,3.4,8.0,5,39.0,57.0,5.55,1672.0369919370721,0.10042264215838272,92.890943996504,301.26792647514816,64.84015958408204,False,,2025-11-23-qwen3-failure-classifications
927552173488,927552173488-1,ground_truth,190,117,31,59,45,18.0,3.6,8.0,5,40.0,59.0,5.516129032258065,1732.0300822360841,0.10466458586611814,96.22389345756022,313.9937575983544,64.45236601947745,False,,2025-11-23-qwen3-failure-classifications
930100752068,930100752068-1,agent,168,112,35,3,29,24.0,12.0,20.0,2,28.0,31.0,4.0,596.1120103351428,0.0496760008612619,33.117333907507934,149.0280025837857,61.225386956915955,False,,2025-11-23-qwen3-failure-classifications
930100752068,930100752068-1,bypass,168,112,33,3,29,24.0,12.0,20.0,2,28.0,31.0,4.0,596.1120103351428,0.0496760008612619,33.117333907507934,149.0280025837857,60.79242332512533,False,,2025-11-23-qwen3-failure-classifications
930100752068,930100752068-1,a_only,168,112,33,3,29,24.0,12.0,20.0,2,28.0,31.0,4.0,596.1120103351428,0.0496760008612619,33.117333907507934,149.0280025837857,60.79242332512533,False,,2025-11-23-qwen3-failure-classifications
930100752068,930100752068-1,b_only,168,112,34,3,29,24.0,12.0,20.0,2,28.0,31.0,4.0,596.1120103351428,0.0496760008612619,33.117333907507934,149.0280025837857,61.01245414290418,False,,2025-11-23-qwen3-failure-classifications
930100752068,930100752068-1,ground_truth,168,112,34,3,29,24.0,12.0,20.0,2,28.0,31.0,4.0,596.1120103351428,0.0496760008612619,33.117333907507934,149.0280025837857,61.01245414290418,False,,2025-11-23-qwen3-failure-classifications
936446629389,936446629389-1,agent,550,88,17,12,34,3.0,1.0,1.0,3,26.0,122.0,3.1666666666666665,1815.9365444418422,0.19115121520440445,100.88536358010235,573.4536456132133,51.526832050218,False,,2025-11-23-qwen3-failure-classifications
936446629389,936446629389-1,bypass,547,88,17,12,31,3.0,1.0,1.0,3,23.0,116.0,3.4285714285714284,1799.085212237532,0.17491106230087117,99.94917845764067,524.7331869026135,51.83068354688658,False,,2025-11-23-qwen3-failure-classifications
936446629389,936446629389-1,a_only,547,88,17,12,31,3.0,1.0,1.0,3,23.0,116.0,3.4285714285714284,1799.085212237532,0.17491106230087117,99.94917845764067,524.7331869026135,51.83068354688658,False,,2025-11-23-qwen3-failure-classifications
936446629389,936446629389-1,b_only,532,54,17,12,30,1.0,1.0,1.0,1,26.0,122.0,3.1666666666666665,1815.9365444418422,0.19115121520440445,100.88536358010235,573.4536456132133,56.36037860233101,False,,2025-11-23-qwen3-failure-classifications
936446629389,936446629389-1,ground_truth,551,88,17,12,31,3.0,1.0,1.0,3,26.0,122.0,3.1666666666666665,1815.9365444418422,0.19115121520440445,100.88536358010235,573.4536456132133,51.51560339596493,False,,2025-11-23-qwen3-failure-classifications
941579677998,941579677998-1,agent,253,120,12,88,406,43.0,4.3,13.0,10,37.0,54.0,6.481481481481482,1823.3086779701325,0.0937701605813211,101.29492655389625,281.3104817439633,60.44523694108044,False,,2025-11-23-qwen3-failure-classifications
941579677998,941579677998-1,bypass,254,121,12,88,409,43.0,4.3,13.0,10,37.0,54.0,6.481481481481482,1823.3086779701325,0.0937701605813211,101.29492655389625,281.3104817439633,60.34664217628436,False,,2025-11-23-qwen3-failure-classifications
941579677998,941579677998-1,a_only,254,121,12,88,409,43.0,4.3,13.0,10,37.0,54.0,6.481481481481482,1823.3086779701325,0.0937701605813211,101.29492655389625,281.3104817439633,60.34664217628436,False,,2025-11-23-qwen3-failure-classifications
941579677998,941579677998-1,b_only,274,134,12,94,447,44.0,4.0,13.0,11,37.0,54.0,6.481481481481482,1823.3086779701325,0.0937701605813211,101.29492655389625,281.3104817439633,59.289375594283456,False,,2025-11-23-qwen3-failure-classifications
941579677998,941579677998-1,ground_truth,254,121,12,88,409,43.0,4.3,13.0,10,37.0,54.0,6.481481481481482,1823.3086779701325,0.0937701605813211,101.29492655389625,281.3104817439633,60.34664217628436,False,,2025-11-23-qwen3-failure-classifications
944644445469,944644445469-1,agent,172,134,28,53,43,42.0,6.0,14.0,7,35.0,44.0,3.625,818.1206412027221,0.07522948424852617,45.45114673348456,225.68845274557853,61.1944634315356,False,,2025-11-23-qwen3-failure-classifications
944644445469,944644445469-1,bypass,163,125,27,53,44,42.0,7.0,18.0,6,32.0,38.0,3.5,665.0,0.06333333333333334,36.94444444444444,190.0,62.62703306578466,False,,2025-11-23-qwen3-failure-classifications
944644445469,944644445469-1,a_only,163,125,27,53,44,42.0,7.0,18.0,6,32.0,38.0,3.5,665.0,0.06333333333333334,36.94444444444444,190.0,62.62703306578466,False,,2025-11-23-qwen3-failure-classifications
944644445469,944644445469-1,b_only,162,127,20,53,42,40.0,5.714285714285714,14.0,7,35.0,44.0,3.625,818.1206412027221,0.07522948424852617,45.45114673348456,225.68845274557853,61.68893639324982,False,,2025-11-23-qwen3-failure-classifications
944644445469,944644445469-1,ground_truth,170,134,30,53,45,42.0,6.0,14.0,7,35.0,44.0,3.625,818.1206412027221,0.07522948424852617,45.45114673348456,225.68845274557853,61.297024069110435,False,,2025-11-23-qwen3-failure-classifications
952993521396,952993521396-1,agent,37,39,15,7,10,0.0,0.0,0.0,0,0.0,0.0,0.0,0.0,0.0,0.0,0.0,0.0,False,,2025-11-23-qwen3-failure-classifications
952993521396,952993521396-1,bypass,0,0,0,0,0,0.0,0.0,0.0,0,0.0,0.0,0.0,0.0,0.0,0.0,0.0,0.0,True,No code found for bypass,2025-11-23-qwen3-failure-classifications
952993521396,952993521396-1,a_only,0,0,0,0,0,0.0,0.0,0.0,0,0.0,0.0,0.0,0.0,0.0,0.0,0.0,0.0,True,No code found for a_only,2025-11-23-qwen3-failure-classifications
952993521396,952993521396-1,b_only,35,37,14,7,11,7.0,1.1666666666666667,2.0,6,5.0,6.0,0.5,6.965784284662087,0.004643856189774725,0.3869880158145604,13.931568569324174,86.19662212495199,False,,2025-11-23-qwen3-failure-classifications
952993521396,952993521396-1,ground_truth,33,37,14,7,11,7.0,1.1666666666666667,2.0,6,5.0,6.0,0.5,6.965784284662087,0.004643856189774725,0.3869880158145604,13.931568569324174,86.11513927810215,False,,2025-11-23-qwen3-failure-classifications
95852485835,95852485835-1,agent,612,285,33,0,100,74.0,3.5238095238095237,10.0,21,78.0,116.0,8.203125,5980.953048886108,0.2430355524626736,332.27516938256156,729.1066573880208,30.387427414322296,False,,2025-11-23-qwen3-failure-classifications
95852485835,95852485835-1,bypass,588,283,31,0,102,74.0,3.5238095238095237,10.0,21,78.0,116.0,8.203125,5980.953048886108,0.2430355524626736,332.27516938256156,729.1066573880208,30.31433686625966,False,,2025-11-23-qwen3-failure-classifications
95852485835,95852485835-1,a_only,588,283,31,0,102,74.0,3.5238095238095237,10.0,21,78.0,116.0,8.203125,5980.953048886108,0.2430355524626736,332.27516938256156,729.1066573880208,30.31433686625966,False,,2025-11-23-qwen3-failure-classifications
95852485835,95852485835-1,b_only,590,276,32,0,95,71.0,3.380952380952381,8.0,21,78.0,116.0,8.203125,5980.953048886108,0.2430355524626736,332.27516938256156,729.1066573880208,31.131375524998955,False,,2025-11-23-qwen3-failure-classifications
95852485835,95852485835-1,ground_truth,594,283,31,0,103,74.0,3.5238095238095237,10.0,21,78.0,116.0,8.203125,5980.953048886108,0.2430355524626736,332.27516938256156,729.1066573880208,30.251682795304493,False,,2025-11-23-qwen3-failure-classifications
960908518071,960908518071-1,agent,873,514,106,12,69,151.0,30.2,97.0,5,205.0,447.0,15.016129032258064,51546.280641449805,1.1442425348263114,2863.6822578583224,3432.7276044789346,18.93766465345127,False,,2025-11-23-qwen3-failure-classifications
960908518071,960908518071-1,bypass,866,512,106,12,68,151.0,30.2,97.0,5,205.0,447.0,15.016129032258064,51546.280641449805,1.1442425348263114,2863.6822578583224,3432.7276044789346,19.039514526967643,False,,2025-11-23-qwen3-failure-classifications
960908518071,960908518071-1,a_only,866,512,106,12,68,151.0,30.2,97.0,5,205.0,447.0,15.016129032258064,51546.280641449805,1.1442425348263114,2863.6822578583224,3432.7276044789346,19.039514526967643,False,,2025-11-23-qwen3-failure-classifications
960908518071,960908518071-1,b_only,845,496,101,12,68,147.0,29.4,93.0,5,204.0,444.0,14.994594594594595,51079.938956709426,1.1355189506117813,2837.774386483857,3406.556851835344,19.750510348175254,False,,2025-11-23-qwen3-failure-classifications
960908518071,960908518071-1,ground_truth,873,514,106,12,68,151.0,30.2,97.0,5,205.0,447.0,15.016129032258064,51546.280641449805,1.1442425348263114,2863.6822578583224,3432.7276044789346,18.93766465345127,False,,2025-11-23-qwen3-failure-classifications
964336776848,964336776848-1,agent,255,186,9,0,48,50.0,3.125,6.0,16,58.0,81.0,4.775510204081633,2265.962689421388,0.15816548686844445,125.88681607896599,474.4964606053333,38.00883444999023,False,,2025-11-23-qwen3-failure-classifications
964336776848,964336776848-1,bypass,223,154,8,0,40,41.0,2.9285714285714284,6.0,14,52.0,73.0,4.2727272727272725,1778.0189702674627,0.13871069980809994,98.7788316815257,416.1320994242998,41.35872653838711,False,,2025-11-23-qwen3-failure-classifications
964336776848,964336776848-1,a_only,223,154,8,0,40,41.0,2.9285714285714284,6.0,14,52.0,73.0,4.2727272727272725,1778.0189702674627,0.13871069980809994,98.7788316815257,416.1320994242998,41.35872653838711,False,,2025-11-23-qwen3-failure-classifications
964336776848,964336776848-1,b_only,236,176,9,0,45,48.0,3.2,6.0,15,56.0,78.0,4.787234042553192,2168.4910400449144,0.15099122797349773,120.47172444693969,452.97368392049316,39.22241516150907,False,,2025-11-23-qwen3-failure-classifications
964336776848,964336776848-1,ground_truth,255,186,9,0,47,50.0,3.125,6.0,16,58.0,81.0,4.775510204081633,2265.962689421388,0.15816548686844445,125.88681607896599,474.4964606053333,38.00883444999023,False,,2025-11-23-qwen3-failure-classifications
964581034856,964581034856-1,agent,116,115,1,0,32,40.0,3.6363636363636362,17.0,11,85.0,126.0,7.493055555555555,6051.266217581008,0.26919441931778354,336.1814565322782,807.5832579533505,36.112989768301624,False,,2025-11-23-qwen3-failure-classifications
964581034856,964581034856-1,bypass,113,112,1,0,32,38.0,3.4545454545454546,15.0,11,81.0,119.0,7.551470588235294,5697.147708842197,0.25148071678109013,316.5082060467887,754.4421503432704,36.91220218447099,False,,2025-11-23-qwen3-failure-classifications
964581034856,964581034856-1,a_only,113,112,1,0,32,38.0,3.4545454545454546,15.0,11,81.0,119.0,7.551470588235294,5697.147708842197,0.25148071678109013,316.5082060467887,754.4421503432704,36.91220218447099,False,,2025-11-23-qwen3-failure-classifications
964581034856,964581034856-1,b_only,117,115,1,0,34,41.0,3.727272727272727,18.0,11,85.0,129.0,7.673611111111111,6344.6293818871445,0.2756038102539212,352.47941010484135,826.8114307617636,35.88328306538922,False,,2025-11-23-qwen3-failure-classifications
964581034856,964581034856-1,ground_truth,116,115,1,0,34,40.0,3.6363636363636362,17.0,11,85.0,126.0,7.493055555555555,6051.266217581008,0.26919441931778354,336.1814565322782,807.5832579533505,36.112989768301624,False,,2025-11-23-qwen3-failure-classifications
967714143883,967714143883-1,agent,44,2,0,0,0,0.0,0.0,0.0,0,0.0,0.0,0.0,0.0,0.0,0.0,0.0,100.0,False,,2025-11-23-qwen3-failure-classifications
967714143883,967714143883-1,bypass,27,2,0,0,0,0.0,0.0,0.0,0,0.0,0.0,0.0,0.0,0.0,0.0,0.0,100.0,False,,2025-11-23-qwen3-failure-classifications
967714143883,967714143883-1,a_only,27,2,0,0,0,0.0,0.0,0.0,0,0.0,0.0,0.0,0.0,0.0,0.0,0.0,100.0,False,,2025-11-23-qwen3-failure-classifications
967714143883,967714143883-1,b_only,43,2,0,0,0,0.0,0.0,0.0,0,0.0,0.0,0.0,0.0,0.0,0.0,0.0,100.0,False,,2025-11-23-qwen3-failure-classifications
967714143883,967714143883-1,ground_truth,44,2,0,0,0,0.0,0.0,0.0,0,0.0,0.0,0.0,0.0,0.0,0.0,0.0,0.0,False,,2025-11-23-qwen3-failure-classifications
968687634347,968687634347-1,agent,736,362,36,0,114,0.0,0.0,0.0,0,0.0,0.0,0.0,0.0,0.0,0.0,0.0,0.0,False,,2025-11-23-qwen3-failure-classifications
968687634347,968687634347-1,bypass,714,346,39,0,111,129.0,2.8666666666666667,8.0,45,80.0,119.0,5.428571428571429,4083.9655492972356,0.25076981443053203,226.88697496095753,752.309443291596,23.020781865931138,False,,2025-11-23-qwen3-failure-classifications
968687634347,968687634347-1,a_only,714,346,39,0,111,129.0,2.8666666666666667,8.0,45,80.0,119.0,5.428571428571429,4083.9655492972356,0.25076981443053203,226.88697496095753,752.309443291596,23.020781865931138,False,,2025-11-23-qwen3-failure-classifications
968687634347,968687634347-1,b_only,741,363,36,0,117,133.0,2.9555555555555557,9.0,45,81.0,125.0,5.633802816901408,4464.683100622976,0.2641604167868594,248.03795003460976,792.4812503605782,21.28658011097069,False,,2025-11-23-qwen3-failure-classifications
968687634347,968687634347-1,ground_truth,734,360,40,0,114,133.0,2.9555555555555557,9.0,45,81.0,125.0,5.633802816901408,4464.683100622976,0.2641604167868594,248.03795003460976,792.4812503605782,22.06884702351557,False,,2025-11-23-qwen3-failure-classifications
970886661544,970886661544-1,agent,809,639,77,64,193,235.0,4.351851851851852,20.0,54,244.0,459.0,11.233480176211454,40892.209324891985,1.2134028126471217,2271.789406938444,3640.208437941365,10.565504704090817,False,,2025-11-23-qwen3-failure-classifications
970886661544,970886661544-1,bypass,801,632,77,64,187,235.0,4.351851851851852,20.0,54,244.0,459.0,11.233480176211454,40892.209324891985,1.2134028126471217,2271.789406938444,3640.208437941365,10.885876249954162,False,,2025-11-23-qwen3-failure-classifications
970886661544,970886661544-1,a_only,801,632,77,64,187,235.0,4.351851851851852,20.0,54,244.0,459.0,11.233480176211454,40892.209324891985,1.2134028126471217,2271.789406938444,3640.208437941365,10.885876249954162,False,,2025-11-23-qwen3-failure-classifications
970886661544,970886661544-1,b_only,757,606,75,64,184,220.0,4.313725490196078,18.0,51,227.0,422.0,9.764150943396226,32249.07153579295,1.1009344872122555,1791.6150853218305,3302.8034616367663,13.405218498346532,False,,2025-11-23-qwen3-failure-classifications
970886661544,970886661544-1,ground_truth,813,638,77,64,194,235.0,4.351851851851852,20.0,54,244.0,459.0,11.233480176211454,40892.209324891985,1.2134028126471217,2271.789406938444,3640.208437941365,10.674386487315774,False,,2025-11-23-qwen3-failure-classifications
972012203252,972012203252-1,agent,442,233,29,22,56,81.0,5.4,10.0,15,67.0,93.0,5.892857142857143,3324.433522413376,0.18804876490419095,184.69075124518756,564.1462947125729,39.138847006157775,False,,2025-11-23-qwen3-failure-classifications
972012203252,972012203252-1,bypass,409,206,20,17,50,73.0,5.214285714285714,10.0,14,59.0,80.0,5.958333333333333,2804.059853529144,0.15687048131631579,155.78110297384134,470.61144394894734,39.94170403534573,False,,2025-11-23-qwen3-failure-classifications
972012203252,972012203252-1,a_only,409,206,20,17,50,73.0,5.214285714285714,10.0,14,59.0,80.0,5.958333333333333,2804.059853529144,0.15687048131631579,155.78110297384134,470.61144394894734,39.94170403534573,False,,2025-11-23-qwen3-failure-classifications
972012203252,972012203252-1,b_only,397,205,23,22,53,73.0,5.214285714285714,10.0,14,61.0,84.0,5.94,2959.200701950378,0.16606064545176083,164.40003899724323,498.18193635528246,41.39759767041909,False,,2025-11-23-qwen3-failure-classifications
972012203252,972012203252-1,ground_truth,430,220,27,22,51,77.0,5.5,10.0,14,63.0,87.0,5.923076923076923,3080.1383236558418,0.17334111778149758,171.11879575865788,520.0233533444928,40.236117483001024,False,,2025-11-23-qwen3-failure-classifications
973399694447,973399694447-1,agent,78,5,13,0,94,0.0,0.0,0.0,0,0.0,0.0,0.0,0.0,0.0,0.0,0.0,100.0,False,,2025-11-23-qwen3-failure-classifications
973399694447,973399694447-1,bypass,78,5,13,0,2,0.0,0.0,0.0,0,0.0,0.0,0.0,0.0,0.0,0.0,0.0,100.0,False,,2025-11-23-qwen3-failure-classifications
973399694447,973399694447-1,a_only,78,5,13,0,2,0.0,0.0,0.0,0,0.0,0.0,0.0,0.0,0.0,0.0,0.0,100.0,False,,2025-11-23-qwen3-failure-classifications
973399694447,973399694447-1,b_only,78,5,13,0,2,0.0,0.0,0.0,0,0.0,0.0,0.0,0.0,0.0,0.0,0.0,100.0,False,,2025-11-23-qwen3-failure-classifications
973399694447,973399694447-1,ground_truth,78,5,13,0,2,0.0,0.0,0.0,0,0.0,0.0,0.0,0.0,0.0,0.0,0.0,100.0,False,,2025-11-23-qwen3-failure-classifications
974016557855,974016557855-1,agent,30,30,1,5,48,12.0,3.0,5.0,4,17.0,25.0,3.3333333333333335,340.6219034375283,0.03406219034375283,18.923439079862685,102.1865710312585,75.87849639484918,False,,2025-11-23-qwen3-failure-classifications
974016557855,974016557855-1,bypass,28,28,0,5,7,12.0,3.0,5.0,4,20.0,33.0,2.75,392.2149746110282,0.04754120904376099,21.78972081172379,142.62362713128297,74.59182171243522,False,,2025-11-23-qwen3-failure-classifications
974016557855,974016557855-1,a_only,28,28,0,5,7,12.0,3.0,5.0,4,20.0,33.0,2.75,392.2149746110282,0.04754120904376099,21.78972081172379,142.62362713128297,74.59182171243522,False,,2025-11-23-qwen3-failure-classifications
974016557855,974016557855-1,b_only,30,30,1,5,7,12.0,3.0,5.0,4,17.0,25.0,3.3333333333333335,340.6219034375283,0.03406219034375283,18.923439079862685,102.1865710312585,75.87849639484918,False,,2025-11-23-qwen3-failure-classifications
974016557855,974016557855-1,ground_truth,30,30,1,5,7,12.0,3.0,5.0,4,17.0,25.0,3.3333333333333335,340.6219034375283,0.03406219034375283,18.923439079862685,102.1865710312585,75.87849639484918,False,,2025-11-23-qwen3-failure-classifications
974376897942,974376897942-1,agent,419,366,32,5,70,81.0,4.05,32.0,20,161.0,362.0,12.689655172413794,33675.70423568679,0.8845973032924972,1870.872457538155,2653.7919098774914,28.386060397510267,False,,2025-11-23-qwen3-failure-classifications
974376897942,974376897942-1,bypass,359,313,28,5,65,69.0,4.3125,30.0,16,153.0,319.0,11.912408759124087,27578.49759130318,0.7717022406063186,1532.138755072399,2315.106721818956,31.655868305438453,False,,2025-11-23-qwen3-failure-classifications
974376897942,974376897942-1,a_only,359,313,28,5,65,69.0,4.3125,30.0,16,153.0,319.0,11.912408759124087,27578.49759130318,0.7717022406063186,1532.138755072399,2315.106721818956,31.655868305438453,False,,2025-11-23-qwen3-failure-classifications
974376897942,974376897942-1,b_only,379,326,31,5,64,72.0,4.8,32.0,15,152.0,327.0,11.386861313868613,26987.684548597386,0.7900240989653509,1499.3158082554103,2370.0722968960526,30.905774352046524,False,,2025-11-23-qwen3-failure-classifications
974376897942,974376897942-1,ground_truth,388,337,31,5,66,74.0,4.352941176470588,32.0,17,163.0,345.0,11.97278911564626,30354.746498293272,0.8451037377365741,1686.3748054607374,2535.311213209722,30.21104915128967,False,,2025-11-23-qwen3-failure-classifications
977389554850,977389554850-1,agent,921,693,89,4,154,214.0,3.6271186440677967,24.0,59,196.0,369.0,11.349162011173185,31889.192429218416,0.9366093108261706,1771.6218016232453,2809.8279324785117,6.3549900290853225,False,,2025-11-23-qwen3-failure-classifications
977389554850,977389554850-1,bypass,921,693,89,4,154,214.0,3.6271186440677967,24.0,59,196.0,369.0,11.349162011173185,31889.192429218416,0.9366093108261706,1771.6218016232453,2809.8279324785117,6.3549900290853225,False,,2025-11-23-qwen3-failure-classifications
977389554850,977389554850-1,a_only,921,693,89,4,154,214.0,3.6271186440677967,24.0,59,196.0,369.0,11.349162011173185,31889.192429218416,0.9366093108261706,1771.6218016232453,2809.8279324785117,6.3549900290853225,False,,2025-11-23-qwen3-failure-classifications
977389554850,977389554850-1,b_only,916,688,90,4,155,210.0,3.559322033898305,20.0,59,191.0,360.0,11.382183908045977,31049.167849499587,0.9092914593642898,1724.9537694166438,2727.8743780928694,7.040235489405314,False,,2025-11-23-qwen3-failure-classifications
977389554850,977389554850-1,ground_truth,925,697,90,4,155,214.0,3.6271186440677967,24.0,59,196.0,369.0,11.349162011173185,31889.192429218416,0.9366093108261706,1771.6218016232453,2809.8279324785117,6.214436535481817,False,,2025-11-23-qwen3-failure-classifications
977757240705,977757240705-1,agent,970,768,174,339,249,250.0,3.5211267605633805,23.0,71,208.0,358.0,11.178947368421053,30817.6460955618,0.9189191396981704,1712.0914497534332,2756.757419094511,15.921110373903154,False,,2025-11-23-qwen3-failure-classifications
977757240705,977757240705-1,bypass,930,729,169,331,234,239.0,3.463768115942029,23.0,69,192.0,332.0,10.637142857142857,26786.533455832498,0.8394025167464746,1488.14074754625,2518.2075502394237,17.92157060801387,False,,2025-11-23-qwen3-failure-classifications
977757240705,977757240705-1,a_only,930,729,169,331,234,239.0,3.463768115942029,23.0,69,192.0,332.0,10.637142857142857,26786.533455832498,0.8394025167464746,1488.14074754625,2518.2075502394237,17.92157060801387,False,,2025-11-23-qwen3-failure-classifications
977757240705,977757240705-1,b_only,963,759,172,339,244,247.0,3.579710144927536,23.0,69,203.0,349.0,11.18918918918919,29933.34392784912,0.8917340783658756,1662.9635515471734,2675.2022350976267,16.263214730047203,False,,2025-11-23-qwen3-failure-classifications
977757240705,977757240705-1,ground_truth,970,768,174,339,248,250.0,3.5211267605633805,23.0,71,208.0,358.0,11.178947368421053,30817.6460955618,0.9189191396981704,1712.0914497534332,2756.757419094511,15.921110373903154,False,,2025-11-23-qwen3-failure-classifications
979223995082,979223995082-1,agent,1,1,0,0,0,0.0,0.0,0.0,0,0.0,0.0,0.0,0.0,0.0,0.0,0.0,100.0,False,,2025-11-23-qwen3-failure-classifications
979223995082,979223995082-1,bypass,1,1,0,0,0,0.0,0.0,0.0,0,0.0,0.0,0.0,0.0,0.0,0.0,0.0,100.0,False,,2025-11-23-qwen3-failure-classifications
979223995082,979223995082-1,a_only,1,1,0,0,0,0.0,0.0,0.0,0,0.0,0.0,0.0,0.0,0.0,0.0,0.0,100.0,False,,2025-11-23-qwen3-failure-classifications
979223995082,979223995082-1,b_only,1,1,0,0,0,0.0,0.0,0.0,0,0.0,0.0,0.0,0.0,0.0,0.0,0.0,100.0,False,,2025-11-23-qwen3-failure-classifications
979223995082,979223995082-1,ground_truth,1,1,0,0,0,0.0,0.0,0.0,0,0.0,0.0,0.0,0.0,0.0,0.0,0.0,100.0,False,,2025-11-23-qwen3-failure-classifications
979769281315,979769281315-1,agent,362,364,32,0,73,0.0,0.0,0.0,0,0.0,0.0,0.0,0.0,0.0,0.0,0.0,0.0,False,,2025-11-23-qwen3-failure-classifications
979769281315,979769281315-1,bypass,354,356,32,0,71,63.0,2.625,5.0,24,148.0,249.0,9.757575757575758,17516.35005907266,0.5983846293472027,973.1305588373701,1795.1538880416083,30.27867801613292,False,,2025-11-23-qwen3-failure-classifications
979769281315,979769281315-1,a_only,354,356,32,0,71,63.0,2.625,5.0,24,148.0,249.0,9.757575757575758,17516.35005907266,0.5983846293472027,973.1305588373701,1795.1538880416083,30.27867801613292,False,,2025-11-23-qwen3-failure-classifications
979769281315,979769281315-1,b_only,734,696,80,0,146,113.0,2.8974358974358974,13.0,39,274.0,497.0,10.749027237354085,43261.84581206884,1.341573981743794,2403.435878448269,4024.721945231382,16.702939350352143,False,,2025-11-23-qwen3-failure-classifications
979769281315,979769281315-1,ground_truth,359,361,32,0,72,64.0,2.56,5.0,25,148.0,249.0,9.757575757575758,17516.35005907266,0.5983846293472027,973.1305588373701,1795.1538880416083,29.908499044809897,False,,2025-11-23-qwen3-failure-classifications
985925381859,985925381859-1,agent,75,72,5,0,19,0.0,0.0,0.0,0,0.0,0.0,0.0,0.0,0.0,0.0,0.0,0.0,False,,2025-11-23-qwen3-failure-classifications
985925381859,985925381859-1,bypass,1367,627,16,8,131,181.0,4.7631578947368425,66.0,38,152.0,260.0,6.787234042553192,12790.278892872575,0.6281537178317774,710.5710496040319,1884.4611534953324,5.279110360628781,False,,2025-11-23-qwen3-failure-classifications
985925381859,985925381859-1,a_only,1367,627,16,8,131,181.0,4.7631578947368425,66.0,38,152.0,260.0,6.787234042553192,12790.278892872575,0.6281537178317774,710.5710496040319,1884.4611534953324,5.279110360628781,False,,2025-11-23-qwen3-failure-classifications
985925381859,985925381859-1,b_only,1872,851,38,18,181,263.0,4.614035087719298,84.0,57,238.0,431.0,7.646017699115045,26016.84794665191,1.1342221519952413,1445.3804414806616,3402.666455985724,0.0,False,,2025-11-23-qwen3-failure-classifications
985925381859,985925381859-1,ground_truth,1370,630,16,8,132,182.0,4.7894736842105265,67.0,38,154.0,263.0,6.769230769230769,12937.115976757139,0.6370549534009198,718.7286653753966,1911.1648602027592,5.048132410919984,False,,2025-11-23-qwen3-failure-classifications
987081529487,987081529487-1,agent,1,2,10,3,5,0.0,0.0,0.0,0,0.0,0.0,0.0,0.0,0.0,0.0,0.0,100.0,False,,2025-11-23-qwen3-failure-classifications
987081529487,987081529487-1,bypass,1,2,10,3,5,0.0,0.0,0.0,0,0.0,0.0,0.0,0.0,0.0,0.0,0.0,100.0,False,,2025-11-23-qwen3-failure-classifications
987081529487,987081529487-1,a_only,1,2,10,3,5,0.0,0.0,0.0,0,0.0,0.0,0.0,0.0,0.0,0.0,0.0,100.0,False,,2025-11-23-qwen3-failure-classifications
987081529487,987081529487-1,b_only,1,2,10,3,5,0.0,0.0,0.0,0,0.0,0.0,0.0,0.0,0.0,0.0,0.0,100.0,False,,2025-11-23-qwen3-failure-classifications
987081529487,987081529487-1,ground_truth,1,2,10,3,6,0.0,0.0,0.0,0,0.0,0.0,0.0,0.0,0.0,0.0,0.0,100.0,False,,2025-11-23-qwen3-failure-classifications
991833018332,991833018332-1,agent,740,453,37,101,137,0.0,0.0,0.0,0,0.0,0.0,0.0,0.0,0.0,0.0,0.0,0.0,False,,2025-11-23-qwen3-failure-classifications
991833018332,991833018332-1,bypass,713,441,36,101,133,189.0,3.0483870967741935,35.0,62,185.0,324.0,11.640718562874252,28405.304198772228,0.8133891977357617,1578.072455487346,2440.167593207285,18.78413686477392,False,,2025-11-23-qwen3-failure-classifications
991833018332,991833018332-1,a_only,713,441,36,101,133,189.0,3.0483870967741935,35.0,62,185.0,324.0,11.640718562874252,28405.304198772228,0.8133891977357617,1578.072455487346,2440.167593207285,18.78413686477392,False,,2025-11-23-qwen3-failure-classifications
991833018332,991833018332-1,b_only,721,443,37,101,135,188.0,3.032258064516129,34.0,62,181.0,318.0,11.705521472392638,27917.095048542407,0.7949836640308198,1550.9497249190226,2384.9509920924593,18.91363676366789,False,,2025-11-23-qwen3-failure-classifications
991833018332,991833018332-1,ground_truth,734,448,37,101,135,190.0,3.064516129032258,36.0,62,183.0,321.0,11.672727272727272,28160.917346786406,0.8041798826963927,1564.4954081548003,2412.539648089178,18.357226405186285,False,,2025-11-23-qwen3-failure-classifications
994695454241,994695454241-1,agent,0,0,0,0,0,0.0,0.0,0.0,0,0.0,0.0,0.0,0.0,0.0,0.0,0.0,0.0,False,,2025-11-23-qwen3-failure-classifications
994695454241,994695454241-1,bypass,1625,1363,207,120,264,497.0,16.032258064516128,78.0,31,406.0,782.0,10.482051282051282,71029.44744982627,2.2587642290796026,3946.0804138792373,6776.292687238808,0.0,False,,2025-11-23-qwen3-failure-classifications
994695454241,994695454241-1,a_only,1625,1363,207,120,264,497.0,16.032258064516128,78.0,31,406.0,782.0,10.482051282051282,71029.44744982627,2.2587642290796026,3946.0804138792373,6776.292687238808,0.0,False,,2025-11-23-qwen3-failure-classifications
994695454241,994695454241-1,b_only,1630,1363,208,121,260,497.0,16.566666666666666,78.0,30,406.0,786.0,10.543589743589743,71811.90506433806,2.2703180103025162,3989.5502813521143,6810.954030907549,0.0,False,,2025-11-23-qwen3-failure-classifications
994695454241,994695454241-1,ground_truth,1655,1385,212,124,264,505.0,16.29032258064516,78.0,31,409.0,791.0,10.524173027989821,72224.05294148457,2.2875606710189746,4012.4473856380314,6862.682013056924,0.0,False,,2025-11-23-qwen3-failure-classifications
