sample_id,full_sample_id,method,sloc,lloc,comments,multi_comments,blank,cc_total,cc_avg,cc_max,cc_count,h_vocabulary,h_length,h_difficulty,h_effort,h_bugs,h_time,h_volume,mi_score,parse_error,error_message,source
103174421845,103174421845-1,agent,86,80,13,0,24,46.0,4.181818181818182,7.0,11,55.0,86.0,2.85,1417.0112657848942,0.16573231178770692,78.72284809916079,497.19693536312076,55.986755730265536,False,,2025-12-03-qwen3-pass-classifications
103174421845,103174421845-1,bypass,86,80,13,0,24,46.0,4.181818181818182,7.0,11,55.0,86.0,2.85,1417.0112657848942,0.16573231178770692,78.72284809916079,497.19693536312076,55.986755730265536,False,,2025-12-03-qwen3-pass-classifications
103174421845,103174421845-1,a_only,86,80,13,0,24,46.0,4.181818181818182,7.0,11,55.0,86.0,2.85,1417.0112657848942,0.16573231178770692,78.72284809916079,497.19693536312076,55.986755730265536,False,,2025-12-03-qwen3-pass-classifications
103174421845,103174421845-1,b_only,64,56,13,0,20,30.0,3.75,6.0,8,46.0,68.0,2.7439024390243905,1030.6158283862476,0.12520073767062562,57.25643491034709,375.60221301187687,63.98094551771781,False,,2025-12-03-qwen3-pass-classifications
103174421845,103174421845-1,ground_truth,86,80,13,0,24,46.0,4.181818181818182,7.0,11,55.0,86.0,2.85,1417.0112657848942,0.16573231178770692,78.72284809916079,497.19693536312076,55.986755730265536,False,,2025-12-03-qwen3-pass-classifications
103436751760,103436751760-1,agent,302,179,3,79,73,54.0,1.4594594594594594,5.0,37,17.0,23.0,2.3076923076923075,216.94995080482573,0.031337215116252606,12.05277504471254,94.01164534875782,57.444314440611606,False,,2025-12-03-qwen3-pass-classifications
103436751760,103436751760-1,bypass,319,193,3,87,94,61.0,1.525,5.0,40,19.0,26.0,2.2666666666666666,250.3445281256086,0.03681537178317774,13.90802934031159,110.44611534953322,55.985376688571385,False,,2025-12-03-qwen3-pass-classifications
103436751760,103436751760-1,a_only,319,193,3,87,94,61.0,1.525,5.0,40,19.0,26.0,2.2666666666666666,250.3445281256086,0.03681537178317774,13.90802934031159,110.44611534953322,55.985376688571385,False,,2025-12-03-qwen3-pass-classifications
103436751760,103436751760-1,b_only,305,183,3,75,88,58.0,1.5263157894736843,5.0,38,19.0,26.0,2.2666666666666666,250.3445281256086,0.03681537178317774,13.90802934031159,110.44611534953322,56.15825928603276,False,,2025-12-03-qwen3-pass-classifications
103436751760,103436751760-1,ground_truth,319,193,3,87,94,61.0,1.525,5.0,40,19.0,26.0,2.2666666666666666,250.3445281256086,0.03681537178317774,13.90802934031159,110.44611534953322,55.985376688571385,False,,2025-12-03-qwen3-pass-classifications
112177815245,112177815245-1,agent,91,52,7,13,25,34.0,11.333333333333334,20.0,3,27.0,38.0,3.5714285714285716,645.3061610078994,0.06022857502740395,35.85034227821663,180.68572508221183,66.60273337728364,False,,2025-12-03-qwen3-pass-classifications
112177815245,112177815245-1,bypass,91,52,7,13,25,34.0,11.333333333333334,20.0,3,27.0,38.0,3.5714285714285716,645.3061610078994,0.06022857502740395,35.85034227821663,180.68572508221183,66.60273337728364,False,,2025-12-03-qwen3-pass-classifications
112177815245,112177815245-1,a_only,91,52,7,13,25,34.0,11.333333333333334,20.0,3,27.0,38.0,3.5714285714285716,645.3061610078994,0.06022857502740395,35.85034227821663,180.68572508221183,66.60273337728364,False,,2025-12-03-qwen3-pass-classifications
112177815245,112177815245-1,b_only,91,52,7,13,25,34.0,11.333333333333334,20.0,3,27.0,38.0,3.5714285714285716,645.3061610078994,0.06022857502740395,35.85034227821663,180.68572508221183,66.60273337728364,False,,2025-12-03-qwen3-pass-classifications
112177815245,112177815245-1,ground_truth,91,52,7,13,25,34.0,11.333333333333334,20.0,3,27.0,38.0,3.5714285714285716,645.3061610078994,0.06022857502740395,35.85034227821663,180.68572508221183,66.60273337728364,False,,2025-12-03-qwen3-pass-classifications
118865208997,118865208997-1,agent,79,81,22,21,37,42.0,5.25,9.0,8,30.0,43.0,2.8,590.7896277112657,0.07033209853705544,32.8216459839592,210.99629561116632,67.4070708662799,False,,2025-12-03-qwen3-pass-classifications
118865208997,118865208997-1,bypass,79,80,22,13,35,42.0,5.25,9.0,8,30.0,43.0,2.8,590.7896277112657,0.07033209853705544,32.8216459839592,210.99629561116632,67.01558861380907,False,,2025-12-03-qwen3-pass-classifications
118865208997,118865208997-1,a_only,79,80,22,13,35,42.0,5.25,9.0,8,30.0,43.0,2.8,590.7896277112657,0.07033209853705544,32.8216459839592,210.99629561116632,67.01558861380907,False,,2025-12-03-qwen3-pass-classifications
118865208997,118865208997-1,b_only,42,40,7,8,15,22.0,5.5,9.0,4,22.0,27.0,2.6470588235294117,318.71820097907744,0.04013488456773568,17.706566721059858,120.40465370320703,75.83583451258973,False,,2025-12-03-qwen3-pass-classifications
118865208997,118865208997-1,ground_truth,79,80,22,13,35,42.0,5.25,9.0,8,30.0,43.0,2.8,590.7896277112657,0.07033209853705544,32.8216459839592,210.99629561116632,67.01558861380907,False,,2025-12-03-qwen3-pass-classifications
120506932938,120506932938-1,agent,314,274,23,228,154,61.0,1.967741935483871,13.0,31,35.0,44.0,4.148148148148148,936.1891373149924,0.07522948424852617,52.01050762861069,225.68845274557853,52.915606888708886,False,,2025-12-03-qwen3-pass-classifications
120506932938,120506932938-1,bypass,322,281,24,228,158,61.0,1.967741935483871,13.0,31,35.0,46.0,4.296296296296297,1013.6983029043831,0.07864900625982282,56.31657238357684,235.94701877946846,52.694778253360134,False,,2025-12-03-qwen3-pass-classifications
120506932938,120506932938-1,a_only,322,281,24,228,158,61.0,1.967741935483871,13.0,31,35.0,46.0,4.296296296296297,1013.6983029043831,0.07864900625982282,56.31657238357684,235.94701877946846,52.694778253360134,False,,2025-12-03-qwen3-pass-classifications
120506932938,120506932938-1,b_only,312,272,24,228,155,61.0,1.967741935483871,13.0,31,35.0,44.0,4.148148148148148,936.1891373149924,0.07522948424852617,52.01050762861069,225.68845274557853,52.905437024309116,False,,2025-12-03-qwen3-pass-classifications
120506932938,120506932938-1,ground_truth,322,281,24,228,158,61.0,1.967741935483871,13.0,31,35.0,46.0,4.296296296296297,1013.6983029043831,0.07864900625982282,56.31657238357684,235.94701877946846,52.694778253360134,False,,2025-12-03-qwen3-pass-classifications
124226477194,124226477194-1,agent,120,103,8,2,38,18.0,1.8,3.0,10,15.0,20.0,1.5,117.20671786825557,0.026045937304056792,6.511484326014198,78.13781191217038,57.55518737053371,False,,2025-12-03-qwen3-pass-classifications
124226477194,124226477194-1,bypass,126,103,7,2,36,17.0,1.7,3.0,10,14.0,18.0,1.5,102.79858289555531,0.022844129532345624,5.7110323830864065,68.53238859703687,57.00056541133672,False,,2025-12-03-qwen3-pass-classifications
124226477194,124226477194-1,a_only,126,103,7,2,36,17.0,1.7,3.0,10,14.0,18.0,1.5,102.79858289555531,0.022844129532345624,5.7110323830864065,68.53238859703687,57.00056541133672,False,,2025-12-03-qwen3-pass-classifications
124226477194,124226477194-1,b_only,77,70,7,2,26,10.0,2.0,3.0,5,4.0,6.0,0.5,6.0,0.004,0.3333333333333333,12.0,70.14272628620968,False,,2025-12-03-qwen3-pass-classifications
124226477194,124226477194-1,ground_truth,126,103,7,2,36,17.0,1.7,3.0,10,14.0,18.0,1.5,102.79858289555531,0.022844129532345624,5.7110323830864065,68.53238859703687,57.00056541133672,False,,2025-12-03-qwen3-pass-classifications
125683199024,125683199024-1,agent,125,84,28,11,28,0.0,0.0,0.0,0,0.0,0.0,0.0,0.0,0.0,0.0,0.0,0.0,False,,2025-12-03-qwen3-pass-classifications
125683199024,125683199024-1,bypass,125,84,28,11,28,19.0,9.5,18.0,2,19.0,25.0,2.1333333333333333,226.55613405032454,0.03539939594536321,12.586451891684696,106.19818783608963,68.19255009284424,False,,2025-12-03-qwen3-pass-classifications
125683199024,125683199024-1,a_only,125,84,28,11,28,19.0,9.5,18.0,2,19.0,25.0,2.1333333333333333,226.55613405032454,0.03539939594536321,12.586451891684696,106.19818783608963,68.19255009284424,False,,2025-12-03-qwen3-pass-classifications
125683199024,125683199024-1,b_only,125,84,28,11,28,19.0,9.5,18.0,2,19.0,25.0,2.1333333333333333,226.55613405032454,0.03539939594536321,12.586451891684696,106.19818783608963,68.19255009284424,False,,2025-12-03-qwen3-pass-classifications
125683199024,125683199024-1,ground_truth,125,84,28,11,28,19.0,9.5,18.0,2,19.0,25.0,2.1333333333333333,226.55613405032454,0.03539939594536321,12.586451891684696,106.19818783608963,68.19255009284424,False,,2025-12-03-qwen3-pass-classifications
128300989248,128300989248-1,agent,86,78,3,26,28,35.0,5.833333333333333,15.0,6,22.0,25.0,3.0,334.4573713977973,0.037161930155310816,18.580965077655407,111.48579046593244,68.45008775580801,False,,2025-12-03-qwen3-pass-classifications
128300989248,128300989248-1,bypass,86,78,3,26,29,35.0,5.833333333333333,15.0,6,22.0,25.0,3.0,334.4573713977973,0.037161930155310816,18.580965077655407,111.48579046593244,68.45008775580801,False,,2025-12-03-qwen3-pass-classifications
128300989248,128300989248-1,a_only,86,78,3,26,29,35.0,5.833333333333333,15.0,6,22.0,25.0,3.0,334.4573713977973,0.037161930155310816,18.580965077655407,111.48579046593244,68.45008775580801,False,,2025-12-03-qwen3-pass-classifications
128300989248,128300989248-1,b_only,61,55,3,26,17,28.0,9.333333333333334,16.0,3,19.0,22.0,2.5,233.6360132393972,0.031151468431919623,12.979778513299843,93.45440529575887,74.62712691233705,False,,2025-12-03-qwen3-pass-classifications
128300989248,128300989248-1,ground_truth,86,78,3,26,29,35.0,5.833333333333333,15.0,6,22.0,25.0,3.0,334.4573713977973,0.037161930155310816,18.580965077655407,111.48579046593244,68.45008775580801,False,,2025-12-03-qwen3-pass-classifications
131781923267,131781923267-1,agent,0,0,0,0,0,0.0,0.0,0.0,0,0.0,0.0,0.0,0.0,0.0,0.0,0.0,0.0,False,,2025-12-03-qwen3-pass-classifications
131781923267,131781923267-1,bypass,711,556,51,0,177,190.0,2.5,9.0,76,147.0,229.0,11.653543307086615,19213.48780403103,0.5495749889891758,1067.415989112835,1648.7249669675275,15.648186959691225,False,,2025-12-03-qwen3-pass-classifications
131781923267,131781923267-1,a_only,711,556,51,0,177,190.0,2.5,9.0,76,147.0,229.0,11.653543307086615,19213.48780403103,0.5495749889891758,1067.415989112835,1648.7249669675275,15.648186959691225,False,,2025-12-03-qwen3-pass-classifications
131781923267,131781923267-1,b_only,710,555,51,0,177,190.0,2.5,9.0,76,147.0,229.0,11.653543307086615,19213.48780403103,0.5495749889891758,1067.415989112835,1648.7249669675275,15.674949020981048,False,,2025-12-03-qwen3-pass-classifications
131781923267,131781923267-1,ground_truth,711,556,51,0,177,190.0,2.5,9.0,76,147.0,229.0,11.653543307086615,19213.48780403103,0.5495749889891758,1067.415989112835,1648.7249669675275,15.648186959691225,False,,2025-12-03-qwen3-pass-classifications
131898172532,131898172532-1,agent,236,273,38,146,110,35.0,2.6923076923076925,13.0,13,66.0,99.0,7.971698113207547,4770.224434480485,0.19946500593882896,265.01246858224914,598.3950178164869,50.16440446604838,False,,2025-12-03-qwen3-pass-classifications
131898172532,131898172532-1,bypass,239,282,38,149,113,35.0,2.6923076923076925,13.0,13,66.0,99.0,7.971698113207547,4770.224434480485,0.19946500593882896,265.01246858224914,598.3950178164869,49.83271054235618,False,,2025-12-03-qwen3-pass-classifications
131898172532,131898172532-1,a_only,239,282,38,149,113,35.0,2.6923076923076925,13.0,13,66.0,99.0,7.971698113207547,4770.224434480485,0.19946500593882896,265.01246858224914,598.3950178164869,49.83271054235618,False,,2025-12-03-qwen3-pass-classifications
131898172532,131898172532-1,b_only,239,277,39,147,111,35.0,2.6923076923076925,13.0,13,65.0,96.0,7.875,4552.910066649512,0.19271577001691056,252.93944814719512,578.1473100507317,50.14369980930694,False,,2025-12-03-qwen3-pass-classifications
131898172532,131898172532-1,ground_truth,239,282,38,149,113,35.0,2.6923076923076925,13.0,13,66.0,99.0,7.971698113207547,4770.224434480485,0.19946500593882896,265.01246858224914,598.3950178164869,49.83271054235618,False,,2025-12-03-qwen3-pass-classifications
134797539444,134797539444-1,agent,0,0,0,0,0,0.0,0.0,0.0,0,0.0,0.0,0.0,0.0,0.0,0.0,0.0,0.0,False,,2025-12-03-qwen3-pass-classifications
134797539444,134797539444-1,bypass,124,133,9,59,56,73.0,2.92,13.0,25,43.0,78.0,9.483870967741936,4014.0355920912425,0.14108288362225455,223.00197733840236,423.2486508667636,58.58123490064626,False,,2025-12-03-qwen3-pass-classifications
134797539444,134797539444-1,a_only,124,133,9,59,56,73.0,2.92,13.0,25,43.0,78.0,9.483870967741936,4014.0355920912425,0.14108288362225455,223.00197733840236,423.2486508667636,58.58123490064626,False,,2025-12-03-qwen3-pass-classifications
134797539444,134797539444-1,b_only,123,132,8,59,57,75.0,3.0,13.0,25,40.0,75.0,8.913793103448276,3557.8924461940946,0.13304820237218407,197.6606914552275,399.1446071165522,58.690684821274445,False,,2025-12-03-qwen3-pass-classifications
134797539444,134797539444-1,ground_truth,126,135,9,59,56,73.0,2.92,13.0,25,43.0,78.0,9.483870967741936,4014.0355920912425,0.14108288362225455,223.00197733840236,423.2486508667636,58.42465527704266,False,,2025-12-03-qwen3-pass-classifications
143142204719,143142204719-1,agent,0,0,0,0,0,0.0,0.0,0.0,0,0.0,0.0,0.0,0.0,0.0,0.0,0.0,0.0,False,,2025-12-03-qwen3-pass-classifications
143142204719,143142204719-1,bypass,1101,627,136,18,174,215.0,4.574468085106383,22.0,47,254.0,490.0,13.017021276595745,50954.55048446667,1.3048184988394538,2830.8083602481483,3914.4554965183615,12.224556945357032,False,,2025-12-03-qwen3-pass-classifications
143142204719,143142204719-1,a_only,1101,627,136,18,174,215.0,4.574468085106383,22.0,47,254.0,490.0,13.017021276595745,50954.55048446667,1.3048184988394538,2830.8083602481483,3914.4554965183615,12.224556945357032,False,,2025-12-03-qwen3-pass-classifications
143142204719,143142204719-1,b_only,1105,630,136,18,174,216.0,4.595744680851064,22.0,47,256.0,493.0,12.987341772151899,51222.075949367085,1.3146666666666667,2845.670886075949,3944.0,11.992619819424137,False,,2025-12-03-qwen3-pass-classifications
143142204719,143142204719-1,ground_truth,1123,630,137,18,174,216.0,4.595744680851064,22.0,47,256.0,493.0,12.987341772151899,51222.075949367085,1.3146666666666667,2845.670886075949,3944.0,11.914298874726395,False,,2025-12-03-qwen3-pass-classifications
146020521474,146020521474-1,agent,298,157,9,3,40,20.0,4.0,15.0,5,31.0,48.0,4.666666666666667,1109.7399735266602,0.07926714096619,61.65222075148112,237.80142289857002,44.9845798023955,False,,2025-12-03-qwen3-pass-classifications
146020521474,146020521474-1,bypass,298,157,10,3,42,20.0,4.0,15.0,5,31.0,48.0,4.666666666666667,1109.7399735266602,0.07926714096619,61.65222075148112,237.80142289857002,45.437002413977595,False,,2025-12-03-qwen3-pass-classifications
146020521474,146020521474-1,a_only,298,157,10,3,42,20.0,4.0,15.0,5,31.0,48.0,4.666666666666667,1109.7399735266602,0.07926714096619,61.65222075148112,237.80142289857002,45.437002413977595,False,,2025-12-03-qwen3-pass-classifications
146020521474,146020521474-1,b_only,214,119,8,3,39,13.0,4.333333333333333,11.0,3,16.0,24.0,2.6666666666666665,256.0,0.032,14.222222222222221,96.0,52.46675537748574,False,,2025-12-03-qwen3-pass-classifications
146020521474,146020521474-1,ground_truth,298,157,10,3,42,20.0,4.0,15.0,5,31.0,48.0,4.666666666666667,1109.7399735266602,0.07926714096619,61.65222075148112,237.80142289857002,45.437002413977595,False,,2025-12-03-qwen3-pass-classifications
1506393014,1506393014-1,agent,693,407,93,18,135,0.0,0.0,0.0,0,0.0,0.0,0.0,0.0,0.0,0.0,0.0,0.0,False,,2025-12-03-qwen3-pass-classifications
1506393014,1506393014-1,bypass,693,405,93,18,136,117.0,3.5454545454545454,17.0,33,162.0,285.0,12.423076923076923,25987.303539059387,0.6972857502740393,1443.7390855032993,2091.8572508221177,30.000636394686957,False,,2025-12-03-qwen3-pass-classifications
1506393014,1506393014-1,a_only,693,405,93,18,136,117.0,3.5454545454545454,17.0,33,162.0,285.0,12.423076923076923,25987.303539059387,0.6972857502740393,1443.7390855032993,2091.8572508221177,30.000636394686957,False,,2025-12-03-qwen3-pass-classifications
1506393014,1506393014-1,b_only,703,406,93,18,121,117.0,3.5454545454545454,17.0,33,162.0,285.0,12.423076923076923,25987.303539059387,0.6972857502740393,1443.7390855032993,2091.8572508221177,29.8599980983603,False,,2025-12-03-qwen3-pass-classifications
1506393014,1506393014-1,ground_truth,693,405,93,18,136,117.0,3.5454545454545454,17.0,33,162.0,285.0,12.423076923076923,25987.303539059387,0.6972857502740393,1443.7390855032993,2091.8572508221177,30.000636394686957,False,,2025-12-03-qwen3-pass-classifications
156461963067,156461963067-1,agent,376,367,135,300,151,108.0,6.0,18.0,18,230.0,497.0,11.372093023255815,44342.162408166616,1.2997361851064515,2463.4534671203673,3899.2085553193547,29.537860229767723,False,,2025-12-03-qwen3-pass-classifications
156461963067,156461963067-1,bypass,376,367,135,300,152,108.0,6.0,18.0,18,230.0,497.0,11.372093023255815,44342.162408166616,1.2997361851064515,2463.4534671203673,3899.2085553193547,29.537860229767723,False,,2025-12-03-qwen3-pass-classifications
156461963067,156461963067-1,a_only,376,367,135,300,152,108.0,6.0,18.0,18,230.0,497.0,11.372093023255815,44342.162408166616,1.2997361851064515,2463.4534671203673,3899.2085553193547,29.537860229767723,False,,2025-12-03-qwen3-pass-classifications
156461963067,156461963067-1,b_only,376,365,134,300,151,107.0,5.944444444444445,18.0,18,229.0,494.0,11.355140186915888,43973.537436015584,1.2908555571066302,2442.974302000866,3872.5666713198907,29.79073434290919,False,,2025-12-03-qwen3-pass-classifications
156461963067,156461963067-1,ground_truth,376,367,135,300,152,108.0,6.0,18.0,18,230.0,497.0,11.372093023255815,44342.162408166616,1.2997361851064515,2463.4534671203673,3899.2085553193547,29.537860229767723,False,,2025-12-03-qwen3-pass-classifications
156850059734,156850059734-1,agent,67,39,1,0,10,1.0,1.0,1.0,1,5.0,6.0,0.5,6.965784284662087,0.004643856189774725,0.3869880158145604,13.931568569324174,64.47085750411055,False,,2025-12-03-qwen3-pass-classifications
156850059734,156850059734-1,bypass,66,39,1,0,10,1.0,1.0,1.0,1,5.0,6.0,0.5,6.965784284662087,0.004643856189774725,0.3869880158145604,13.931568569324174,64.52492782148094,False,,2025-12-03-qwen3-pass-classifications
156850059734,156850059734-1,a_only,66,39,1,0,10,1.0,1.0,1.0,1,5.0,6.0,0.5,6.965784284662087,0.004643856189774725,0.3869880158145604,13.931568569324174,64.52492782148094,False,,2025-12-03-qwen3-pass-classifications
156850059734,156850059734-1,b_only,59,32,0,0,8,1.0,1.0,1.0,1,3.0,3.0,0.5,2.3774437510817346,0.0015849625007211565,0.1320802083934297,4.754887502163469,62.290864668385254,False,,2025-12-03-qwen3-pass-classifications
156850059734,156850059734-1,ground_truth,66,39,1,0,10,1.0,1.0,1.0,1,5.0,6.0,0.5,6.965784284662087,0.004643856189774725,0.3869880158145604,13.931568569324174,64.52492782148094,False,,2025-12-03-qwen3-pass-classifications
156891706841,156891706841-1,agent,422,203,46,0,62,49.0,9.8,25.0,5,55.0,107.0,6.6521739130434785,4115.071298700531,0.20620182978237953,228.6150721500295,618.6054893471386,42.41087120826605,False,,2025-12-03-qwen3-pass-classifications
156891706841,156891706841-1,bypass,396,172,38,0,57,43.0,8.6,21.0,5,57.0,101.0,6.0,3534.7313485838336,0.19637396381021296,196.37396381021298,589.1218914306389,43.96293113685591,False,,2025-12-03-qwen3-pass-classifications
156891706841,156891706841-1,a_only,396,172,38,0,57,43.0,8.6,21.0,5,57.0,101.0,6.0,3534.7313485838336,0.19637396381021296,196.37396381021298,589.1218914306389,43.96293113685591,False,,2025-12-03-qwen3-pass-classifications
156891706841,156891706841-1,b_only,399,198,45,0,61,49.0,9.8,25.0,5,55.0,107.0,6.6521739130434785,4115.071298700531,0.20620182978237953,228.6150721500295,618.6054893471386,42.91215494451064,False,,2025-12-03-qwen3-pass-classifications
156891706841,156891706841-1,ground_truth,424,203,46,0,62,49.0,9.8,25.0,5,55.0,107.0,6.6521739130434785,4115.071298700531,0.20620182978237953,228.6150721500295,618.6054893471386,42.37424216026001,False,,2025-12-03-qwen3-pass-classifications
164353380250,164353380250-1,agent,224,137,12,0,52,57.0,4.384615384615385,9.0,13,57.0,81.0,6.456521739130435,3050.4746754513303,0.15748803038244805,169.4708153028517,472.4640911473441,41.02679251522487,False,,2025-12-03-qwen3-pass-classifications
164353380250,164353380250-1,bypass,224,137,12,0,52,57.0,4.384615384615385,9.0,13,57.0,81.0,6.456521739130435,3050.4746754513303,0.15748803038244805,169.4708153028517,472.4640911473441,41.02679251522487,False,,2025-12-03-qwen3-pass-classifications
164353380250,164353380250-1,a_only,224,137,12,0,52,57.0,4.384615384615385,9.0,13,57.0,81.0,6.456521739130435,3050.4746754513303,0.15748803038244805,169.4708153028517,472.4640911473441,41.02679251522487,False,,2025-12-03-qwen3-pass-classifications
164353380250,164353380250-1,b_only,235,134,12,0,51,53.0,4.076923076923077,9.0,13,49.0,66.0,5.641025641025641,2090.399665039816,0.12352361657053458,116.13331472443423,370.5708497116037,42.217728509703846,False,,2025-12-03-qwen3-pass-classifications
164353380250,164353380250-1,ground_truth,224,137,12,0,52,57.0,4.384615384615385,9.0,13,57.0,81.0,6.456521739130435,3050.4746754513303,0.15748803038244805,169.4708153028517,472.4640911473441,41.02679251522487,False,,2025-12-03-qwen3-pass-classifications
164791755641,164791755641-1,agent,327,205,15,20,71,44.0,3.3846153846153846,14.0,13,39.0,67.0,6.45,2284.0865688813205,0.11804064955459022,126.89369827118448,354.12194866377064,45.35268170257135,False,,2025-12-03-qwen3-pass-classifications
164791755641,164791755641-1,bypass,328,206,15,20,73,44.0,3.3846153846153846,14.0,13,39.0,67.0,6.45,2284.0865688813205,0.11804064955459022,126.89369827118448,354.12194866377064,45.28301825718222,False,,2025-12-03-qwen3-pass-classifications
164791755641,164791755641-1,a_only,328,206,15,20,73,44.0,3.3846153846153846,14.0,13,39.0,67.0,6.45,2284.0865688813205,0.11804064955459022,126.89369827118448,354.12194866377064,45.28301825718222,False,,2025-12-03-qwen3-pass-classifications
164791755641,164791755641-1,b_only,328,206,15,20,73,44.0,3.3846153846153846,14.0,13,39.0,67.0,6.45,2284.0865688813205,0.11804064955459022,126.89369827118448,354.12194866377064,45.28301825718222,False,,2025-12-03-qwen3-pass-classifications
164791755641,164791755641-1,ground_truth,328,206,15,20,73,44.0,3.3846153846153846,14.0,13,39.0,67.0,6.45,2284.0865688813205,0.11804064955459022,126.89369827118448,354.12194866377064,45.28301825718222,False,,2025-12-03-qwen3-pass-classifications
178104428619,178104428619-1,agent,818,622,157,8,204,182.0,4.044444444444444,37.0,45,148.0,242.0,8.253731343283581,14400.183673263578,0.5815625714940686,800.0102040701988,1744.6877144822058,16.673286247396334,False,,2025-12-03-qwen3-pass-classifications
178104428619,178104428619-1,bypass,988,763,180,8,246,227.0,3.6031746031746033,37.0,63,165.0,270.0,8.8,17502.38158104806,0.6629689992821234,972.3545322804478,1988.9069978463701,7.676625026742389,False,,2025-12-03-qwen3-pass-classifications
178104428619,178104428619-1,a_only,988,763,180,8,246,227.0,3.6031746031746033,37.0,63,165.0,270.0,8.8,17502.38158104806,0.6629689992821234,972.3545322804478,1988.9069978463701,7.676625026742389,False,,2025-12-03-qwen3-pass-classifications
178104428619,178104428619-1,b_only,1008,783,189,8,255,235.0,3.7301587301587302,37.0,63,171.0,279.0,8.75,18108.8324519652,0.6898602838843887,1006.0462473314001,2069.580851653166,6.452746397465553,False,,2025-12-03-qwen3-pass-classifications
178104428619,178104428619-1,ground_truth,988,763,180,8,246,227.0,3.6031746031746033,37.0,63,165.0,270.0,8.8,17502.38158104806,0.6629689992821234,972.3545322804478,1988.9069978463701,7.676625026742389,False,,2025-12-03-qwen3-pass-classifications
18238461500,18238461500-1,agent,28,22,1,6,10,8.0,1.1428571428571428,2.0,7,0.0,0.0,0.0,0.0,0.0,0.0,0.0,100.0,False,,2025-12-03-qwen3-pass-classifications
18238461500,18238461500-1,bypass,19,19,1,6,10,6.0,1.0,1.0,6,0.0,0.0,0.0,0.0,0.0,0.0,0.0,100.0,False,,2025-12-03-qwen3-pass-classifications
18238461500,18238461500-1,a_only,19,19,1,6,10,6.0,1.0,1.0,6,0.0,0.0,0.0,0.0,0.0,0.0,0.0,100.0,False,,2025-12-03-qwen3-pass-classifications
18238461500,18238461500-1,b_only,26,21,1,6,10,8.0,1.1428571428571428,2.0,7,0.0,0.0,0.0,0.0,0.0,0.0,0.0,100.0,False,,2025-12-03-qwen3-pass-classifications
18238461500,18238461500-1,ground_truth,28,22,1,6,11,8.0,1.1428571428571428,2.0,7,0.0,0.0,0.0,0.0,0.0,0.0,0.0,100.0,False,,2025-12-03-qwen3-pass-classifications
187284243675,187284243675-1,agent,147,146,3,40,48,41.0,4.1,8.0,10,72.0,105.0,5.564516129032258,3604.9279544717383,0.21594737505048095,200.2737752484299,647.8421251514428,55.1242356499681,False,,2025-12-03-qwen3-pass-classifications
187284243675,187284243675-1,bypass,204,199,18,40,71,82.0,4.555555555555555,12.0,18,97.0,161.0,6.77906976744186,7203.3444082117485,0.35419532253070923,400.18580045620826,1062.5859675921276,46.31135133647565,False,,2025-12-03-qwen3-pass-classifications
187284243675,187284243675-1,a_only,204,199,18,40,71,82.0,4.555555555555555,12.0,18,97.0,161.0,6.77906976744186,7203.3444082117485,0.35419532253070923,400.18580045620826,1062.5859675921276,46.31135133647565,False,,2025-12-03-qwen3-pass-classifications
187284243675,187284243675-1,b_only,193,187,17,40,69,76.0,4.75,12.0,16,95.0,158.0,6.809523809523809,7068.5389340299735,0.3460123953720966,392.6966074461096,1038.0371861162898,47.782449906198835,False,,2025-12-03-qwen3-pass-classifications
187284243675,187284243675-1,ground_truth,204,199,18,40,71,82.0,4.555555555555555,12.0,18,97.0,161.0,6.77906976744186,7203.3444082117485,0.35419532253070923,400.18580045620826,1062.5859675921276,46.31135133647565,False,,2025-12-03-qwen3-pass-classifications
192668479653,192668479653-1,agent,147,128,12,53,21,37.0,3.3636363636363638,11.0,11,36.0,47.0,5.0,1214.9323753389433,0.08099549168926289,67.49624307438575,242.98647506778866,61.453641242033875,False,,2025-12-03-qwen3-pass-classifications
192668479653,192668479653-1,bypass,147,128,12,53,21,37.0,3.3636363636363638,11.0,11,36.0,47.0,5.0,1214.9323753389433,0.08099549168926289,67.49624307438575,242.98647506778866,61.453641242033875,False,,2025-12-03-qwen3-pass-classifications
192668479653,192668479653-1,a_only,147,128,12,53,21,37.0,3.3636363636363638,11.0,11,36.0,47.0,5.0,1214.9323753389433,0.08099549168926289,67.49624307438575,242.98647506778866,61.453641242033875,False,,2025-12-03-qwen3-pass-classifications
192668479653,192668479653-1,b_only,147,128,13,53,21,37.0,3.3636363636363638,11.0,11,36.0,47.0,5.0,1214.9323753389433,0.08099549168926289,67.49624307438575,242.98647506778866,61.51123708487293,False,,2025-12-03-qwen3-pass-classifications
192668479653,192668479653-1,ground_truth,147,128,12,53,21,37.0,3.3636363636363638,11.0,11,36.0,47.0,5.0,1214.9323753389433,0.08099549168926289,67.49624307438575,242.98647506778866,61.453641242033875,False,,2025-12-03-qwen3-pass-classifications
194262099708,194262099708-1,agent,132,129,13,29,56,44.0,2.0,10.0,22,31.0,39.0,5.113636363636363,988.0243778101097,0.06440455203502939,54.89024321167276,193.21365610508815,59.61612859317117,False,,2025-12-03-qwen3-pass-classifications
194262099708,194262099708-1,bypass,130,124,12,29,55,44.0,2.0,10.0,22,34.0,42.0,5.625,1201.9130962453928,0.07122447977750476,66.77294979141071,213.67343933251428,59.62529372360812,False,,2025-12-03-qwen3-pass-classifications
194262099708,194262099708-1,a_only,130,124,12,29,55,44.0,2.0,10.0,22,34.0,42.0,5.625,1201.9130962453928,0.07122447977750476,66.77294979141071,213.67343933251428,59.62529372360812,False,,2025-12-03-qwen3-pass-classifications
194262099708,194262099708-1,b_only,132,129,13,29,56,44.0,2.0,10.0,22,31.0,39.0,5.113636363636363,988.0243778101097,0.06440455203502939,54.89024321167276,193.21365610508815,59.61612859317117,False,,2025-12-03-qwen3-pass-classifications
194262099708,194262099708-1,ground_truth,132,129,13,29,56,44.0,2.0,10.0,22,31.0,39.0,5.113636363636363,988.0243778101097,0.06440455203502939,54.89024321167276,193.21365610508815,59.61612859317117,False,,2025-12-03-qwen3-pass-classifications
198338418271,198338418271-1,agent,46,19,10,0,0,0.0,0.0,0.0,0,0.0,0.0,0.0,0.0,0.0,0.0,0.0,0.0,False,,2025-12-03-qwen3-pass-classifications
198338418271,198338418271-1,bypass,3,4,10,0,4,0.0,0.0,0.0,0,0.0,0.0,0.0,0.0,0.0,0.0,0.0,100.0,False,,2025-12-03-qwen3-pass-classifications
198338418271,198338418271-1,a_only,3,4,10,0,4,0.0,0.0,0.0,0,0.0,0.0,0.0,0.0,0.0,0.0,0.0,100.0,False,,2025-12-03-qwen3-pass-classifications
198338418271,198338418271-1,b_only,30,4,10,0,6,0.0,0.0,0.0,0,0.0,0.0,0.0,0.0,0.0,0.0,0.0,100.0,False,,2025-12-03-qwen3-pass-classifications
198338418271,198338418271-1,ground_truth,3,4,10,0,4,0.0,0.0,0.0,0,0.0,0.0,0.0,0.0,0.0,0.0,0.0,100.0,False,,2025-12-03-qwen3-pass-classifications
203044651594,203044651594-1,agent,64,31,21,0,10,6.0,6.0,6.0,1,16.0,27.0,2.076923076923077,224.30769230769232,0.036,12.461538461538462,108.0,79.53423701472025,False,,2025-12-03-qwen3-pass-classifications
203044651594,203044651594-1,bypass,55,22,20,0,10,3.0,3.0,3.0,1,15.0,18.0,1.5,105.48604608143,0.02344134357365111,5.860335893412778,70.32403072095333,85.12305764018915,False,,2025-12-03-qwen3-pass-classifications
203044651594,203044651594-1,a_only,55,22,20,0,10,3.0,3.0,3.0,1,15.0,18.0,1.5,105.48604608143,0.02344134357365111,5.860335893412778,70.32403072095333,85.12305764018915,False,,2025-12-03-qwen3-pass-classifications
203044651594,203044651594-1,b_only,94,45,24,0,15,10.0,10.0,10.0,1,28.0,48.0,4.363636363636363,1006.9223400382471,0.07691767875292166,55.94013000212484,230.75303625876498,71.36459872105576,False,,2025-12-03-qwen3-pass-classifications
203044651594,203044651594-1,ground_truth,55,22,20,0,10,3.0,3.0,3.0,1,15.0,18.0,1.5,105.48604608143,0.02344134357365111,5.860335893412778,70.32403072095333,85.12305764018915,False,,2025-12-03-qwen3-pass-classifications
203965744358,203965744358-1,agent,13,14,4,0,4,0.0,0.0,0.0,0,3.0,3.0,0.5,2.3774437510817346,0.0015849625007211565,0.1320802083934297,4.754887502163469,96.53517336464031,False,,2025-12-03-qwen3-pass-classifications
203965744358,203965744358-1,bypass,7,8,2,0,3,0.0,0.0,0.0,0,3.0,3.0,0.5,2.3774437510817346,0.0015849625007211565,0.1320802083934297,4.754887502163469,100.0,False,,2025-12-03-qwen3-pass-classifications
203965744358,203965744358-1,a_only,7,8,2,0,3,0.0,0.0,0.0,0,3.0,3.0,0.5,2.3774437510817346,0.0015849625007211565,0.1320802083934297,4.754887502163469,100.0,False,,2025-12-03-qwen3-pass-classifications
203965744358,203965744358-1,b_only,460,262,46,4,68,98.0,24.5,61.0,4,119.0,217.0,8.074766355140186,12081.267222496072,0.49872515154594127,671.1815123608928,1496.1754546378238,30.426363984295623,False,,2025-12-03-qwen3-pass-classifications
203965744358,203965744358-1,ground_truth,7,8,2,0,3,0.0,0.0,0.0,0,3.0,3.0,0.5,2.3774437510817346,0.0015849625007211565,0.1320802083934297,4.754887502163469,100.0,False,,2025-12-03-qwen3-pass-classifications
20517112572,20517112572-1,agent,89,57,84,16,33,0.0,0.0,0.0,0,10.0,17.0,2.142857142857143,121.0130948851825,0.01882425920436172,6.722949715843472,56.472777613085164,72.864059734373,False,,2025-12-03-qwen3-pass-classifications
20517112572,20517112572-1,bypass,89,57,85,16,32,0.0,0.0,0.0,0,10.0,17.0,2.142857142857143,121.0130948851825,0.01882425920436172,6.722949715843472,56.472777613085164,72.67507102583824,False,,2025-12-03-qwen3-pass-classifications
20517112572,20517112572-1,a_only,89,57,85,16,32,0.0,0.0,0.0,0,10.0,17.0,2.142857142857143,121.0130948851825,0.01882425920436172,6.722949715843472,56.472777613085164,72.67507102583824,False,,2025-12-03-qwen3-pass-classifications
20517112572,20517112572-1,b_only,89,57,85,16,32,0.0,0.0,0.0,0,10.0,17.0,2.142857142857143,121.0130948851825,0.01882425920436172,6.722949715843472,56.472777613085164,72.67507102583824,False,,2025-12-03-qwen3-pass-classifications
20517112572,20517112572-1,ground_truth,89,57,85,16,32,0.0,0.0,0.0,0,10.0,17.0,2.142857142857143,121.0130948851825,0.01882425920436172,6.722949715843472,56.472777613085164,72.67507102583824,False,,2025-12-03-qwen3-pass-classifications
210792438769,210792438769-1,agent,68,37,0,0,95,11.0,1.8333333333333333,3.0,6,3.0,3.0,0.5,2.3774437510817346,0.0015849625007211565,0.1320802083934297,4.754887502163469,60.10843861020929,False,,2025-12-03-qwen3-pass-classifications
210792438769,210792438769-1,bypass,68,37,0,0,16,11.0,1.8333333333333333,3.0,6,3.0,3.0,0.5,2.3774437510817346,0.0015849625007211565,0.1320802083934297,4.754887502163469,60.10843861020929,False,,2025-12-03-qwen3-pass-classifications
210792438769,210792438769-1,a_only,68,37,0,0,16,11.0,1.8333333333333333,3.0,6,3.0,3.0,0.5,2.3774437510817346,0.0015849625007211565,0.1320802083934297,4.754887502163469,60.10843861020929,False,,2025-12-03-qwen3-pass-classifications
210792438769,210792438769-1,b_only,68,37,0,0,18,11.0,1.8333333333333333,3.0,6,3.0,3.0,0.5,2.3774437510817346,0.0015849625007211565,0.1320802083934297,4.754887502163469,60.10843861020929,False,,2025-12-03-qwen3-pass-classifications
210792438769,210792438769-1,ground_truth,68,37,0,0,16,11.0,1.8333333333333333,3.0,6,3.0,3.0,0.5,2.3774437510817346,0.0015849625007211565,0.1320802083934297,4.754887502163469,60.10843861020929,False,,2025-12-03-qwen3-pass-classifications
211841636747,211841636747-1,agent,233,186,30,66,101,37.0,3.0833333333333335,12.0,12,37.0,57.0,5.241379310344827,1556.369102062387,0.09897961394695005,86.46495011457705,296.93884184085016,57.00259294276848,False,,2025-12-03-qwen3-pass-classifications
211841636747,211841636747-1,bypass,233,186,30,66,101,37.0,3.0833333333333335,12.0,12,37.0,57.0,5.241379310344827,1556.369102062387,0.09897961394695005,86.46495011457705,296.93884184085016,57.00259294276848,False,,2025-12-03-qwen3-pass-classifications
211841636747,211841636747-1,a_only,233,186,30,66,101,37.0,3.0833333333333335,12.0,12,37.0,57.0,5.241379310344827,1556.369102062387,0.09897961394695005,86.46495011457705,296.93884184085016,57.00259294276848,False,,2025-12-03-qwen3-pass-classifications
211841636747,211841636747-1,b_only,233,186,30,66,101,37.0,3.0833333333333335,12.0,12,37.0,57.0,5.241379310344827,1556.369102062387,0.09897961394695005,86.46495011457705,296.93884184085016,57.00259294276848,False,,2025-12-03-qwen3-pass-classifications
211841636747,211841636747-1,ground_truth,233,186,30,66,101,37.0,3.0833333333333335,12.0,12,37.0,57.0,5.241379310344827,1556.369102062387,0.09897961394695005,86.46495011457705,296.93884184085016,57.00259294276848,False,,2025-12-03-qwen3-pass-classifications
215446707250,215446707250-1,agent,32,35,0,0,15,6.0,2.0,4.0,3,8.0,9.0,1.0,27.0,0.009,1.5,27.0,55.622812690438,False,,2025-12-03-qwen3-pass-classifications
215446707250,215446707250-1,bypass,32,35,0,0,15,6.0,2.0,4.0,3,8.0,9.0,1.0,27.0,0.009,1.5,27.0,55.622812690438,False,,2025-12-03-qwen3-pass-classifications
215446707250,215446707250-1,a_only,32,35,0,0,15,6.0,2.0,4.0,3,8.0,9.0,1.0,27.0,0.009,1.5,27.0,55.622812690438,False,,2025-12-03-qwen3-pass-classifications
215446707250,215446707250-1,b_only,32,35,0,0,15,6.0,2.0,4.0,3,8.0,9.0,1.0,27.0,0.009,1.5,27.0,55.622812690438,False,,2025-12-03-qwen3-pass-classifications
215446707250,215446707250-1,ground_truth,32,35,0,0,15,6.0,2.0,4.0,3,8.0,9.0,1.0,27.0,0.009,1.5,27.0,55.622812690438,False,,2025-12-03-qwen3-pass-classifications
224247888380,224247888380-1,agent,1258,882,10,0,172,282.0,7.421052631578948,111.0,38,417.0,862.0,9.987593052109181,74934.56239018595,2.5009216267697667,4163.03124389922,7502.764880309301,0.0,False,,2025-12-03-qwen3-pass-classifications
224247888380,224247888380-1,bypass,1311,904,10,0,180,288.0,7.2,112.0,40,438.0,885.0,10.460992907801419,81236.79190019066,2.588562182582346,4513.1551055661475,7765.686547747038,0.0,False,,2025-12-03-qwen3-pass-classifications
224247888380,224247888380-1,a_only,1311,904,10,0,180,288.0,7.2,112.0,40,438.0,885.0,10.460992907801419,81236.79190019066,2.588562182582346,4513.1551055661475,7765.686547747038,0.0,False,,2025-12-03-qwen3-pass-classifications
224247888380,224247888380-1,b_only,1311,904,10,0,180,288.0,7.2,112.0,40,438.0,885.0,10.460992907801419,81236.79190019066,2.588562182582346,4513.1551055661475,7765.686547747038,0.0,False,,2025-12-03-qwen3-pass-classifications
224247888380,224247888380-1,ground_truth,1311,904,10,0,180,288.0,7.2,112.0,40,438.0,885.0,10.460992907801419,81236.79190019066,2.588562182582346,4513.1551055661475,7765.686547747038,0.0,False,,2025-12-03-qwen3-pass-classifications
225336541252,225336541252-1,agent,20,11,10,0,1,0.0,0.0,0.0,0,0.0,0.0,0.0,0.0,0.0,0.0,0.0,100.0,False,,2025-12-03-qwen3-pass-classifications
225336541252,225336541252-1,bypass,20,11,10,0,1,0.0,0.0,0.0,0,0.0,0.0,0.0,0.0,0.0,0.0,0.0,100.0,False,,2025-12-03-qwen3-pass-classifications
225336541252,225336541252-1,a_only,20,11,10,0,1,0.0,0.0,0.0,0,0.0,0.0,0.0,0.0,0.0,0.0,0.0,100.0,False,,2025-12-03-qwen3-pass-classifications
225336541252,225336541252-1,b_only,20,11,10,0,1,0.0,0.0,0.0,0,0.0,0.0,0.0,0.0,0.0,0.0,0.0,100.0,False,,2025-12-03-qwen3-pass-classifications
225336541252,225336541252-1,ground_truth,20,11,10,0,1,0.0,0.0,0.0,0,0.0,0.0,0.0,0.0,0.0,0.0,0.0,100.0,False,,2025-12-03-qwen3-pass-classifications
225963265278,225963265278-1,agent,271,192,26,11,57,40.0,2.857142857142857,5.0,14,52.0,78.0,1.04,462.41966993560544,0.14821143267166842,25.689981663089192,444.63429801500524,48.01324771813387,False,,2025-12-03-qwen3-pass-classifications
225963265278,225963265278-1,bypass,244,176,21,0,53,37.0,2.8461538461538463,5.0,13,47.0,69.0,1.0222222222222221,391.783667004996,0.12775554358858565,21.765759278055334,383.266630765757,45.99494947797035,False,,2025-12-03-qwen3-pass-classifications
225963265278,225963265278-1,a_only,244,176,21,0,53,37.0,2.8461538461538463,5.0,13,47.0,69.0,1.0222222222222221,391.783667004996,0.12775554358858565,21.765759278055334,383.266630765757,45.99494947797035,False,,2025-12-03-qwen3-pass-classifications
225963265278,225963265278-1,b_only,270,192,26,11,63,40.0,2.857142857142857,5.0,14,52.0,78.0,1.04,462.41966993560544,0.14821143267166842,25.689981663089192,444.63429801500524,48.043088156809624,False,,2025-12-03-qwen3-pass-classifications
225963265278,225963265278-1,ground_truth,271,192,26,11,63,40.0,2.857142857142857,5.0,14,52.0,78.0,1.04,462.41966993560544,0.14821143267166842,25.689981663089192,444.63429801500524,48.01324771813387,False,,2025-12-03-qwen3-pass-classifications
237088721185,237088721185-1,agent,288,153,11,3,31,53.0,2.789473684210526,6.0,19,38.0,50.0,4.4,1154.5440529575887,0.08746545855739309,64.1413362754216,262.39637567217926,41.30984703012984,False,,2025-12-03-qwen3-pass-classifications
237088721185,237088721185-1,bypass,288,153,11,3,31,53.0,2.789473684210526,6.0,19,38.0,50.0,4.4,1154.5440529575887,0.08746545855739309,64.1413362754216,262.39637567217926,41.30984703012984,False,,2025-12-03-qwen3-pass-classifications
237088721185,237088721185-1,a_only,288,153,11,3,31,53.0,2.789473684210526,6.0,19,38.0,50.0,4.4,1154.5440529575887,0.08746545855739309,64.1413362754216,262.39637567217926,41.30984703012984,False,,2025-12-03-qwen3-pass-classifications
237088721185,237088721185-1,b_only,287,153,11,3,31,53.0,2.789473684210526,6.0,19,38.0,50.0,4.4,1154.5440529575887,0.08746545855739309,64.1413362754216,262.39637567217926,41.330710269718956,False,,2025-12-03-qwen3-pass-classifications
237088721185,237088721185-1,ground_truth,288,153,11,3,31,53.0,2.789473684210526,6.0,19,38.0,50.0,4.4,1154.5440529575887,0.08746545855739309,64.1413362754216,262.39637567217926,41.30984703012984,False,,2025-12-03-qwen3-pass-classifications
244616072462,244616072462-1,agent,145,61,4,0,17,0.0,0.0,0.0,0,0.0,0.0,0.0,0.0,0.0,0.0,0.0,0.0,False,,2025-12-03-qwen3-pass-classifications
244616072462,244616072462-1,bypass,145,59,5,0,17,26.0,5.2,6.0,5,27.0,32.0,3.0,456.469200207693,0.05071880002307701,25.3594000115385,152.156400069231,54.24088472460924,False,,2025-12-03-qwen3-pass-classifications
244616072462,244616072462-1,a_only,145,59,5,0,17,26.0,5.2,6.0,5,27.0,32.0,3.0,456.469200207693,0.05071880002307701,25.3594000115385,152.156400069231,54.24088472460924,False,,2025-12-03-qwen3-pass-classifications
244616072462,244616072462-1,b_only,516,280,36,7,70,133.0,6.65,22.0,20,115.0,181.0,7.583333333333333,9396.0055524254,0.413011233073644,522.0003084680778,1239.033699220932,26.630175952352417,False,,2025-12-03-qwen3-pass-classifications
244616072462,244616072462-1,ground_truth,145,59,5,0,17,26.0,5.2,6.0,5,27.0,32.0,3.0,456.469200207693,0.05071880002307701,25.3594000115385,152.156400069231,54.24088472460924,False,,2025-12-03-qwen3-pass-classifications
244949141056,244949141056-1,agent,188,179,19,0,52,34.0,1.2142857142857142,2.0,28,45.0,75.0,3.1538461538461537,1299.0344824010576,0.13729632740824188,72.16858235561432,411.8889822247256,46.141452413295674,False,,2025-12-03-qwen3-pass-classifications
244949141056,244949141056-1,bypass,188,179,19,0,52,34.0,1.2142857142857142,2.0,28,45.0,75.0,3.1538461538461537,1299.0344824010576,0.13729632740824188,72.16858235561432,411.8889822247256,46.141452413295674,False,,2025-12-03-qwen3-pass-classifications
244949141056,244949141056-1,a_only,188,179,19,0,52,34.0,1.2142857142857142,2.0,28,45.0,75.0,3.1538461538461537,1299.0344824010576,0.13729632740824188,72.16858235561432,411.8889822247256,46.141452413295674,False,,2025-12-03-qwen3-pass-classifications
244949141056,244949141056-1,b_only,178,171,19,0,51,32.0,1.1851851851851851,2.0,27,45.0,75.0,3.1538461538461537,1299.0344824010576,0.13729632740824188,72.16858235561432,411.8889822247256,47.262605065546374,False,,2025-12-03-qwen3-pass-classifications
244949141056,244949141056-1,ground_truth,188,179,19,0,52,34.0,1.2142857142857142,2.0,28,45.0,75.0,3.1538461538461537,1299.0344824010576,0.13729632740824188,72.16858235561432,411.8889822247256,46.141452413295674,False,,2025-12-03-qwen3-pass-classifications
261401508580,261401508580-1,agent,209,153,13,6,43,31.0,5.166666666666667,11.0,6,53.0,72.0,4.6022727272727275,1898.0245506257147,0.13747009090951678,105.44580836809526,412.41027272855035,47.63587491410229,False,,2025-12-03-qwen3-pass-classifications
261401508580,261401508580-1,bypass,209,153,13,6,43,31.0,5.166666666666667,11.0,6,53.0,72.0,4.6022727272727275,1898.0245506257147,0.13747009090951678,105.44580836809526,412.41027272855035,47.63587491410229,False,,2025-12-03-qwen3-pass-classifications
261401508580,261401508580-1,a_only,209,153,13,6,43,31.0,5.166666666666667,11.0,6,53.0,72.0,4.6022727272727275,1898.0245506257147,0.13747009090951678,105.44580836809526,412.41027272855035,47.63587491410229,False,,2025-12-03-qwen3-pass-classifications
261401508580,261401508580-1,b_only,192,136,13,6,42,30.0,5.0,10.0,6,53.0,72.0,4.6022727272727275,1898.0245506257147,0.13747009090951678,105.44580836809526,412.41027272855035,49.521924234614325,False,,2025-12-03-qwen3-pass-classifications
261401508580,261401508580-1,ground_truth,209,153,13,6,43,31.0,5.166666666666667,11.0,6,53.0,72.0,4.6022727272727275,1898.0245506257147,0.13747009090951678,105.44580836809526,412.41027272855035,47.63587491410229,False,,2025-12-03-qwen3-pass-classifications
267252009234,267252009234-1,agent,40,24,0,0,10,1.0,1.0,1.0,1,2.0,4.0,1.0,4.0,0.0013333333333333333,0.2222222222222222,4.0,65.54198670791806,False,,2025-12-03-qwen3-pass-classifications
267252009234,267252009234-1,bypass,40,24,0,0,10,1.0,1.0,1.0,1,2.0,4.0,1.0,4.0,0.0013333333333333333,0.2222222222222222,4.0,65.54198670791806,False,,2025-12-03-qwen3-pass-classifications
267252009234,267252009234-1,a_only,40,24,0,0,10,1.0,1.0,1.0,1,2.0,4.0,1.0,4.0,0.0013333333333333333,0.2222222222222222,4.0,65.54198670791806,False,,2025-12-03-qwen3-pass-classifications
267252009234,267252009234-1,b_only,25,18,0,0,10,1.0,1.0,1.0,1,2.0,4.0,1.0,4.0,0.0013333333333333333,0.2222222222222222,4.0,68.26739581535597,False,,2025-12-03-qwen3-pass-classifications
267252009234,267252009234-1,ground_truth,40,24,0,0,10,1.0,1.0,1.0,1,2.0,4.0,1.0,4.0,0.0013333333333333333,0.2222222222222222,4.0,65.54198670791806,False,,2025-12-03-qwen3-pass-classifications
269602862582,269602862582-1,agent,189,112,24,122,54,25.0,4.166666666666667,16.0,6,61.0,147.0,12.052083333333334,10507.227871201649,0.29060612954058146,583.7348817334249,871.8183886217444,60.21299732401506,False,,2025-12-03-qwen3-pass-classifications
269602862582,269602862582-1,bypass,164,98,23,106,47,22.0,4.4,16.0,5,57.0,141.0,12.556818181818182,10327.198052919746,0.2741458306657429,573.7332251622081,822.4374919972287,61.800622219451675,False,,2025-12-03-qwen3-pass-classifications
269602862582,269602862582-1,a_only,164,98,23,106,47,22.0,4.4,16.0,5,57.0,141.0,12.556818181818182,10327.198052919746,0.2741458306657429,573.7332251622081,822.4374919972287,61.800622219451675,False,,2025-12-03-qwen3-pass-classifications
269602862582,269602862582-1,b_only,188,111,24,122,56,25.0,4.166666666666667,16.0,6,61.0,147.0,12.052083333333334,10507.227871201649,0.29060612954058146,583.7348817334249,871.8183886217444,60.26258851787114,False,,2025-12-03-qwen3-pass-classifications
269602862582,269602862582-1,ground_truth,188,111,24,122,56,25.0,4.166666666666667,16.0,6,61.0,147.0,12.052083333333334,10507.227871201649,0.29060612954058146,583.7348817334249,871.8183886217444,60.26258851787114,False,,2025-12-03-qwen3-pass-classifications
274346483862,274346483862-1,agent,17,21,0,14,12,3.0,1.5,2.0,2,3.0,3.0,0.5,2.3774437510817346,0.0015849625007211565,0.1320802083934297,4.754887502163469,93.9965204671437,False,,2025-12-03-qwen3-pass-classifications
274346483862,274346483862-1,bypass,17,21,0,14,12,3.0,1.5,2.0,2,3.0,3.0,0.5,2.3774437510817346,0.0015849625007211565,0.1320802083934297,4.754887502163469,93.9965204671437,False,,2025-12-03-qwen3-pass-classifications
274346483862,274346483862-1,a_only,17,21,0,14,12,3.0,1.5,2.0,2,3.0,3.0,0.5,2.3774437510817346,0.0015849625007211565,0.1320802083934297,4.754887502163469,93.9965204671437,False,,2025-12-03-qwen3-pass-classifications
274346483862,274346483862-1,b_only,17,21,0,14,12,3.0,1.5,2.0,2,3.0,3.0,0.5,2.3774437510817346,0.0015849625007211565,0.1320802083934297,4.754887502163469,93.9965204671437,False,,2025-12-03-qwen3-pass-classifications
274346483862,274346483862-1,ground_truth,17,21,0,14,12,3.0,1.5,2.0,2,3.0,3.0,0.5,2.3774437510817346,0.0015849625007211565,0.1320802083934297,4.754887502163469,93.9965204671437,False,,2025-12-03-qwen3-pass-classifications
27727737447,27727737447-1,agent,472,249,25,40,55,97.0,5.388888888888889,21.0,18,112.0,243.0,15.03191489361702,24865.601900880603,0.551395748686666,1381.4223278267002,1654.1872460599977,36.24466878999596,False,,2025-12-03-qwen3-pass-classifications
27727737447,27727737447-1,bypass,472,249,25,40,54,97.0,5.388888888888889,21.0,18,112.0,243.0,15.03191489361702,24865.601900880603,0.551395748686666,1381.4223278267002,1654.1872460599977,36.24466878999596,False,,2025-12-03-qwen3-pass-classifications
27727737447,27727737447-1,a_only,472,249,25,40,54,97.0,5.388888888888889,21.0,18,112.0,243.0,15.03191489361702,24865.601900880603,0.551395748686666,1381.4223278267002,1654.1872460599977,36.24466878999596,False,,2025-12-03-qwen3-pass-classifications
27727737447,27727737447-1,b_only,540,294,29,40,63,124.0,6.888888888888889,23.0,18,121.0,266.0,13.975961538461538,25721.605887410715,0.6134725403716809,1428.9781048561508,1840.4176211150425,31.86165011189115,False,,2025-12-03-qwen3-pass-classifications
27727737447,27727737447-1,ground_truth,472,249,25,40,54,97.0,5.388888888888889,21.0,18,112.0,243.0,15.03191489361702,24865.601900880603,0.551395748686666,1381.4223278267002,1654.1872460599977,36.24466878999596,False,,2025-12-03-qwen3-pass-classifications
29257980436,29257980436-1,agent,21,22,1,0,6,1.0,1.0,1.0,1,3.0,3.0,0.5,2.3774437510817346,0.0015849625007211565,0.1320802083934297,4.754887502163469,78.48134211207089,False,,2025-12-03-qwen3-pass-classifications
29257980436,29257980436-1,bypass,21,22,1,0,7,1.0,1.0,1.0,1,3.0,3.0,0.5,2.3774437510817346,0.0015849625007211565,0.1320802083934297,4.754887502163469,78.48134211207089,False,,2025-12-03-qwen3-pass-classifications
29257980436,29257980436-1,a_only,21,22,1,0,7,1.0,1.0,1.0,1,3.0,3.0,0.5,2.3774437510817346,0.0015849625007211565,0.1320802083934297,4.754887502163469,78.48134211207089,False,,2025-12-03-qwen3-pass-classifications
29257980436,29257980436-1,b_only,12,12,0,0,6,1.0,1.0,1.0,1,3.0,3.0,0.5,2.3774437510817346,0.0015849625007211565,0.1320802083934297,4.754887502163469,71.44842835188814,False,,2025-12-03-qwen3-pass-classifications
29257980436,29257980436-1,ground_truth,21,22,1,0,7,1.0,1.0,1.0,1,3.0,3.0,0.5,2.3774437510817346,0.0015849625007211565,0.1320802083934297,4.754887502163469,78.48134211207089,False,,2025-12-03-qwen3-pass-classifications
294548097682,294548097682-1,agent,0,0,0,0,0,0.0,0.0,0.0,0,0.0,0.0,0.0,0.0,0.0,0.0,0.0,0.0,False,,2025-12-03-qwen3-pass-classifications
294548097682,294548097682-1,bypass,556,298,60,136,101,81.0,10.125,18.0,8,69.0,135.0,6.675,5504.544101114228,0.27488360055501765,305.8080056174571,824.650801665053,43.21524895885164,False,,2025-12-03-qwen3-pass-classifications
294548097682,294548097682-1,a_only,556,298,60,136,101,81.0,10.125,18.0,8,69.0,135.0,6.675,5504.544101114228,0.27488360055501765,305.8080056174571,824.650801665053,43.21524895885164,False,,2025-12-03-qwen3-pass-classifications
294548097682,294548097682-1,b_only,544,291,53,124,98,76.0,9.5,16.0,8,68.0,126.0,6.330508474576271,4855.628623255631,0.2556734393325143,269.757145736424,767.0203179975429,43.82932957553405,False,,2025-12-03-qwen3-pass-classifications
294548097682,294548097682-1,ground_truth,556,298,60,136,101,81.0,10.125,18.0,8,69.0,135.0,6.675,5504.544101114228,0.27488360055501765,305.8080056174571,824.650801665053,43.21524895885164,False,,2025-12-03-qwen3-pass-classifications
301670073212,301670073212-1,agent,247,184,34,7,51,49.0,4.083333333333333,11.0,12,38.0,46.0,4.5,1086.3209952828222,0.08046822187280164,60.35116640460123,241.40466561840492,50.92435515668371,False,,2025-12-03-qwen3-pass-classifications
301670073212,301670073212-1,bypass,248,184,34,7,51,49.0,4.083333333333333,11.0,12,38.0,46.0,4.5,1086.3209952828222,0.08046822187280164,60.35116640460123,241.40466561840492,50.89122865354747,False,,2025-12-03-qwen3-pass-classifications
301670073212,301670073212-1,a_only,248,184,34,7,51,49.0,4.083333333333333,11.0,12,38.0,46.0,4.5,1086.3209952828222,0.08046822187280164,60.35116640460123,241.40466561840492,50.89122865354747,False,,2025-12-03-qwen3-pass-classifications
301670073212,301670073212-1,b_only,252,189,36,7,55,50.0,3.8461538461538463,11.0,13,38.0,46.0,4.5,1086.3209952828222,0.08046822187280164,60.35116640460123,241.40466561840492,50.89660796380854,False,,2025-12-03-qwen3-pass-classifications
301670073212,301670073212-1,ground_truth,248,184,34,7,51,49.0,4.083333333333333,11.0,12,38.0,46.0,4.5,1086.3209952828222,0.08046822187280164,60.35116640460123,241.40466561840492,50.89122865354747,False,,2025-12-03-qwen3-pass-classifications
30535717363,30535717363-1,agent,64,55,12,9,26,16.0,3.2,6.0,5,20.0,25.0,3.4285714285714284,370.4509795617739,0.03601606745739469,20.580609975654106,108.04820237218406,73.15966085957535,False,,2025-12-03-qwen3-pass-classifications
30535717363,30535717363-1,bypass,64,55,12,9,26,16.0,3.2,6.0,5,20.0,25.0,3.4285714285714284,370.4509795617739,0.03601606745739469,20.580609975654106,108.04820237218406,73.15966085957535,False,,2025-12-03-qwen3-pass-classifications
30535717363,30535717363-1,a_only,64,55,12,9,26,16.0,3.2,6.0,5,20.0,25.0,3.4285714285714284,370.4509795617739,0.03601606745739469,20.580609975654106,108.04820237218406,73.15966085957535,False,,2025-12-03-qwen3-pass-classifications
30535717363,30535717363-1,b_only,61,55,12,9,26,16.0,3.2,6.0,5,20.0,25.0,3.4285714285714284,370.4509795617739,0.03601606745739469,20.580609975654106,108.04820237218406,73.46411953139291,False,,2025-12-03-qwen3-pass-classifications
30535717363,30535717363-1,ground_truth,64,55,12,9,26,16.0,3.2,6.0,5,20.0,25.0,3.4285714285714284,370.4509795617739,0.03601606745739469,20.580609975654106,108.04820237218406,73.15966085957535,False,,2025-12-03-qwen3-pass-classifications
308257511116,308257511116-1,agent,323,234,31,83,93,109.0,5.190476190476191,16.0,21,131.0,217.0,9.051724137931034,13815.219231899206,0.5087509304445422,767.5121795499558,1526.2527913336266,41.62334921183433,False,,2025-12-03-qwen3-pass-classifications
308257511116,308257511116-1,bypass,327,240,41,82,97,110.0,5.0,16.0,22,135.0,224.0,9.0625,14365.935662013188,0.5284022312464621,798.1075367785104,1585.2066937393863,41.634395965865785,False,,2025-12-03-qwen3-pass-classifications
308257511116,308257511116-1,a_only,327,240,41,82,97,110.0,5.0,16.0,22,135.0,224.0,9.0625,14365.935662013188,0.5284022312464621,798.1075367785104,1585.2066937393863,41.634395965865785,False,,2025-12-03-qwen3-pass-classifications
308257511116,308257511116-1,b_only,327,239,45,82,98,112.0,4.869565217391305,15.0,23,138.0,231.0,9.085365853658537,14918.798980356576,0.5473563831719191,828.8221655753654,1642.0691495157573,41.60350959431491,False,,2025-12-03-qwen3-pass-classifications
308257511116,308257511116-1,ground_truth,327,240,41,82,97,110.0,5.0,16.0,22,135.0,224.0,9.0625,14365.935662013188,0.5284022312464621,798.1075367785104,1585.2066937393863,41.634395965865785,False,,2025-12-03-qwen3-pass-classifications
312813664286,312813664286-1,agent,1198,791,44,83,198,0.0,0.0,0.0,0,0.0,0.0,0.0,0.0,0.0,0.0,0.0,0.0,False,,2025-12-03-qwen3-pass-classifications
312813664286,312813664286-1,bypass,1196,789,45,83,198,293.0,4.650793650793651,15.0,63,184.0,317.0,8.4,20033.740776588616,0.794989713356691,1112.9855986993675,2384.969140070073,0.0,False,,2025-12-03-qwen3-pass-classifications
312813664286,312813664286-1,a_only,1196,789,45,83,198,293.0,4.650793650793651,15.0,63,184.0,317.0,8.4,20033.740776588616,0.794989713356691,1112.9855986993675,2384.969140070073,0.0,False,,2025-12-03-qwen3-pass-classifications
312813664286,312813664286-1,b_only,1196,789,45,83,198,293.0,4.650793650793651,15.0,63,184.0,317.0,8.4,20033.740776588616,0.794989713356691,1112.9855986993675,2384.969140070073,0.0,False,,2025-12-03-qwen3-pass-classifications
312813664286,312813664286-1,ground_truth,1196,789,45,83,198,293.0,4.650793650793651,15.0,63,184.0,317.0,8.4,20033.740776588616,0.794989713356691,1112.9855986993675,2384.969140070073,0.0,False,,2025-12-03-qwen3-pass-classifications
317394731630,317394731630-1,agent,332,235,38,29,49,83.0,9.222222222222221,34.0,9,89.0,150.0,7.558441558441558,7341.967902900863,0.32378667154831986,407.8871057167146,971.3600146449596,40.72605446412955,False,,2025-12-03-qwen3-pass-classifications
317394731630,317394731630-1,bypass,339,240,40,29,48,85.0,9.444444444444445,34.0,9,88.0,149.0,7.578947368421052,7294.398147867467,0.32081843705898583,405.2443415481926,962.4553111769575,40.35503535552883,False,,2025-12-03-qwen3-pass-classifications
317394731630,317394731630-1,a_only,339,240,40,29,48,85.0,9.444444444444445,34.0,9,88.0,149.0,7.578947368421052,7294.398147867467,0.32081843705898583,405.2443415481926,962.4553111769575,40.35503535552883,False,,2025-12-03-qwen3-pass-classifications
317394731630,317394731630-1,b_only,331,236,40,29,46,85.0,9.444444444444445,34.0,9,86.0,146.0,7.621621621621622,7150.869526502562,0.31274488472883544,397.2705292501423,938.2346541865063,40.785305211872284,False,,2025-12-03-qwen3-pass-classifications
317394731630,317394731630-1,ground_truth,339,240,40,29,48,85.0,9.444444444444445,34.0,9,88.0,149.0,7.578947368421052,7294.398147867467,0.32081843705898583,405.2443415481926,962.4553111769575,40.35503535552883,False,,2025-12-03-qwen3-pass-classifications
321367039584,321367039584-1,agent,20,11,10,0,1,0.0,0.0,0.0,0,0.0,0.0,0.0,0.0,0.0,0.0,0.0,100.0,False,,2025-12-03-qwen3-pass-classifications
321367039584,321367039584-1,bypass,20,11,10,0,1,0.0,0.0,0.0,0,0.0,0.0,0.0,0.0,0.0,0.0,0.0,100.0,False,,2025-12-03-qwen3-pass-classifications
321367039584,321367039584-1,a_only,20,11,10,0,1,0.0,0.0,0.0,0,0.0,0.0,0.0,0.0,0.0,0.0,0.0,100.0,False,,2025-12-03-qwen3-pass-classifications
321367039584,321367039584-1,b_only,20,11,10,0,1,0.0,0.0,0.0,0,0.0,0.0,0.0,0.0,0.0,0.0,0.0,100.0,False,,2025-12-03-qwen3-pass-classifications
321367039584,321367039584-1,ground_truth,20,11,10,0,1,0.0,0.0,0.0,0,0.0,0.0,0.0,0.0,0.0,0.0,0.0,100.0,False,,2025-12-03-qwen3-pass-classifications
335674275872,335674275872-1,agent,204,138,3,0,25,43.0,3.5833333333333335,16.0,12,83.0,168.0,12.352941176470589,13230.081831642327,0.3570022081554278,735.0045462023514,1071.0066244662835,34.53419547480374,False,,2025-12-03-qwen3-pass-classifications
335674275872,335674275872-1,bypass,204,138,3,0,23,43.0,3.5833333333333335,16.0,12,83.0,168.0,12.352941176470589,13230.081831642327,0.3570022081554278,735.0045462023514,1071.0066244662835,34.53419547480374,False,,2025-12-03-qwen3-pass-classifications
335674275872,335674275872-1,a_only,204,138,3,0,23,43.0,3.5833333333333335,16.0,12,83.0,168.0,12.352941176470589,13230.081831642327,0.3570022081554278,735.0045462023514,1071.0066244662835,34.53419547480374,False,,2025-12-03-qwen3-pass-classifications
335674275872,335674275872-1,b_only,199,133,2,0,23,41.0,3.727272727272727,15.0,11,74.0,153.0,12.966101694915254,12318.397782712553,0.3166821216470765,684.3554323729196,950.0463649412295,34.4118970028802,False,,2025-12-03-qwen3-pass-classifications
335674275872,335674275872-1,ground_truth,204,138,3,0,23,43.0,3.5833333333333335,16.0,12,83.0,168.0,12.352941176470589,13230.081831642327,0.3570022081554278,735.0045462023514,1071.0066244662835,34.53419547480374,False,,2025-12-03-qwen3-pass-classifications
335757919983,335757919983-1,agent,969,837,193,24,405,335.0,3.2211538461538463,9.0,104,342.0,701.0,9.18693009118541,54211.29002308838,1.9669715376450045,3011.7383346160213,5900.914612935014,2.927734309747949,False,,2025-12-03-qwen3-pass-classifications
335757919983,335757919983-1,bypass,224,152,1360,12,58,16.0,1.0,1.0,16,2.0,2.0,0.5,1.0,0.0006666666666666666,0.05555555555555555,2.0,23.4140156645301,False,,2025-12-03-qwen3-pass-classifications
335757919983,335757919983-1,a_only,224,152,1360,12,58,16.0,1.0,1.0,16,2.0,2.0,0.5,1.0,0.0006666666666666666,0.05555555555555555,2.0,23.4140156645301,False,,2025-12-03-qwen3-pass-classifications
335757919983,335757919983-1,b_only,984,849,195,24,410,335.0,3.2211538461538463,9.0,104,342.0,701.0,9.18693009118541,54211.29002308838,1.9669715376450045,3011.7383346160213,5900.914612935014,2.743477232476912,False,,2025-12-03-qwen3-pass-classifications
335757919983,335757919983-1,ground_truth,224,152,1360,12,58,16.0,1.0,1.0,16,2.0,2.0,0.5,1.0,0.0006666666666666666,0.05555555555555555,2.0,23.4140156645301,False,,2025-12-03-qwen3-pass-classifications
339104788355,339104788355-1,agent,419,304,128,13,151,105.0,5.0,15.0,21,123.0,228.0,8.981818181818182,14217.25988664308,0.5276311024057823,789.8477714801711,1582.8933072173468,39.2772006403477,False,,2025-12-03-qwen3-pass-classifications
339104788355,339104788355-1,bypass,419,304,128,13,151,105.0,5.0,15.0,21,123.0,228.0,8.981818181818182,14217.25988664308,0.5276311024057823,789.8477714801711,1582.8933072173468,39.2772006403477,False,,2025-12-03-qwen3-pass-classifications
339104788355,339104788355-1,a_only,419,304,128,13,151,105.0,5.0,15.0,21,123.0,228.0,8.981818181818182,14217.25988664308,0.5276311024057823,789.8477714801711,1582.8933072173468,39.2772006403477,False,,2025-12-03-qwen3-pass-classifications
339104788355,339104788355-1,b_only,418,304,128,13,151,105.0,5.0,15.0,21,123.0,228.0,8.981818181818182,14217.25988664308,0.5276311024057823,789.8477714801711,1582.8933072173468,39.29231855707245,False,,2025-12-03-qwen3-pass-classifications
339104788355,339104788355-1,ground_truth,419,304,128,13,151,105.0,5.0,15.0,21,123.0,228.0,8.981818181818182,14217.25988664308,0.5276311024057823,789.8477714801711,1582.8933072173468,39.2772006403477,False,,2025-12-03-qwen3-pass-classifications
344627870147,344627870147-1,agent,186,192,13,310,131,55.0,1.896551724137931,6.0,29,47.0,61.0,6.111111111111111,2070.627288597608,0.11294330665077863,115.03484936653379,338.8299199523359,37.300581379026724,False,,2025-12-03-qwen3-pass-classifications
344627870147,344627870147-1,bypass,204,210,13,310,135,60.0,1.7142857142857142,6.0,35,47.0,61.0,6.111111111111111,2070.627288597608,0.11294330665077863,115.03484936653379,338.8299199523359,38.85118297907788,False,,2025-12-03-qwen3-pass-classifications
344627870147,344627870147-1,a_only,204,210,13,310,135,60.0,1.7142857142857142,6.0,35,47.0,61.0,6.111111111111111,2070.627288597608,0.11294330665077863,115.03484936653379,338.8299199523359,38.85118297907788,False,,2025-12-03-qwen3-pass-classifications
344627870147,344627870147-1,b_only,167,172,11,310,128,48.0,1.7142857142857142,5.0,28,45.0,58.0,6.147058823529412,1958.0071539325977,0.10617582652904038,108.77817521847766,318.52747958712115,35.420608203589076,False,,2025-12-03-qwen3-pass-classifications
344627870147,344627870147-1,ground_truth,204,210,13,310,136,60.0,1.7142857142857142,6.0,35,47.0,61.0,6.111111111111111,2070.627288597608,0.11294330665077863,115.03484936653379,338.8299199523359,38.85118297907788,False,,2025-12-03-qwen3-pass-classifications
345971295844,345971295844-1,agent,332,356,14,58,77,0.0,0.0,0.0,0,0.0,0.0,0.0,0.0,0.0,0.0,0.0,0.0,False,,2025-12-03-qwen3-pass-classifications
345971295844,345971295844-1,bypass,330,354,15,58,76,71.0,1.5777777777777777,9.0,45,36.0,54.0,4.857142857142857,1355.9974718068693,0.09305865002596161,75.33319287815941,279.17595007788486,42.45303415073794,False,,2025-12-03-qwen3-pass-classifications
345971295844,345971295844-1,a_only,330,354,15,58,76,71.0,1.5777777777777777,9.0,45,36.0,54.0,4.857142857142857,1355.9974718068693,0.09305865002596161,75.33319287815941,279.17595007788486,42.45303415073794,False,,2025-12-03-qwen3-pass-classifications
345971295844,345971295844-1,b_only,321,343,14,58,75,68.0,1.5813953488372092,9.0,43,36.0,52.0,4.714285714285714,1267.3701860678582,0.08961203335833341,70.40945478154768,268.8361000750002,43.38106316577568,False,,2025-12-03-qwen3-pass-classifications
345971295844,345971295844-1,ground_truth,330,354,14,58,76,70.0,1.5555555555555556,9.0,45,36.0,52.0,4.714285714285714,1267.3701860678582,0.08961203335833341,70.40945478154768,268.8361000750002,42.591784952218035,False,,2025-12-03-qwen3-pass-classifications
353945844563,353945844563-1,agent,150,100,22,35,22,28.0,3.5,8.0,8,21.0,31.0,3.125,425.5057503316924,0.04538728003538052,23.63920835176069,136.16184010614157,65.92186147957958,False,,2025-12-03-qwen3-pass-classifications
353945844563,353945844563-1,bypass,150,100,22,35,22,28.0,3.5,8.0,8,21.0,31.0,3.125,425.5057503316924,0.04538728003538052,23.63920835176069,136.16184010614157,65.92186147957958,False,,2025-12-03-qwen3-pass-classifications
353945844563,353945844563-1,a_only,150,100,22,35,22,28.0,3.5,8.0,8,21.0,31.0,3.125,425.5057503316924,0.04538728003538052,23.63920835176069,136.16184010614157,65.92186147957958,False,,2025-12-03-qwen3-pass-classifications
353945844563,353945844563-1,b_only,150,100,22,35,22,28.0,3.5,8.0,8,21.0,31.0,3.125,425.5057503316924,0.04538728003538052,23.63920835176069,136.16184010614157,65.92186147957958,False,,2025-12-03-qwen3-pass-classifications
353945844563,353945844563-1,ground_truth,150,100,22,35,22,28.0,3.5,8.0,8,21.0,31.0,3.125,425.5057503316924,0.04538728003538052,23.63920835176069,136.16184010614157,65.92186147957958,False,,2025-12-03-qwen3-pass-classifications
367291325779,367291325779-1,agent,3,3,0,0,0,0.0,0.0,0.0,0,3.0,3.0,0.5,2.3774437510817346,0.0015849625007211565,0.1320802083934297,4.754887502163469,84.58174335197131,False,,2025-12-03-qwen3-pass-classifications
367291325779,367291325779-1,bypass,3,3,0,0,0,0.0,0.0,0.0,0,3.0,3.0,0.5,2.3774437510817346,0.0015849625007211565,0.1320802083934297,4.754887502163469,84.58174335197131,False,,2025-12-03-qwen3-pass-classifications
367291325779,367291325779-1,a_only,3,3,0,0,0,0.0,0.0,0.0,0,3.0,3.0,0.5,2.3774437510817346,0.0015849625007211565,0.1320802083934297,4.754887502163469,84.58174335197131,False,,2025-12-03-qwen3-pass-classifications
367291325779,367291325779-1,b_only,3,3,0,0,0,0.0,0.0,0.0,0,3.0,3.0,0.5,2.3774437510817346,0.0015849625007211565,0.1320802083934297,4.754887502163469,84.58174335197131,False,,2025-12-03-qwen3-pass-classifications
367291325779,367291325779-1,ground_truth,3,3,0,0,0,0.0,0.0,0.0,0,3.0,3.0,0.5,2.3774437510817346,0.0015849625007211565,0.1320802083934297,4.754887502163469,84.58174335197131,False,,2025-12-03-qwen3-pass-classifications
372317095679,372317095679-1,agent,118,77,17,28,30,10.0,3.3333333333333335,6.0,3,30.0,44.0,5.090909090909091,1099.143493416308,0.07196772873559161,61.063527412017116,215.90318620677482,69.43635942937,False,,2025-12-03-qwen3-pass-classifications
372317095679,372317095679-1,bypass,117,76,15,28,29,10.0,3.3333333333333335,6.0,3,30.0,44.0,5.090909090909091,1099.143493416308,0.07196772873559161,61.063527412017116,215.90318620677482,69.3558877212678,False,,2025-12-03-qwen3-pass-classifications
372317095679,372317095679-1,a_only,117,76,15,28,29,10.0,3.3333333333333335,6.0,3,30.0,44.0,5.090909090909091,1099.143493416308,0.07196772873559161,61.063527412017116,215.90318620677482,69.3558877212678,False,,2025-12-03-qwen3-pass-classifications
372317095679,372317095679-1,b_only,92,57,14,19,21,4.0,2.0,3.0,2,24.0,32.0,5.25,770.2737001211543,0.04890626667435901,42.792983340064126,146.71880002307702,73.78805717522441,False,,2025-12-03-qwen3-pass-classifications
372317095679,372317095679-1,ground_truth,117,76,15,28,29,10.0,3.3333333333333335,6.0,3,30.0,44.0,5.090909090909091,1099.143493416308,0.07196772873559161,61.063527412017116,215.90318620677482,69.3558877212678,False,,2025-12-03-qwen3-pass-classifications
378025367584,378025367584-1,agent,244,151,18,5,57,46.0,5.111111111111111,11.0,9,35.0,50.0,4.0,1025.8566033889933,0.08548805028241611,56.99203352161074,256.46415084724833,47.86070040653208,False,,2025-12-03-qwen3-pass-classifications
378025367584,378025367584-1,bypass,244,151,18,5,56,46.0,5.111111111111111,11.0,9,35.0,50.0,4.0,1025.8566033889933,0.08548805028241611,56.99203352161074,256.46415084724833,47.86070040653208,False,,2025-12-03-qwen3-pass-classifications
378025367584,378025367584-1,a_only,244,151,18,5,56,46.0,5.111111111111111,11.0,9,35.0,50.0,4.0,1025.8566033889933,0.08548805028241611,56.99203352161074,256.46415084724833,47.86070040653208,False,,2025-12-03-qwen3-pass-classifications
378025367584,378025367584-1,b_only,244,151,18,5,56,46.0,5.111111111111111,11.0,9,35.0,50.0,4.0,1025.8566033889933,0.08548805028241611,56.99203352161074,256.46415084724833,47.86070040653208,False,,2025-12-03-qwen3-pass-classifications
378025367584,378025367584-1,ground_truth,244,151,18,5,56,46.0,5.111111111111111,11.0,9,35.0,50.0,4.0,1025.8566033889933,0.08548805028241611,56.99203352161074,256.46415084724833,47.86070040653208,False,,2025-12-03-qwen3-pass-classifications
378868780282,378868780282-1,agent,95,105,36,0,31,12.0,1.5,3.0,8,5.0,7.0,1.3333333333333333,21.67132888561538,0.005417832221403845,1.2039627158675212,16.253496664211536,73.92578257435387,False,,2025-12-03-qwen3-pass-classifications
378868780282,378868780282-1,bypass,95,105,36,0,31,12.0,1.5,3.0,8,5.0,7.0,1.3333333333333333,21.67132888561538,0.005417832221403845,1.2039627158675212,16.253496664211536,73.92578257435387,False,,2025-12-03-qwen3-pass-classifications
378868780282,378868780282-1,a_only,95,105,36,0,31,12.0,1.5,3.0,8,5.0,7.0,1.3333333333333333,21.67132888561538,0.005417832221403845,1.2039627158675212,16.253496664211536,73.92578257435387,False,,2025-12-03-qwen3-pass-classifications
378868780282,378868780282-1,b_only,95,105,36,0,31,12.0,1.5,3.0,8,5.0,7.0,1.3333333333333333,21.67132888561538,0.005417832221403845,1.2039627158675212,16.253496664211536,73.92578257435387,False,,2025-12-03-qwen3-pass-classifications
378868780282,378868780282-1,ground_truth,95,105,36,0,31,12.0,1.5,3.0,8,5.0,7.0,1.3333333333333333,21.67132888561538,0.005417832221403845,1.2039627158675212,16.253496664211536,73.92578257435387,False,,2025-12-03-qwen3-pass-classifications
39531423584,39531423584-1,agent,175,110,25,0,34,30.0,3.75,9.0,8,21.0,38.0,2.9411764705882355,490.9060648988027,0.05563602068853097,27.272559161044594,166.9080620655929,56.905299822615945,False,,2025-12-03-qwen3-pass-classifications
39531423584,39531423584-1,bypass,175,110,25,0,33,30.0,3.75,9.0,8,21.0,38.0,2.9411764705882355,490.9060648988027,0.05563602068853097,27.272559161044594,166.9080620655929,56.905299822615945,False,,2025-12-03-qwen3-pass-classifications
39531423584,39531423584-1,a_only,175,110,25,0,33,30.0,3.75,9.0,8,21.0,38.0,2.9411764705882355,490.9060648988027,0.05563602068853097,27.272559161044594,166.9080620655929,56.905299822615945,False,,2025-12-03-qwen3-pass-classifications
39531423584,39531423584-1,b_only,173,110,25,0,33,30.0,3.75,9.0,8,21.0,38.0,2.9411764705882355,490.9060648988027,0.05563602068853097,27.272559161044594,166.9080620655929,56.998626632078384,False,,2025-12-03-qwen3-pass-classifications
39531423584,39531423584-1,ground_truth,175,110,25,0,33,30.0,3.75,9.0,8,21.0,38.0,2.9411764705882355,490.9060648988027,0.05563602068853097,27.272559161044594,166.9080620655929,56.905299822615945,False,,2025-12-03-qwen3-pass-classifications
402397190052,402397190052-1,agent,177,148,17,10,47,3.0,3.0,3.0,1,99.0,180.0,10.714285714285714,12785.18776729639,0.3977613972047766,710.2882092942439,1193.2841916143298,47.70505543401191,False,,2025-12-03-qwen3-pass-classifications
402397190052,402397190052-1,bypass,177,148,16,10,45,3.0,3.0,3.0,1,99.0,180.0,10.714285714285714,12785.18776729639,0.3977613972047766,710.2882092942439,1193.2841916143298,47.39742104286221,False,,2025-12-03-qwen3-pass-classifications
402397190052,402397190052-1,a_only,177,148,16,10,45,3.0,3.0,3.0,1,99.0,180.0,10.714285714285714,12785.18776729639,0.3977613972047766,710.2882092942439,1193.2841916143298,47.39742104286221,False,,2025-12-03-qwen3-pass-classifications
402397190052,402397190052-1,b_only,159,140,19,10,48,3.0,3.0,3.0,1,89.0,164.0,10.173333333333334,10804.286342449162,0.35400676089282973,600.2381301360646,1062.0202826784891,50.31903715229205,False,,2025-12-03-qwen3-pass-classifications
402397190052,402397190052-1,ground_truth,177,148,16,10,45,3.0,3.0,3.0,1,99.0,180.0,10.714285714285714,12785.18776729639,0.3977613972047766,710.2882092942439,1193.2841916143298,47.39742104286221,False,,2025-12-03-qwen3-pass-classifications
408097521578,408097521578-1,agent,151,70,5,12,33,9.0,4.5,6.0,2,31.0,51.0,2.5185185185185186,636.3389927563587,0.0842213372765769,35.35216626424215,252.66401182973067,60.44830939667774,False,,2025-12-03-qwen3-pass-classifications
408097521578,408097521578-1,bypass,147,69,5,12,32,9.0,4.5,6.0,2,31.0,51.0,2.5185185185185186,636.3389927563587,0.0842213372765769,35.35216626424215,252.66401182973067,60.79475598870106,False,,2025-12-03-qwen3-pass-classifications
408097521578,408097521578-1,a_only,147,69,5,12,32,9.0,4.5,6.0,2,31.0,51.0,2.5185185185185186,636.3389927563587,0.0842213372765769,35.35216626424215,252.66401182973067,60.79475598870106,False,,2025-12-03-qwen3-pass-classifications
408097521578,408097521578-1,b_only,252,104,5,12,46,18.0,2.5714285714285716,6.0,7,51.0,87.0,2.4680851063829787,1218.0024798122624,0.1645003349171734,67.66680443401458,493.50100475152016,50.38116748859493,False,,2025-12-03-qwen3-pass-classifications
408097521578,408097521578-1,ground_truth,147,69,5,12,32,9.0,4.5,6.0,2,31.0,51.0,2.5185185185185186,636.3389927563587,0.0842213372765769,35.35216626424215,252.66401182973067,60.79475598870106,False,,2025-12-03-qwen3-pass-classifications
414708677549,414708677549-1,agent,155,47,2,8,36,19.0,2.375,7.0,8,11.0,20.0,1.4444444444444444,99.93913564952193,0.023062877457581985,5.552174202751218,69.18863237274596,63.58087804433791,False,,2025-12-03-qwen3-pass-classifications
414708677549,414708677549-1,bypass,155,47,6,8,35,19.0,2.375,7.0,8,11.0,20.0,1.4444444444444444,99.93913564952193,0.023062877457581985,5.552174202751218,69.18863237274596,65.946825504655,False,,2025-12-03-qwen3-pass-classifications
414708677549,414708677549-1,a_only,155,47,6,8,35,19.0,2.375,7.0,8,11.0,20.0,1.4444444444444444,99.93913564952193,0.023062877457581985,5.552174202751218,69.18863237274596,65.946825504655,False,,2025-12-03-qwen3-pass-classifications
414708677549,414708677549-1,b_only,98,44,2,20,26,18.0,1.8,5.0,10,6.0,8.0,1.25,25.84962500721156,0.006893233335256416,1.43609027817842,20.67970000576925,77.50193393993545,False,,2025-12-03-qwen3-pass-classifications
414708677549,414708677549-1,ground_truth,155,47,6,8,35,19.0,2.375,7.0,8,11.0,20.0,1.4444444444444444,99.93913564952193,0.023062877457581985,5.552174202751218,69.18863237274596,65.946825504655,False,,2025-12-03-qwen3-pass-classifications
416185060925,416185060925-1,agent,210,122,30,10,45,23.0,3.8333333333333335,14.0,6,64.0,109.0,7.471698113207547,4886.490566037736,0.218,271.4716981132076,654.0,55.20072199353087,False,,2025-12-03-qwen3-pass-classifications
416185060925,416185060925-1,bypass,210,122,30,10,45,23.0,3.8333333333333335,14.0,6,64.0,109.0,7.471698113207547,4886.490566037736,0.218,271.4716981132076,654.0,55.20072199353087,False,,2025-12-03-qwen3-pass-classifications
416185060925,416185060925-1,a_only,210,122,30,10,45,23.0,3.8333333333333335,14.0,6,64.0,109.0,7.471698113207547,4886.490566037736,0.218,271.4716981132076,654.0,55.20072199353087,False,,2025-12-03-qwen3-pass-classifications
416185060925,416185060925-1,b_only,210,122,30,10,45,23.0,3.8333333333333335,14.0,6,64.0,109.0,7.471698113207547,4886.490566037736,0.218,271.4716981132076,654.0,55.20072199353087,False,,2025-12-03-qwen3-pass-classifications
416185060925,416185060925-1,ground_truth,210,122,30,10,45,23.0,3.8333333333333335,14.0,6,64.0,109.0,7.471698113207547,4886.490566037736,0.218,271.4716981132076,654.0,55.20072199353087,False,,2025-12-03-qwen3-pass-classifications
421117117299,421117117299-1,agent,157,66,10,5,26,24.0,12.0,12.0,2,24.0,43.0,2.8,552.0294850868272,0.06571779584366991,30.668304727045957,197.15338753100974,58.61970564493432,False,,2025-12-03-qwen3-pass-classifications
421117117299,421117117299-1,bypass,146,63,9,5,25,23.0,11.5,12.0,2,23.0,41.0,2.8421052631578947,527.1140089847488,0.061822013399445847,29.28411161026382,185.46604019833754,59.408146025492364,False,,2025-12-03-qwen3-pass-classifications
421117117299,421117117299-1,a_only,146,63,9,5,25,23.0,11.5,12.0,2,23.0,41.0,2.8421052631578947,527.1140089847488,0.061822013399445847,29.28411161026382,185.46604019833754,59.408146025492364,False,,2025-12-03-qwen3-pass-classifications
421117117299,421117117299-1,b_only,130,45,9,5,20,12.0,6.0,11.0,2,12.0,17.0,1.8333333333333333,111.73133127247604,0.020314787504086555,6.2072961818042245,60.94436251225966,68.34461447420094,False,,2025-12-03-qwen3-pass-classifications
421117117299,421117117299-1,ground_truth,146,63,9,5,25,23.0,11.5,12.0,2,23.0,41.0,2.8421052631578947,527.1140089847488,0.061822013399445847,29.28411161026382,185.46604019833754,59.408146025492364,False,,2025-12-03-qwen3-pass-classifications
437910407439,437910407439-1,agent,241,198,21,6,60,55.0,3.9285714285714284,10.0,14,39.0,60.0,7.071428571428571,2242.5206557172683,0.10570804437724497,124.58448087318158,317.12413313173494,44.3540440610956,False,,2025-12-03-qwen3-pass-classifications
437910407439,437910407439-1,bypass,241,198,22,6,60,55.0,3.9285714285714284,10.0,14,39.0,60.0,7.071428571428571,2242.5206557172683,0.10570804437724497,124.58448087318158,317.12413313173494,44.638681963557175,False,,2025-12-03-qwen3-pass-classifications
437910407439,437910407439-1,a_only,241,198,22,6,60,55.0,3.9285714285714284,10.0,14,39.0,60.0,7.071428571428571,2242.5206557172683,0.10570804437724497,124.58448087318158,317.12413313173494,44.638681963557175,False,,2025-12-03-qwen3-pass-classifications
437910407439,437910407439-1,b_only,241,198,21,6,60,55.0,3.9285714285714284,10.0,14,39.0,60.0,7.071428571428571,2242.5206557172683,0.10570804437724497,124.58448087318158,317.12413313173494,44.3540440610956,False,,2025-12-03-qwen3-pass-classifications
437910407439,437910407439-1,ground_truth,241,198,22,6,60,55.0,3.9285714285714284,10.0,14,39.0,60.0,7.071428571428571,2242.5206557172683,0.10570804437724497,124.58448087318158,317.12413313173494,44.638681963557175,False,,2025-12-03-qwen3-pass-classifications
455519918518,455519918518-1,agent,175,138,6,6,31,38.0,2.923076923076923,8.0,13,21.0,29.0,2.96875,378.15107811735896,0.04245906842019469,21.008393228742165,127.37720526058406,51.39263503715577,False,,2025-12-03-qwen3-pass-classifications
455519918518,455519918518-1,bypass,177,138,6,6,31,38.0,2.923076923076923,8.0,13,21.0,29.0,2.96875,378.15107811735896,0.04245906842019469,21.008393228742165,127.37720526058406,51.31558484005415,False,,2025-12-03-qwen3-pass-classifications
455519918518,455519918518-1,a_only,177,138,6,6,31,38.0,2.923076923076923,8.0,13,21.0,29.0,2.96875,378.15107811735896,0.04245906842019469,21.008393228742165,127.37720526058406,51.31558484005415,False,,2025-12-03-qwen3-pass-classifications
455519918518,455519918518-1,b_only,170,132,6,6,29,37.0,3.0833333333333335,8.0,12,21.0,29.0,2.96875,378.15107811735896,0.04245906842019469,21.008393228742165,127.37720526058406,52.14614030788459,False,,2025-12-03-qwen3-pass-classifications
455519918518,455519918518-1,ground_truth,177,138,6,6,31,38.0,2.923076923076923,8.0,13,21.0,29.0,2.96875,378.15107811735896,0.04245906842019469,21.008393228742165,127.37720526058406,51.31558484005415,False,,2025-12-03-qwen3-pass-classifications
45626539229,45626539229-1,agent,212,187,11,0,51,83.0,2.1842105263157894,3.0,38,43.0,93.0,0.7380952380952381,372.4743163763369,0.16821420739576504,20.693017576463163,504.6426221872951,36.33630869231461,False,,2025-12-03-qwen3-pass-classifications
45626539229,45626539229-1,bypass,221,194,11,0,52,88.0,2.2,3.0,40,44.0,96.0,0.7441860465116279,390.03195191752974,0.17470181179639352,21.668441773196097,524.1054353891806,35.35055916548914,False,,2025-12-03-qwen3-pass-classifications
45626539229,45626539229-1,a_only,221,194,11,0,52,88.0,2.2,3.0,40,44.0,96.0,0.7441860465116279,390.03195191752974,0.17470181179639352,21.668441773196097,524.1054353891806,35.35055916548914,False,,2025-12-03-qwen3-pass-classifications
45626539229,45626539229-1,b_only,109,98,11,0,33,44.0,2.2,3.0,20,24.0,48.0,0.6956521739130435,153.09787828494993,0.07335940001153851,8.505437682497218,220.07820003461552,53.60900281183222,False,,2025-12-03-qwen3-pass-classifications
45626539229,45626539229-1,ground_truth,221,194,11,0,52,88.0,2.2,3.0,40,44.0,96.0,0.7441860465116279,390.03195191752974,0.17470181179639352,21.668441773196097,524.1054353891806,35.35055916548914,False,,2025-12-03-qwen3-pass-classifications
460745724041,460745724041-1,agent,437,283,29,0,86,68.0,4.857142857142857,10.0,14,77.0,126.0,6.75,5329.901952861014,0.2632050347091859,296.1056640478341,789.6151041275576,33.70841938698031,False,,2025-12-03-qwen3-pass-classifications
460745724041,460745724041-1,bypass,416,274,28,0,86,66.0,4.714285714285714,9.0,14,77.0,126.0,6.75,5329.901952861014,0.2632050347091859,296.1056640478341,789.6151041275576,34.37894098929649,False,,2025-12-03-qwen3-pass-classifications
460745724041,460745724041-1,a_only,416,274,28,0,86,66.0,4.714285714285714,9.0,14,77.0,126.0,6.75,5329.901952861014,0.2632050347091859,296.1056640478341,789.6151041275576,34.37894098929649,False,,2025-12-03-qwen3-pass-classifications
460745724041,460745724041-1,b_only,418,276,28,0,87,66.0,4.714285714285714,9.0,14,77.0,126.0,6.75,5329.901952861014,0.2632050347091859,296.1056640478341,789.6151041275576,34.27768979416583,False,,2025-12-03-qwen3-pass-classifications
460745724041,460745724041-1,ground_truth,418,276,28,0,87,66.0,4.714285714285714,9.0,14,77.0,126.0,6.75,5329.901952861014,0.2632050347091859,296.1056640478341,789.6151041275576,34.27768979416583,False,,2025-12-03-qwen3-pass-classifications
463396529884,463396529884-1,agent,92,80,12,0,33,25.0,3.5714285714285716,9.0,7,37.0,59.0,5.241379310344827,1610.9785442400146,0.10245258285736936,89.49880801333414,307.35774857210805,58.004044913059374,False,,2025-12-03-qwen3-pass-classifications
463396529884,463396529884-1,bypass,92,80,12,0,33,25.0,3.5714285714285716,9.0,7,37.0,59.0,5.241379310344827,1610.9785442400146,0.10245258285736936,89.49880801333414,307.35774857210805,58.004044913059374,False,,2025-12-03-qwen3-pass-classifications
463396529884,463396529884-1,a_only,92,80,12,0,33,25.0,3.5714285714285716,9.0,7,37.0,59.0,5.241379310344827,1610.9785442400146,0.10245258285736936,89.49880801333414,307.35774857210805,58.004044913059374,False,,2025-12-03-qwen3-pass-classifications
463396529884,463396529884-1,b_only,92,80,12,0,33,25.0,3.5714285714285716,9.0,7,37.0,59.0,5.241379310344827,1610.9785442400146,0.10245258285736936,89.49880801333414,307.35774857210805,58.004044913059374,False,,2025-12-03-qwen3-pass-classifications
463396529884,463396529884-1,ground_truth,92,80,12,0,33,25.0,3.5714285714285716,9.0,7,37.0,59.0,5.241379310344827,1610.9785442400146,0.10245258285736936,89.49880801333414,307.35774857210805,58.004044913059374,False,,2025-12-03-qwen3-pass-classifications
46568911574,46568911574-1,agent,286,307,45,0,69,111.0,2.3617021276595747,7.0,47,84.0,119.0,4.105263157894737,3122.815279906971,0.2535619244368908,173.48973777260952,760.6857733106724,34.21042886710215,False,,2025-12-03-qwen3-pass-classifications
46568911574,46568911574-1,bypass,286,307,45,0,69,111.0,2.3617021276595747,7.0,47,84.0,119.0,4.105263157894737,3122.815279906971,0.2535619244368908,173.48973777260952,760.6857733106724,34.21042886710215,False,,2025-12-03-qwen3-pass-classifications
46568911574,46568911574-1,a_only,286,307,45,0,69,111.0,2.3617021276595747,7.0,47,84.0,119.0,4.105263157894737,3122.815279906971,0.2535619244368908,173.48973777260952,760.6857733106724,34.21042886710215,False,,2025-12-03-qwen3-pass-classifications
46568911574,46568911574-1,b_only,274,294,45,0,64,105.0,2.3333333333333335,7.0,45,76.0,107.0,4.117647058823529,2752.7633573936737,0.2228427479794879,152.93129763298188,668.5282439384637,36.171101852249016,False,,2025-12-03-qwen3-pass-classifications
46568911574,46568911574-1,ground_truth,286,307,45,0,69,111.0,2.3617021276595747,7.0,47,84.0,119.0,4.105263157894737,3122.815279906971,0.2535619244368908,173.48973777260952,760.6857733106724,34.21042886710215,False,,2025-12-03-qwen3-pass-classifications
469334552230,469334552230-1,agent,40,45,5,0,72,15.0,1.6666666666666667,4.0,9,13.0,15.0,2.2222222222222223,123.34799060470309,0.01850219859070546,6.852666144705727,55.506595772116384,69.93341758020358,False,,2025-12-03-qwen3-pass-classifications
469334552230,469334552230-1,bypass,40,45,5,0,15,15.0,1.6666666666666667,4.0,9,13.0,15.0,2.2222222222222223,123.34799060470309,0.01850219859070546,6.852666144705727,55.506595772116384,69.93341758020358,False,,2025-12-03-qwen3-pass-classifications
469334552230,469334552230-1,a_only,40,45,5,0,15,15.0,1.6666666666666667,4.0,9,13.0,15.0,2.2222222222222223,123.34799060470309,0.01850219859070546,6.852666144705727,55.506595772116384,69.93341758020358,False,,2025-12-03-qwen3-pass-classifications
469334552230,469334552230-1,b_only,31,36,5,0,13,11.0,1.375,2.0,8,3.0,3.0,0.5,2.3774437510817346,0.0015849625007211565,0.1320802083934297,4.754887502163469,81.98765602453469,False,,2025-12-03-qwen3-pass-classifications
469334552230,469334552230-1,ground_truth,40,45,5,0,15,15.0,1.6666666666666667,4.0,9,13.0,15.0,2.2222222222222223,123.34799060470309,0.01850219859070546,6.852666144705727,55.506595772116384,69.93341758020358,False,,2025-12-03-qwen3-pass-classifications
479334250816,479334250816-1,agent,0,0,0,0,0,0.0,0.0,0.0,0,0.0,0.0,0.0,0.0,0.0,0.0,0.0,0.0,False,,2025-12-03-qwen3-pass-classifications
479334250816,479334250816-1,bypass,3300,1116,0,0,783,0.0,0.0,0.0,0,0.0,0.0,0.0,0.0,0.0,0.0,0.0,0.0,False,,2025-12-03-qwen3-pass-classifications
479334250816,479334250816-1,a_only,3300,1116,0,0,783,0.0,0.0,0.0,0,0.0,0.0,0.0,0.0,0.0,0.0,0.0,0.0,False,,2025-12-03-qwen3-pass-classifications
479334250816,479334250816-1,b_only,3295,1116,0,0,783,0.0,0.0,0.0,0,0.0,0.0,0.0,0.0,0.0,0.0,0.0,0.0,False,,2025-12-03-qwen3-pass-classifications
479334250816,479334250816-1,ground_truth,3300,1116,0,0,783,0.0,0.0,0.0,0,0.0,0.0,0.0,0.0,0.0,0.0,0.0,0.0,False,,2025-12-03-qwen3-pass-classifications
479520977008,479520977008-1,agent,105,114,3,124,79,37.0,1.1935483870967742,4.0,31,6.0,8.0,1.25,25.84962500721156,0.006893233335256416,1.43609027817842,20.67970000576925,63.69230345307339,False,,2025-12-03-qwen3-pass-classifications
479520977008,479520977008-1,bypass,103,114,1,124,79,37.0,1.1935483870967742,4.0,31,6.0,8.0,1.25,25.84962500721156,0.006893233335256416,1.43609027817842,20.67970000576925,63.61932093092926,False,,2025-12-03-qwen3-pass-classifications
479520977008,479520977008-1,a_only,103,114,1,124,79,37.0,1.1935483870967742,4.0,31,6.0,8.0,1.25,25.84962500721156,0.006893233335256416,1.43609027817842,20.67970000576925,63.61932093092926,False,,2025-12-03-qwen3-pass-classifications
479520977008,479520977008-1,b_only,103,114,3,124,79,37.0,1.1935483870967742,4.0,31,6.0,8.0,1.25,25.84962500721156,0.006893233335256416,1.43609027817842,20.67970000576925,63.26825382744939,False,,2025-12-03-qwen3-pass-classifications
479520977008,479520977008-1,ground_truth,103,114,1,124,79,37.0,1.1935483870967742,4.0,31,6.0,8.0,1.25,25.84962500721156,0.006893233335256416,1.43609027817842,20.67970000576925,63.61932093092926,False,,2025-12-03-qwen3-pass-classifications
482981666910,482981666910-1,agent,35,13,0,0,2,0.0,0.0,0.0,0,0.0,0.0,0.0,0.0,0.0,0.0,0.0,100.0,False,,2025-12-03-qwen3-pass-classifications
482981666910,482981666910-1,bypass,35,13,0,0,2,0.0,0.0,0.0,0,0.0,0.0,0.0,0.0,0.0,0.0,0.0,100.0,False,,2025-12-03-qwen3-pass-classifications
482981666910,482981666910-1,a_only,35,13,0,0,2,0.0,0.0,0.0,0,0.0,0.0,0.0,0.0,0.0,0.0,0.0,100.0,False,,2025-12-03-qwen3-pass-classifications
482981666910,482981666910-1,b_only,35,13,0,0,2,0.0,0.0,0.0,0,0.0,0.0,0.0,0.0,0.0,0.0,0.0,100.0,False,,2025-12-03-qwen3-pass-classifications
482981666910,482981666910-1,ground_truth,35,13,0,0,2,0.0,0.0,0.0,0,0.0,0.0,0.0,0.0,0.0,0.0,0.0,100.0,False,,2025-12-03-qwen3-pass-classifications
486405002518,486405002518-1,agent,222,119,16,138,105,29.0,2.9,8.0,10,56.0,83.0,7.363636363636363,3549.349740090298,0.16067015284359373,197.18609667168323,482.0104585307812,60.79142469954189,False,,2025-12-03-qwen3-pass-classifications
486405002518,486405002518-1,bypass,215,113,15,134,102,27.0,2.7,8.0,10,53.0,80.0,6.809523809523809,3120.352857152524,0.15274454545501867,173.35293650847356,458.233636365056,61.708144181260494,False,,2025-12-03-qwen3-pass-classifications
486405002518,486405002518-1,a_only,215,113,15,134,102,27.0,2.7,8.0,10,53.0,80.0,6.809523809523809,3120.352857152524,0.15274454545501867,173.35293650847356,458.233636365056,61.708144181260494,False,,2025-12-03-qwen3-pass-classifications
486405002518,486405002518-1,b_only,222,119,16,136,105,29.0,2.9,8.0,10,56.0,83.0,7.363636363636363,3549.349740090298,0.16067015284359373,197.18609667168323,482.0104585307812,60.84035029264078,False,,2025-12-03-qwen3-pass-classifications
486405002518,486405002518-1,ground_truth,222,119,16,136,105,29.0,2.9,8.0,10,56.0,83.0,7.363636363636363,3549.349740090298,0.16067015284359373,197.18609667168323,482.0104585307812,60.84035029264078,False,,2025-12-03-qwen3-pass-classifications
4886326609,4886326609-1,agent,1155,777,269,34,240,257.0,5.468085106382978,32.0,47,305.0,571.0,11.665505226480835,54971.033200482925,1.5707573206430308,3053.946288915718,4712.271961929092,4.070217739644757,False,,2025-12-03-qwen3-pass-classifications
4886326609,4886326609-1,bypass,1155,777,271,34,240,257.0,5.468085106382978,32.0,47,304.0,571.0,11.706293706293707,55131.56996807766,1.569855536725429,3062.8649982265365,4709.566610176287,4.121678225598308,False,,2025-12-03-qwen3-pass-classifications
4886326609,4886326609-1,a_only,1155,777,271,34,240,257.0,5.468085106382978,32.0,47,304.0,571.0,11.706293706293707,55131.56996807766,1.569855536725429,3062.8649982265365,4709.566610176287,4.121678225598308,False,,2025-12-03-qwen3-pass-classifications
4886326609,4886326609-1,b_only,1145,780,270,34,241,255.0,5.425531914893617,32.0,47,304.0,571.0,11.706293706293707,55131.56996807766,1.569855536725429,3062.8649982265365,4709.566610176287,4.394957043950728,False,,2025-12-03-qwen3-pass-classifications
4886326609,4886326609-1,ground_truth,1155,777,271,34,240,257.0,5.468085106382978,32.0,47,304.0,571.0,11.706293706293707,55131.56996807766,1.569855536725429,3062.8649982265365,4709.566610176287,4.121678225598308,False,,2025-12-03-qwen3-pass-classifications
496345544359,496345544359-1,agent,94,72,12,0,34,7.0,1.4,3.0,5,9.0,15.0,1.4285714285714286,67.92696431662098,0.01584962500721156,3.7737202398122767,47.548875021634686,66.52276161280047,False,,2025-12-03-qwen3-pass-classifications
496345544359,496345544359-1,bypass,94,72,12,0,34,7.0,1.4,3.0,5,9.0,15.0,1.4285714285714286,67.92696431662098,0.01584962500721156,3.7737202398122767,47.548875021634686,66.52276161280047,False,,2025-12-03-qwen3-pass-classifications
496345544359,496345544359-1,a_only,94,72,12,0,34,7.0,1.4,3.0,5,9.0,15.0,1.4285714285714286,67.92696431662098,0.01584962500721156,3.7737202398122767,47.548875021634686,66.52276161280047,False,,2025-12-03-qwen3-pass-classifications
496345544359,496345544359-1,b_only,94,72,12,0,34,7.0,1.4,3.0,5,9.0,15.0,1.4285714285714286,67.92696431662098,0.01584962500721156,3.7737202398122767,47.548875021634686,66.52276161280047,False,,2025-12-03-qwen3-pass-classifications
496345544359,496345544359-1,ground_truth,94,72,12,0,34,7.0,1.4,3.0,5,9.0,15.0,1.4285714285714286,67.92696431662098,0.01584962500721156,3.7737202398122767,47.548875021634686,66.52276161280047,False,,2025-12-03-qwen3-pass-classifications
499864541374,499864541374-1,agent,507,242,55,40,72,87.0,4.35,13.0,20,98.0,152.0,7.41764705882353,7457.96861906618,0.33514529876850396,414.33158994812106,1005.4358963055118,38.79636857185839,False,,2025-12-03-qwen3-pass-classifications
499864541374,499864541374-1,bypass,513,249,55,40,72,87.0,4.35,13.0,20,98.0,152.0,7.41764705882353,7457.96861906618,0.33514529876850396,414.33158994812106,1005.4358963055118,38.429923998239296,False,,2025-12-03-qwen3-pass-classifications
499864541374,499864541374-1,a_only,513,249,55,40,72,87.0,4.35,13.0,20,98.0,152.0,7.41764705882353,7457.96861906618,0.33514529876850396,414.33158994812106,1005.4358963055118,38.429923998239296,False,,2025-12-03-qwen3-pass-classifications
499864541374,499864541374-1,b_only,427,197,47,35,59,68.0,4.25,13.0,16,72.0,106.0,6.040983606557377,3950.8760734645602,0.21800401671762837,219.49311519247556,654.0120501528851,44.80961377353685,False,,2025-12-03-qwen3-pass-classifications
499864541374,499864541374-1,ground_truth,485,235,53,35,68,83.0,4.368421052631579,13.0,19,93.0,146.0,6.888888888888889,6576.940617572212,0.3182390621405909,365.38558986512294,954.7171864217727,39.506329809735576,False,,2025-12-03-qwen3-pass-classifications
508212420122,508212420122-1,agent,285,224,26,0,60,71.0,3.380952380952381,21.0,21,60.0,99.0,10.5,6140.212774135056,0.19492738965508113,341.122931896392,584.7821689652434,38.81884276214521,False,,2025-12-03-qwen3-pass-classifications
508212420122,508212420122-1,bypass,281,224,26,0,60,71.0,3.380952380952381,21.0,21,60.0,99.0,10.5,6140.212774135056,0.19492738965508113,341.122931896392,584.7821689652434,38.92386142711971,False,,2025-12-03-qwen3-pass-classifications
508212420122,508212420122-1,a_only,281,224,26,0,60,71.0,3.380952380952381,21.0,21,60.0,99.0,10.5,6140.212774135056,0.19492738965508113,341.122931896392,584.7821689652434,38.92386142711971,False,,2025-12-03-qwen3-pass-classifications
508212420122,508212420122-1,b_only,312,223,19,0,61,94.0,4.476190476190476,39.0,21,67.0,129.0,13.019607843137255,10188.175209761783,0.2608418351896842,566.0097338756545,782.5255055690526,32.7343783623651,False,,2025-12-03-qwen3-pass-classifications
508212420122,508212420122-1,ground_truth,281,224,26,0,60,71.0,3.380952380952381,21.0,21,60.0,99.0,10.5,6140.212774135056,0.19492738965508113,341.122931896392,584.7821689652434,38.92386142711971,False,,2025-12-03-qwen3-pass-classifications
510255085246,510255085246-1,agent,1453,1129,163,13,152,306.0,7.116279069767442,68.0,43,372.0,802.0,15.824786324786325,108374.55159051923,2.2828017888362138,6020.808421695513,6848.405366508641,0.0,False,,2025-12-03-qwen3-pass-classifications
510255085246,510255085246-1,bypass,1487,1143,162,13,151,314.0,7.3023255813953485,78.0,43,384.0,833.0,15.909090909090908,113770.26441296605,2.3837579210335744,6320.57024516478,7151.273763100723,0.0,False,,2025-12-03-qwen3-pass-classifications
510255085246,510255085246-1,a_only,1487,1143,162,13,151,314.0,7.3023255813953485,78.0,43,384.0,833.0,15.909090909090908,113770.26441296605,2.3837579210335744,6320.57024516478,7151.273763100723,0.0,False,,2025-12-03-qwen3-pass-classifications
510255085246,510255085246-1,b_only,1481,1137,162,13,151,311.0,7.232558139534884,78.0,43,380.0,827.0,15.969359331476323,113179.17070060785,2.3624235293632316,6287.731705589325,7087.270588089695,0.0,False,,2025-12-03-qwen3-pass-classifications
510255085246,510255085246-1,ground_truth,1487,1143,162,13,151,314.0,7.3023255813953485,78.0,43,384.0,833.0,15.909090909090908,113770.26441296605,2.3837579210335744,6320.57024516478,7151.273763100723,0.0,False,,2025-12-03-qwen3-pass-classifications
523598922540,523598922540-1,agent,136,122,13,0,39,24.0,3.4285714285714284,7.0,7,34.0,50.0,3.5357142857142856,899.3907522924708,0.08479104735417232,49.966152905137264,254.373142062517,52.700695735703626,False,,2025-12-03-qwen3-pass-classifications
523598922540,523598922540-1,bypass,137,123,13,0,39,24.0,3.4285714285714284,7.0,7,34.0,50.0,3.5357142857142856,899.3907522924708,0.08479104735417232,49.966152905137264,254.373142062517,52.56840161437959,False,,2025-12-03-qwen3-pass-classifications
523598922540,523598922540-1,a_only,137,123,13,0,39,24.0,3.4285714285714284,7.0,7,34.0,50.0,3.5357142857142856,899.3907522924708,0.08479104735417232,49.966152905137264,254.373142062517,52.56840161437959,False,,2025-12-03-qwen3-pass-classifications
523598922540,523598922540-1,b_only,137,123,13,0,39,24.0,3.4285714285714284,7.0,7,34.0,50.0,3.5357142857142856,899.3907522924708,0.08479104735417232,49.966152905137264,254.373142062517,52.56840161437959,False,,2025-12-03-qwen3-pass-classifications
523598922540,523598922540-1,ground_truth,137,123,13,0,39,24.0,3.4285714285714284,7.0,7,34.0,50.0,3.5357142857142856,899.3907522924708,0.08479104735417232,49.966152905137264,254.373142062517,52.56840161437959,False,,2025-12-03-qwen3-pass-classifications
526012981031,526012981031-1,agent,177,130,8,12,41,34.0,3.4,10.0,10,24.0,28.0,4.5,577.7052750908658,0.042792983340064136,32.0947375050481,128.3789500201924,54.25010622409891,False,,2025-12-03-qwen3-pass-classifications
526012981031,526012981031-1,bypass,172,130,9,12,41,34.0,3.4,10.0,10,24.0,28.0,4.5,577.7052750908658,0.042792983340064136,32.0947375050481,128.3789500201924,54.85974312838144,False,,2025-12-03-qwen3-pass-classifications
526012981031,526012981031-1,a_only,172,130,9,12,41,34.0,3.4,10.0,10,24.0,28.0,4.5,577.7052750908658,0.042792983340064136,32.0947375050481,128.3789500201924,54.85974312838144,False,,2025-12-03-qwen3-pass-classifications
526012981031,526012981031-1,b_only,171,125,7,12,40,32.0,3.2,10.0,10,24.0,28.0,4.5,577.7052750908658,0.042792983340064136,32.0947375050481,128.3789500201924,54.75962497908445,False,,2025-12-03-qwen3-pass-classifications
526012981031,526012981031-1,ground_truth,171,125,7,12,40,32.0,3.2,10.0,10,24.0,28.0,4.5,577.7052750908658,0.042792983340064136,32.0947375050481,128.3789500201924,54.75962497908445,False,,2025-12-03-qwen3-pass-classifications
533140668739,533140668739-1,agent,72,60,6,24,19,15.0,2.142857142857143,5.0,7,24.0,42.0,4.333333333333333,834.4631751312504,0.0641894750100962,46.35906528506947,192.56842503028858,71.91403154831647,False,,2025-12-03-qwen3-pass-classifications
533140668739,533140668739-1,bypass,72,60,6,24,19,15.0,2.142857142857143,5.0,7,24.0,42.0,4.333333333333333,834.4631751312504,0.0641894750100962,46.35906528506947,192.56842503028858,71.91403154831647,False,,2025-12-03-qwen3-pass-classifications
533140668739,533140668739-1,a_only,72,60,6,24,19,15.0,2.142857142857143,5.0,7,24.0,42.0,4.333333333333333,834.4631751312504,0.0641894750100962,46.35906528506947,192.56842503028858,71.91403154831647,False,,2025-12-03-qwen3-pass-classifications
533140668739,533140668739-1,b_only,71,59,6,24,19,15.0,2.142857142857143,5.0,7,24.0,42.0,4.333333333333333,834.4631751312504,0.0641894750100962,46.35906528506947,192.56842503028858,72.13544639835466,False,,2025-12-03-qwen3-pass-classifications
533140668739,533140668739-1,ground_truth,72,60,6,24,19,15.0,2.142857142857143,5.0,7,24.0,42.0,4.333333333333333,834.4631751312504,0.0641894750100962,46.35906528506947,192.56842503028858,71.91403154831647,False,,2025-12-03-qwen3-pass-classifications
533767129588,533767129588-1,agent,51,43,6,8,10,0.0,0.0,0.0,0,0.0,0.0,0.0,0.0,0.0,0.0,0.0,0.0,False,,2025-12-03-qwen3-pass-classifications
533767129588,533767129588-1,bypass,49,41,6,8,10,1.0,1.0,1.0,1,10.0,15.0,2.142857142857143,106.77626019280808,0.016609640474436815,5.932014455156004,49.82892142331044,77.88085969281927,False,,2025-12-03-qwen3-pass-classifications
533767129588,533767129588-1,a_only,49,41,6,8,10,1.0,1.0,1.0,1,10.0,15.0,2.142857142857143,106.77626019280808,0.016609640474436815,5.932014455156004,49.82892142331044,77.88085969281927,False,,2025-12-03-qwen3-pass-classifications
533767129588,533767129588-1,b_only,45,36,6,6,9,1.0,1.0,1.0,1,10.0,12.0,1.7142857142857142,68.33680652339717,0.013287712379549451,3.796489251299843,39.863137138648355,79.41700096083615,False,,2025-12-03-qwen3-pass-classifications
533767129588,533767129588-1,ground_truth,49,41,6,8,10,1.0,1.0,1.0,1,10.0,15.0,2.142857142857143,106.77626019280808,0.016609640474436815,5.932014455156004,49.82892142331044,77.88085969281927,False,,2025-12-03-qwen3-pass-classifications
541544326408,541544326408-1,agent,177,111,27,56,45,16.0,3.2,7.0,5,32.0,46.0,5.0,1150.0,0.07666666666666666,63.888888888888886,230.0,66.13570980361497,False,,2025-12-03-qwen3-pass-classifications
541544326408,541544326408-1,bypass,178,112,27,56,45,16.0,3.2,7.0,5,32.0,46.0,5.0,1150.0,0.07666666666666666,63.888888888888886,230.0,66.03285671528033,False,,2025-12-03-qwen3-pass-classifications
541544326408,541544326408-1,a_only,178,112,27,56,45,16.0,3.2,7.0,5,32.0,46.0,5.0,1150.0,0.07666666666666666,63.888888888888886,230.0,66.03285671528033,False,,2025-12-03-qwen3-pass-classifications
541544326408,541544326408-1,b_only,177,111,27,56,45,16.0,3.2,7.0,5,32.0,46.0,5.0,1150.0,0.07666666666666666,63.888888888888886,230.0,66.13570980361497,False,,2025-12-03-qwen3-pass-classifications
541544326408,541544326408-1,ground_truth,178,112,27,56,45,16.0,3.2,7.0,5,32.0,46.0,5.0,1150.0,0.07666666666666666,63.888888888888886,230.0,66.03285671528033,False,,2025-12-03-qwen3-pass-classifications
547355197520,547355197520-1,agent,344,332,47,11,102,87.0,3.107142857142857,9.0,28,50.0,68.0,4.719512195121951,1811.26487183063,0.12792740696822708,100.62582621281278,383.78222090468125,37.99865713159269,False,,2025-12-03-qwen3-pass-classifications
547355197520,547355197520-1,bypass,344,332,46,11,104,87.0,3.107142857142857,9.0,28,50.0,68.0,4.719512195121951,1811.26487183063,0.12792740696822708,100.62582621281278,383.78222090468125,37.85603687388166,False,,2025-12-03-qwen3-pass-classifications
547355197520,547355197520-1,a_only,344,332,46,11,104,87.0,3.107142857142857,9.0,28,50.0,68.0,4.719512195121951,1811.26487183063,0.12792740696822708,100.62582621281278,383.78222090468125,37.85603687388166,False,,2025-12-03-qwen3-pass-classifications
547355197520,547355197520-1,b_only,343,331,46,11,103,87.0,3.107142857142857,9.0,28,52.0,71.0,4.709302325581396,1906.0016755249667,0.13491040666267254,105.88898197360926,404.7312199880176,37.746865160282894,False,,2025-12-03-qwen3-pass-classifications
547355197520,547355197520-1,ground_truth,344,332,46,11,104,87.0,3.107142857142857,9.0,28,50.0,68.0,4.719512195121951,1811.26487183063,0.12792740696822708,100.62582621281278,383.78222090468125,37.85603687388166,False,,2025-12-03-qwen3-pass-classifications
547965125010,547965125010-1,agent,328,260,32,196,85,0.0,0.0,0.0,0,0.0,0.0,0.0,0.0,0.0,0.0,0.0,0.0,False,,2025-12-03-qwen3-pass-classifications
547965125010,547965125010-1,bypass,323,255,32,197,88,61.0,2.103448275862069,4.0,29,139.0,320.0,12.096774193548388,27557.191249252286,0.7593537144238408,1530.9550694029049,2278.0611432715223,46.740168409900704,False,,2025-12-03-qwen3-pass-classifications
547965125010,547965125010-1,a_only,323,255,32,197,88,61.0,2.103448275862069,4.0,29,139.0,320.0,12.096774193548388,27557.191249252286,0.7593537144238408,1530.9550694029049,2278.0611432715223,46.740168409900704,False,,2025-12-03-qwen3-pass-classifications
547965125010,547965125010-1,b_only,322,253,32,197,88,61.0,2.103448275862069,4.0,29,139.0,314.0,11.85483870967742,26499.684035062233,0.7451158322783938,1472.2046686145686,2235.3474968351816,46.858521548355945,False,,2025-12-03-qwen3-pass-classifications
547965125010,547965125010-1,ground_truth,323,255,32,197,88,61.0,2.103448275862069,4.0,29,139.0,320.0,12.096774193548388,27557.191249252286,0.7593537144238408,1530.9550694029049,2278.0611432715223,46.740168409900704,False,,2025-12-03-qwen3-pass-classifications
552143295550,552143295550-1,agent,212,183,42,0,61,0.0,0.0,0.0,0,0.0,0.0,0.0,0.0,0.0,0.0,0.0,0.0,False,,2025-12-03-qwen3-pass-classifications
552143295550,552143295550-1,bypass,210,181,42,0,61,75.0,3.5714285714285716,10.0,21,57.0,81.0,5.531914893617022,2613.631142517223,0.15748803038244805,145.20173013984572,472.4640911473441,47.20113148252371,False,,2025-12-03-qwen3-pass-classifications
552143295550,552143295550-1,a_only,210,181,42,0,61,75.0,3.5714285714285716,10.0,21,57.0,81.0,5.531914893617022,2613.631142517223,0.15748803038244805,145.20173013984572,472.4640911473441,47.20113148252371,False,,2025-12-03-qwen3-pass-classifications
552143295550,552143295550-1,b_only,0,0,0,0,0,0.0,0.0,0.0,0,0.0,0.0,0.0,0.0,0.0,0.0,0.0,0.0,True,No code found for b_only,2025-12-03-qwen3-pass-classifications
552143295550,552143295550-1,ground_truth,219,190,43,0,64,85.0,3.8636363636363638,13.0,22,63.0,89.0,6.028846153846154,3207.212995875633,0.17732597106383086,178.1784997708685,531.9779131914926,45.42348568720176,False,,2025-12-03-qwen3-pass-classifications
553889074834,553889074834-1,agent,199,163,13,105,48,36.0,3.272727272727273,10.0,11,20.0,29.0,2.8333333333333335,355.11842512991166,0.041778638250577836,19.728801396106203,125.33591475173351,61.84485109917886,False,,2025-12-03-qwen3-pass-classifications
553889074834,553889074834-1,bypass,205,169,13,105,53,38.0,3.4545454545454546,10.0,11,21.0,31.0,2.8125,382.95517529852316,0.04538728003538052,21.27528751658462,136.16184010614157,60.99041572646304,False,,2025-12-03-qwen3-pass-classifications
553889074834,553889074834-1,a_only,205,169,13,105,53,38.0,3.4545454545454546,10.0,11,21.0,31.0,2.8125,382.95517529852316,0.04538728003538052,21.27528751658462,136.16184010614157,60.99041572646304,False,,2025-12-03-qwen3-pass-classifications
553889074834,553889074834-1,b_only,190,156,13,105,48,36.0,3.272727272727273,10.0,11,20.0,29.0,2.8333333333333335,355.11842512991166,0.041778638250577836,19.728801396106203,125.33591475173351,62.21323310764383,False,,2025-12-03-qwen3-pass-classifications
553889074834,553889074834-1,ground_truth,205,169,13,105,53,38.0,3.4545454545454546,10.0,11,21.0,31.0,2.8125,382.95517529852316,0.04538728003538052,21.27528751658462,136.16184010614157,60.99041572646304,False,,2025-12-03-qwen3-pass-classifications
555381121741,555381121741-1,agent,212,164,43,8,46,36.0,4.0,12.0,9,78.0,133.0,9.296875,7771.8016342135015,0.27865283170289307,431.76675745630564,835.9584951086791,52.45142149456211,False,,2025-12-03-qwen3-pass-classifications
555381121741,555381121741-1,bypass,212,122,37,0,36,27.0,6.75,12.0,4,62.0,102.0,8.755102040816327,5317.2188193858965,0.2024426745531538,295.4010455214387,607.3280236594613,54.84405354970998,False,,2025-12-03-qwen3-pass-classifications
555381121741,555381121741-1,a_only,212,122,37,0,36,27.0,6.75,12.0,4,62.0,102.0,8.755102040816327,5317.2188193858965,0.2024426745531538,295.4010455214387,607.3280236594613,54.84405354970998,False,,2025-12-03-qwen3-pass-classifications
555381121741,555381121741-1,b_only,135,121,37,0,34,27.0,6.75,12.0,4,62.0,102.0,8.755102040816327,5317.2188193858965,0.2024426745531538,295.4010455214387,607.3280236594613,58.50934671665488,False,,2025-12-03-qwen3-pass-classifications
555381121741,555381121741-1,ground_truth,212,122,37,0,36,27.0,6.75,12.0,4,62.0,102.0,8.755102040816327,5317.2188193858965,0.2024426745531538,295.4010455214387,607.3280236594613,54.84405354970998,False,,2025-12-03-qwen3-pass-classifications
563318247714,563318247714-1,agent,41,65,1,10,18,9.0,1.5,3.0,6,3.0,3.0,0.5,2.3774437510817346,0.0015849625007211565,0.1320802083934297,4.754887502163469,80.86878087865065,False,,2025-12-03-qwen3-pass-classifications
563318247714,563318247714-1,bypass,41,65,1,10,15,9.0,1.5,3.0,6,3.0,3.0,0.5,2.3774437510817346,0.0015849625007211565,0.1320802083934297,4.754887502163469,80.86878087865065,False,,2025-12-03-qwen3-pass-classifications
563318247714,563318247714-1,a_only,41,65,1,10,15,9.0,1.5,3.0,6,3.0,3.0,0.5,2.3774437510817346,0.0015849625007211565,0.1320802083934297,4.754887502163469,80.86878087865065,False,,2025-12-03-qwen3-pass-classifications
563318247714,563318247714-1,b_only,17,23,1,0,8,4.0,1.3333333333333333,2.0,3,0.0,0.0,0.0,0.0,0.0,0.0,0.0,100.0,False,,2025-12-03-qwen3-pass-classifications
563318247714,563318247714-1,ground_truth,41,65,1,10,15,9.0,1.5,3.0,6,3.0,3.0,0.5,2.3774437510817346,0.0015849625007211565,0.1320802083934297,4.754887502163469,80.86878087865065,False,,2025-12-03-qwen3-pass-classifications
567935925978,567935925978-1,agent,127,148,5,0,25,30.0,1.1111111111111112,2.0,27,0.0,0.0,0.0,0.0,0.0,0.0,0.0,100.0,False,,2025-12-03-qwen3-pass-classifications
567935925978,567935925978-1,bypass,127,148,5,0,25,30.0,1.1111111111111112,2.0,27,0.0,0.0,0.0,0.0,0.0,0.0,0.0,100.0,False,,2025-12-03-qwen3-pass-classifications
567935925978,567935925978-1,a_only,127,148,5,0,25,30.0,1.1111111111111112,2.0,27,0.0,0.0,0.0,0.0,0.0,0.0,0.0,100.0,False,,2025-12-03-qwen3-pass-classifications
567935925978,567935925978-1,b_only,127,148,5,0,25,30.0,1.1111111111111112,2.0,27,0.0,0.0,0.0,0.0,0.0,0.0,0.0,100.0,False,,2025-12-03-qwen3-pass-classifications
567935925978,567935925978-1,ground_truth,127,148,5,0,25,30.0,1.1111111111111112,2.0,27,0.0,0.0,0.0,0.0,0.0,0.0,0.0,100.0,False,,2025-12-03-qwen3-pass-classifications
581971532076,581971532076-1,agent,217,206,14,40,74,85.0,4.473684210526316,12.0,19,102.0,169.0,7.4,8344.535132669553,0.3758799609310609,463.58528514830846,1127.6398827931828,44.26434000348997,False,,2025-12-03-qwen3-pass-classifications
581971532076,581971532076-1,bypass,217,206,14,40,75,85.0,4.473684210526316,12.0,19,102.0,169.0,7.4,8344.535132669553,0.3758799609310609,463.58528514830846,1127.6398827931828,44.26434000348997,False,,2025-12-03-qwen3-pass-classifications
581971532076,581971532076-1,a_only,217,206,14,40,75,85.0,4.473684210526316,12.0,19,102.0,169.0,7.4,8344.535132669553,0.3758799609310609,463.58528514830846,1127.6398827931828,44.26434000348997,False,,2025-12-03-qwen3-pass-classifications
581971532076,581971532076-1,b_only,217,206,14,40,75,85.0,4.473684210526316,12.0,19,102.0,169.0,7.4,8344.535132669553,0.3758799609310609,463.58528514830846,1127.6398827931828,44.26434000348997,False,,2025-12-03-qwen3-pass-classifications
581971532076,581971532076-1,ground_truth,217,206,14,40,75,85.0,4.473684210526316,12.0,19,102.0,169.0,7.4,8344.535132669553,0.3758799609310609,463.58528514830846,1127.6398827931828,44.26434000348997,False,,2025-12-03-qwen3-pass-classifications
595252553967,595252553967-1,agent,111,103,7,77,43,28.0,2.8,6.0,10,23.0,31.0,3.5294117647058822,494.93089636859077,0.04674347354592247,27.496160909366154,140.2304206377674,66.02087307886991,False,,2025-12-03-qwen3-pass-classifications
595252553967,595252553967-1,bypass,111,103,9,77,43,28.0,2.8,6.0,10,23.0,31.0,3.5294117647058822,494.93089636859077,0.04674347354592247,27.496160909366154,140.2304206377674,65.87114840764629,False,,2025-12-03-qwen3-pass-classifications
595252553967,595252553967-1,a_only,111,103,9,77,43,28.0,2.8,6.0,10,23.0,31.0,3.5294117647058822,494.93089636859077,0.04674347354592247,27.496160909366154,140.2304206377674,65.87114840764629,False,,2025-12-03-qwen3-pass-classifications
595252553967,595252553967-1,b_only,111,103,7,77,43,28.0,2.8,6.0,10,23.0,31.0,3.5294117647058822,494.93089636859077,0.04674347354592247,27.496160909366154,140.2304206377674,66.02087307886991,False,,2025-12-03-qwen3-pass-classifications
595252553967,595252553967-1,ground_truth,111,103,9,77,43,28.0,2.8,6.0,10,23.0,31.0,3.5294117647058822,494.93089636859077,0.04674347354592247,27.496160909366154,140.2304206377674,65.87114840764629,False,,2025-12-03-qwen3-pass-classifications
595433270831,595433270831-1,agent,99,155,8,4,27,40.0,3.6363636363636362,10.0,11,15.0,27.0,3.272727272727273,345.22705990286187,0.03516201536047667,19.179281105714548,105.48604608143,54.943816688897215,False,,2025-12-03-qwen3-pass-classifications
595433270831,595433270831-1,bypass,108,153,7,4,27,40.0,3.6363636363636362,10.0,11,15.0,27.0,3.272727272727273,345.22705990286187,0.03516201536047667,19.179281105714548,105.48604608143,53.71286129740784,False,,2025-12-03-qwen3-pass-classifications
595433270831,595433270831-1,a_only,108,153,7,4,27,40.0,3.6363636363636362,10.0,11,15.0,27.0,3.272727272727273,345.22705990286187,0.03516201536047667,19.179281105714548,105.48604608143,53.71286129740784,False,,2025-12-03-qwen3-pass-classifications
595433270831,595433270831-1,b_only,98,145,6,4,27,32.0,2.909090909090909,6.0,11,13.0,18.0,2.6666666666666665,177.62110647077242,0.022202638308846556,9.867839248376246,66.60791492653966,56.171881463137254,False,,2025-12-03-qwen3-pass-classifications
595433270831,595433270831-1,ground_truth,108,153,7,4,27,40.0,3.6363636363636362,10.0,11,15.0,27.0,3.272727272727273,345.22705990286187,0.03516201536047667,19.179281105714548,105.48604608143,53.71286129740784,False,,2025-12-03-qwen3-pass-classifications
614017873084,614017873084-1,agent,79,32,12,0,27,0.0,0.0,0.0,0,0.0,0.0,0.0,0.0,0.0,0.0,0.0,0.0,False,,2025-12-03-qwen3-pass-classifications
614017873084,614017873084-1,bypass,78,31,12,0,28,1.0,1.0,1.0,1,8.0,9.0,1.0,27.0,0.009,1.5,27.0,78.14012047048999,False,,2025-12-03-qwen3-pass-classifications
614017873084,614017873084-1,a_only,78,31,12,0,28,1.0,1.0,1.0,1,8.0,9.0,1.0,27.0,0.009,1.5,27.0,78.14012047048999,False,,2025-12-03-qwen3-pass-classifications
614017873084,614017873084-1,b_only,78,31,12,0,27,1.0,1.0,1.0,1,8.0,9.0,1.0,27.0,0.009,1.5,27.0,78.14012047048999,False,,2025-12-03-qwen3-pass-classifications
614017873084,614017873084-1,ground_truth,78,31,12,0,28,1.0,1.0,1.0,1,8.0,9.0,1.0,27.0,0.009,1.5,27.0,78.14012047048999,False,,2025-12-03-qwen3-pass-classifications
624697055065,624697055065-1,agent,284,184,51,72,67,67.0,4.785714285714286,14.0,14,52.0,80.0,7.109756097560975,3242.2988835865917,0.1520117258170958,180.12771575481065,456.0351774512874,53.86646844151133,False,,2025-12-03-qwen3-pass-classifications
624697055065,624697055065-1,bypass,284,184,51,72,67,67.0,4.785714285714286,14.0,14,52.0,80.0,7.109756097560975,3242.2988835865917,0.1520117258170958,180.12771575481065,456.0351774512874,53.86646844151133,False,,2025-12-03-qwen3-pass-classifications
624697055065,624697055065-1,a_only,284,184,51,72,67,67.0,4.785714285714286,14.0,14,52.0,80.0,7.109756097560975,3242.2988835865917,0.1520117258170958,180.12771575481065,456.0351774512874,53.86646844151133,False,,2025-12-03-qwen3-pass-classifications
624697055065,624697055065-1,b_only,283,183,51,72,67,67.0,4.785714285714286,14.0,14,52.0,80.0,7.109756097560975,3242.2988835865917,0.1520117258170958,180.12771575481065,456.0351774512874,53.932489815529976,False,,2025-12-03-qwen3-pass-classifications
624697055065,624697055065-1,ground_truth,284,184,51,72,67,67.0,4.785714285714286,14.0,14,52.0,80.0,7.109756097560975,3242.2988835865917,0.1520117258170958,180.12771575481065,456.0351774512874,53.86646844151133,False,,2025-12-03-qwen3-pass-classifications
630710949027,630710949027-1,agent,88,27,4,0,15,0.0,0.0,0.0,0,0.0,0.0,0.0,0.0,0.0,0.0,0.0,0.0,False,,2025-12-03-qwen3-pass-classifications
630710949027,630710949027-1,bypass,81,24,6,0,14,2.0,2.0,2.0,1,7.0,9.0,1.2,30.319433158222125,0.008422064766172813,1.6844129532345624,25.26619429851844,75.29746468897532,False,,2025-12-03-qwen3-pass-classifications
630710949027,630710949027-1,a_only,81,24,6,0,14,2.0,2.0,2.0,1,7.0,9.0,1.2,30.319433158222125,0.008422064766172813,1.6844129532345624,25.26619429851844,75.29746468897532,False,,2025-12-03-qwen3-pass-classifications
630710949027,630710949027-1,b_only,45,16,3,0,13,2.0,2.0,2.0,1,3.0,3.0,0.5,2.3774437510817346,0.0015849625007211565,0.1320802083934297,4.754887502163469,83.49636056343198,False,,2025-12-03-qwen3-pass-classifications
630710949027,630710949027-1,ground_truth,81,24,6,0,14,2.0,2.0,2.0,1,7.0,9.0,1.2,30.319433158222125,0.008422064766172813,1.6844129532345624,25.26619429851844,75.29746468897532,False,,2025-12-03-qwen3-pass-classifications
636414164571,636414164571-1,agent,77,27,0,0,7,8.0,1.6,2.0,5,2.0,2.0,0.5,1.0,0.0006666666666666666,0.05555555555555555,2.0,65.72694586656031,False,,2025-12-03-qwen3-pass-classifications
636414164571,636414164571-1,bypass,77,27,0,0,7,8.0,1.6,2.0,5,2.0,2.0,0.5,1.0,0.0006666666666666666,0.05555555555555555,2.0,65.72694586656031,False,,2025-12-03-qwen3-pass-classifications
636414164571,636414164571-1,a_only,77,27,0,0,7,8.0,1.6,2.0,5,2.0,2.0,0.5,1.0,0.0006666666666666666,0.05555555555555555,2.0,65.72694586656031,False,,2025-12-03-qwen3-pass-classifications
636414164571,636414164571-1,b_only,29,19,0,0,7,8.0,1.6,2.0,5,2.0,2.0,0.5,1.0,0.0006666666666666666,0.05555555555555555,2.0,69.05597847870874,False,,2025-12-03-qwen3-pass-classifications
636414164571,636414164571-1,ground_truth,77,27,0,0,7,8.0,1.6,2.0,5,2.0,2.0,0.5,1.0,0.0006666666666666666,0.05555555555555555,2.0,65.72694586656031,False,,2025-12-03-qwen3-pass-classifications
643530119233,643530119233-1,agent,268,201,12,67,37,59.0,3.1052631578947367,7.0,19,41.0,60.0,3.342857142857143,1074.57185921197,0.10715104009236168,59.698436622887215,321.453120277085,51.0532185043895,False,,2025-12-03-qwen3-pass-classifications
643530119233,643530119233-1,bypass,268,201,12,67,37,59.0,3.1052631578947367,7.0,19,41.0,60.0,3.342857142857143,1074.57185921197,0.10715104009236168,59.698436622887215,321.453120277085,51.0532185043895,False,,2025-12-03-qwen3-pass-classifications
643530119233,643530119233-1,a_only,268,201,12,67,37,59.0,3.1052631578947367,7.0,19,41.0,60.0,3.342857142857143,1074.57185921197,0.10715104009236168,59.698436622887215,321.453120277085,51.0532185043895,False,,2025-12-03-qwen3-pass-classifications
643530119233,643530119233-1,b_only,248,188,9,60,36,49.0,2.7222222222222223,7.0,18,34.0,47.0,3.2142857142857144,768.5702792317478,0.07970358451292199,42.69834884620821,239.11075353876598,53.37968354324492,False,,2025-12-03-qwen3-pass-classifications
643530119233,643530119233-1,ground_truth,268,201,12,67,37,59.0,3.1052631578947367,7.0,19,41.0,60.0,3.342857142857143,1074.57185921197,0.10715104009236168,59.698436622887215,321.453120277085,51.0532185043895,False,,2025-12-03-qwen3-pass-classifications
654399575579,654399575579-1,agent,105,86,19,0,29,28.0,4.666666666666667,8.0,6,28.0,32.0,4.2,646.108501524542,0.05127845250194777,35.894916751363446,153.83535750584332,61.82191789680335,False,,2025-12-03-qwen3-pass-classifications
654399575579,654399575579-1,bypass,103,84,19,0,28,26.0,4.333333333333333,8.0,6,26.0,29.0,4.222222222222222,575.5427299323871,0.04543758394203057,31.97459610735484,136.3127518260917,62.704652395008836,False,,2025-12-03-qwen3-pass-classifications
654399575579,654399575579-1,a_only,103,84,19,0,28,26.0,4.333333333333333,8.0,6,26.0,29.0,4.222222222222222,575.5427299323871,0.04543758394203057,31.97459610735484,136.3127518260917,62.704652395008836,False,,2025-12-03-qwen3-pass-classifications
654399575579,654399575579-1,b_only,12,10,0,0,5,7.0,3.5,4.0,2,3.0,3.0,0.5,2.3774437510817346,0.0015849625007211565,0.1320802083934297,4.754887502163469,72.9066793577724,False,,2025-12-03-qwen3-pass-classifications
654399575579,654399575579-1,ground_truth,103,84,19,0,28,26.0,4.333333333333333,8.0,6,26.0,29.0,4.222222222222222,575.5427299323871,0.04543758394203057,31.97459610735484,136.3127518260917,62.704652395008836,False,,2025-12-03-qwen3-pass-classifications
657549377257,657549377257-1,agent,412,269,45,11,55,90.0,4.5,24.0,20,85.0,133.0,7.854166666666667,6695.276477685012,0.28414966483543813,371.959804315834,852.4489945063144,35.271111196024066,False,,2025-12-03-qwen3-pass-classifications
657549377257,657549377257-1,bypass,412,269,45,11,55,90.0,4.5,24.0,20,85.0,133.0,7.854166666666667,6695.276477685012,0.28414966483543813,371.959804315834,852.4489945063144,35.271111196024066,False,,2025-12-03-qwen3-pass-classifications
657549377257,657549377257-1,a_only,412,269,45,11,55,90.0,4.5,24.0,20,85.0,133.0,7.854166666666667,6695.276477685012,0.28414966483543813,371.959804315834,852.4489945063144,35.271111196024066,False,,2025-12-03-qwen3-pass-classifications
657549377257,657549377257-1,b_only,401,269,45,11,55,90.0,4.5,24.0,20,85.0,133.0,7.854166666666667,6695.276477685012,0.28414966483543813,371.959804315834,852.4489945063144,35.489751477584356,False,,2025-12-03-qwen3-pass-classifications
657549377257,657549377257-1,ground_truth,412,269,45,11,55,90.0,4.5,24.0,20,85.0,133.0,7.854166666666667,6695.276477685012,0.28414966483543813,371.959804315834,852.4489945063144,35.271111196024066,False,,2025-12-03-qwen3-pass-classifications
660647692663,660647692663-1,agent,142,91,12,0,32,0.0,0.0,0.0,0,0.0,0.0,0.0,0.0,0.0,0.0,0.0,0.0,False,,2025-12-03-qwen3-pass-classifications
660647692663,660647692663-1,bypass,140,89,12,0,31,32.0,3.5555555555555554,6.0,9,22.0,30.0,3.5625,476.60175424186116,0.044594316186372975,26.477875235658953,133.78294855911892,55.221852363137074,False,,2025-12-03-qwen3-pass-classifications
660647692663,660647692663-1,a_only,140,89,12,0,31,32.0,3.5555555555555554,6.0,9,22.0,30.0,3.5625,476.60175424186116,0.044594316186372975,26.477875235658953,133.78294855911892,55.221852363137074,False,,2025-12-03-qwen3-pass-classifications
660647692663,660647692663-1,b_only,90,64,12,0,22,24.0,3.4285714285714284,6.0,7,15.0,21.0,2.3636363636363638,193.92384229111377,0.02734823416925963,10.773546793950764,82.0447025077789,64.31085281503567,False,,2025-12-03-qwen3-pass-classifications
660647692663,660647692663-1,ground_truth,140,87,12,0,31,31.0,3.4444444444444446,6.0,9,22.0,30.0,3.5625,476.60175424186116,0.044594316186372975,26.477875235658953,133.78294855911892,55.571675560480024,False,,2025-12-03-qwen3-pass-classifications
666983660830,666983660830-1,agent,151,123,1,0,24,42.0,2.3333333333333335,5.0,18,32.0,47.0,5.869565217391305,1379.3478260869565,0.07833333333333334,76.63043478260869,235.0,38.5462215987525,False,,2025-12-03-qwen3-pass-classifications
666983660830,666983660830-1,bypass,151,123,1,0,24,42.0,2.3333333333333335,5.0,18,32.0,47.0,5.869565217391305,1379.3478260869565,0.07833333333333334,76.63043478260869,235.0,38.5462215987525,False,,2025-12-03-qwen3-pass-classifications
666983660830,666983660830-1,a_only,151,123,1,0,24,42.0,2.3333333333333335,5.0,18,32.0,47.0,5.869565217391305,1379.3478260869565,0.07833333333333334,76.63043478260869,235.0,38.5462215987525,False,,2025-12-03-qwen3-pass-classifications
666983660830,666983660830-1,b_only,136,117,1,0,23,40.0,2.2222222222222223,5.0,18,30.0,44.0,5.090909090909091,1099.143493416308,0.07196772873559161,61.063527412017116,215.90318620677482,39.8075784166499,False,,2025-12-03-qwen3-pass-classifications
666983660830,666983660830-1,ground_truth,148,120,1,0,23,41.0,2.2777777777777777,5.0,18,32.0,47.0,5.869565217391305,1379.3478260869565,0.07833333333333334,76.63043478260869,235.0,38.96366288206205,False,,2025-12-03-qwen3-pass-classifications
676470357278,676470357278-1,agent,8,4,0,0,3,0.0,0.0,0.0,0,0.0,0.0,0.0,0.0,0.0,0.0,0.0,100.0,False,,2025-12-03-qwen3-pass-classifications
676470357278,676470357278-1,bypass,8,4,0,0,4,0.0,0.0,0.0,0,0.0,0.0,0.0,0.0,0.0,0.0,0.0,100.0,False,,2025-12-03-qwen3-pass-classifications
676470357278,676470357278-1,a_only,8,4,0,0,4,0.0,0.0,0.0,0,0.0,0.0,0.0,0.0,0.0,0.0,0.0,100.0,False,,2025-12-03-qwen3-pass-classifications
676470357278,676470357278-1,b_only,203,169,11,75,45,45.0,4.090909090909091,10.0,11,73.0,99.0,6.39344262295082,3917.854528169795,0.20426421044304058,217.65858489832192,612.7926313291217,54.890949174514944,False,,2025-12-03-qwen3-pass-classifications
676470357278,676470357278-1,ground_truth,8,4,0,0,4,0.0,0.0,0.0,0,0.0,0.0,0.0,0.0,0.0,0.0,0.0,100.0,False,,2025-12-03-qwen3-pass-classifications
679116021620,679116021620-1,agent,597,279,66,0,54,14.0,7.0,7.0,2,136.0,260.0,8.32258064516129,15336.35507713138,0.6142467795750295,852.0197265072989,1842.7403387250883,30.539226545146203,False,,2025-12-03-qwen3-pass-classifications
679116021620,679116021620-1,bypass,597,279,67,0,55,14.0,7.0,7.0,2,136.0,260.0,8.32258064516129,15336.35507713138,0.6142467795750295,852.0197265072989,1842.7403387250883,30.656335295606688,False,,2025-12-03-qwen3-pass-classifications
679116021620,679116021620-1,a_only,597,279,67,0,55,14.0,7.0,7.0,2,136.0,260.0,8.32258064516129,15336.35507713138,0.6142467795750295,852.0197265072989,1842.7403387250883,30.656335295606688,False,,2025-12-03-qwen3-pass-classifications
679116021620,679116021620-1,b_only,551,261,68,0,51,14.0,7.0,7.0,2,131.0,244.0,8.86864406779661,15219.969743648999,0.5720517374583792,845.5538746471666,1716.1552123751378,32.925135489757416,False,,2025-12-03-qwen3-pass-classifications
679116021620,679116021620-1,ground_truth,597,279,67,0,55,14.0,7.0,7.0,2,136.0,260.0,8.32258064516129,15336.35507713138,0.6142467795750295,852.0197265072989,1842.7403387250883,30.656335295606688,False,,2025-12-03-qwen3-pass-classifications
682086026826,682086026826-1,agent,200,25,17,0,6,0.0,0.0,0.0,0,12.0,24.0,4.0,344.15640006923104,0.028679700005769252,19.11980000384617,86.03910001730776,71.08813723919457,False,,2025-12-03-qwen3-pass-classifications
682086026826,682086026826-1,bypass,200,25,17,0,6,0.0,0.0,0.0,0,12.0,24.0,4.0,344.15640006923104,0.028679700005769252,19.11980000384617,86.03910001730776,71.08813723919457,False,,2025-12-03-qwen3-pass-classifications
682086026826,682086026826-1,a_only,200,25,17,0,6,0.0,0.0,0.0,0,12.0,24.0,4.0,344.15640006923104,0.028679700005769252,19.11980000384617,86.03910001730776,71.08813723919457,False,,2025-12-03-qwen3-pass-classifications
682086026826,682086026826-1,b_only,200,25,17,0,6,0.0,0.0,0.0,0,12.0,24.0,4.0,344.15640006923104,0.028679700005769252,19.11980000384617,86.03910001730776,71.08813723919457,False,,2025-12-03-qwen3-pass-classifications
682086026826,682086026826-1,ground_truth,200,25,17,0,6,0.0,0.0,0.0,0,12.0,24.0,4.0,344.15640006923104,0.028679700005769252,19.11980000384617,86.03910001730776,71.08813723919457,False,,2025-12-03-qwen3-pass-classifications
682118651221,682118651221-1,agent,347,300,15,0,58,128.0,3.2,12.0,40,84.0,143.0,6.351351351351352,5805.779107904871,0.30470046381912086,322.5432837724928,914.1013914573626,23.184699142379106,False,,2025-12-03-qwen3-pass-classifications
682118651221,682118651221-1,bypass,347,300,15,0,59,128.0,3.2,12.0,40,84.0,143.0,6.351351351351352,5805.779107904871,0.30470046381912086,322.5432837724928,914.1013914573626,23.184699142379106,False,,2025-12-03-qwen3-pass-classifications
682118651221,682118651221-1,a_only,347,300,15,0,59,128.0,3.2,12.0,40,84.0,143.0,6.351351351351352,5805.779107904871,0.30470046381912086,322.5432837724928,914.1013914573626,23.184699142379106,False,,2025-12-03-qwen3-pass-classifications
682118651221,682118651221-1,b_only,347,300,15,0,59,128.0,3.2,12.0,40,84.0,143.0,6.351351351351352,5805.779107904871,0.30470046381912086,322.5432837724928,914.1013914573626,23.184699142379106,False,,2025-12-03-qwen3-pass-classifications
682118651221,682118651221-1,ground_truth,347,300,15,0,59,128.0,3.2,12.0,40,84.0,143.0,6.351351351351352,5805.779107904871,0.30470046381912086,322.5432837724928,914.1013914573626,23.184699142379106,False,,2025-12-03-qwen3-pass-classifications
689359574943,689359574943-1,agent,2428,1326,303,134,461,414.0,15.333333333333334,69.0,27,445.0,873.0,10.592074592074592,81350.930253724,2.560119504023444,4519.496125206889,7680.358512070333,0.0,False,,2025-12-03-qwen3-pass-classifications
689359574943,689359574943-1,bypass,2420,1318,297,131,452,409.0,15.148148148148149,69.0,27,444.0,870.0,10.57943925233645,80944.78992351625,2.5503806012415304,4496.932773528681,7651.141803724591,0.0,False,,2025-12-03-qwen3-pass-classifications
689359574943,689359574943-1,a_only,2420,1318,297,131,452,409.0,15.148148148148149,69.0,27,444.0,870.0,10.57943925233645,80944.78992351625,2.5503806012415304,4496.932773528681,7651.141803724591,0.0,False,,2025-12-03-qwen3-pass-classifications
689359574943,689359574943-1,b_only,2363,1282,290,131,444,399.0,14.777777777777779,69.0,27,436.0,852.0,10.571428571428571,78973.78361550509,2.490164348236647,4387.432423083616,7470.493044709941,0.0,False,,2025-12-03-qwen3-pass-classifications
689359574943,689359574943-1,ground_truth,2420,1318,297,131,452,409.0,15.148148148148149,69.0,27,444.0,870.0,10.57943925233645,80944.78992351625,2.5503806012415304,4496.932773528681,7651.141803724591,0.0,False,,2025-12-03-qwen3-pass-classifications
691128606145,691128606145-1,agent,167,104,20,0,29,29.0,3.625,9.0,8,19.0,35.0,2.15625,320.58577953019557,0.04955915432350849,17.810321085010866,148.67746297052548,56.509156644414176,False,,2025-12-03-qwen3-pass-classifications
691128606145,691128606145-1,bypass,167,104,20,0,29,29.0,3.625,9.0,8,19.0,35.0,2.15625,320.58577953019557,0.04955915432350849,17.810321085010866,148.67746297052548,56.509156644414176,False,,2025-12-03-qwen3-pass-classifications
691128606145,691128606145-1,a_only,167,104,20,0,29,29.0,3.625,9.0,8,19.0,35.0,2.15625,320.58577953019557,0.04955915432350849,17.810321085010866,148.67746297052548,56.509156644414176,False,,2025-12-03-qwen3-pass-classifications
691128606145,691128606145-1,b_only,167,104,20,0,29,29.0,3.625,9.0,8,19.0,35.0,2.15625,320.58577953019557,0.04955915432350849,17.810321085010866,148.67746297052548,56.509156644414176,False,,2025-12-03-qwen3-pass-classifications
691128606145,691128606145-1,ground_truth,167,104,20,0,29,29.0,3.625,9.0,8,19.0,35.0,2.15625,320.58577953019557,0.04955915432350849,17.810321085010866,148.67746297052548,56.509156644414176,False,,2025-12-03-qwen3-pass-classifications
699354904206,699354904206-1,agent,51,8,1,0,4,1.0,1.0,1.0,1,3.0,3.0,0.5,2.3774437510817346,0.0015849625007211565,0.1320802083934297,4.754887502163469,83.78953188610211,False,,2025-12-03-qwen3-pass-classifications
699354904206,699354904206-1,bypass,53,8,1,0,4,1.0,1.0,1.0,1,3.0,3.0,0.5,2.3774437510817346,0.0015849625007211565,0.1320802083934297,4.754887502163469,83.63454739554643,False,,2025-12-03-qwen3-pass-classifications
699354904206,699354904206-1,a_only,53,8,1,0,4,1.0,1.0,1.0,1,3.0,3.0,0.5,2.3774437510817346,0.0015849625007211565,0.1320802083934297,4.754887502163469,83.63454739554643,False,,2025-12-03-qwen3-pass-classifications
699354904206,699354904206-1,b_only,51,8,1,0,4,1.0,1.0,1.0,1,3.0,3.0,0.5,2.3774437510817346,0.0015849625007211565,0.1320802083934297,4.754887502163469,83.78953188610211,False,,2025-12-03-qwen3-pass-classifications
699354904206,699354904206-1,ground_truth,53,8,1,0,4,1.0,1.0,1.0,1,3.0,3.0,0.5,2.3774437510817346,0.0015849625007211565,0.1320802083934297,4.754887502163469,83.63454739554643,False,,2025-12-03-qwen3-pass-classifications
71222375962,71222375962-1,agent,609,544,29,271,118,0.0,0.0,0.0,0,0.0,0.0,0.0,0.0,0.0,0.0,0.0,0.0,False,,2025-12-03-qwen3-pass-classifications
71222375962,71222375962-1,bypass,587,535,32,262,115,70.0,2.3333333333333335,9.0,30,57.0,70.0,6.133333333333334,2504.254112748063,0.13610076699717732,139.1252284860035,408.302300991532,44.96068319611996,False,,2025-12-03-qwen3-pass-classifications
71222375962,71222375962-1,a_only,587,535,32,262,115,70.0,2.3333333333333335,9.0,30,57.0,70.0,6.133333333333334,2504.254112748063,0.13610076699717732,139.1252284860035,408.302300991532,44.96068319611996,False,,2025-12-03-qwen3-pass-classifications
71222375962,71222375962-1,b_only,605,541,29,271,114,72.0,2.4,9.0,30,60.0,76.0,6.25,2805.7730329140463,0.1496412284220825,155.8762796063359,448.92368526624745,44.274545092656,False,,2025-12-03-qwen3-pass-classifications
71222375962,71222375962-1,ground_truth,605,541,29,271,114,72.0,2.4,9.0,30,60.0,76.0,6.25,2805.7730329140463,0.1496412284220825,155.8762796063359,448.92368526624745,44.274545092656,False,,2025-12-03-qwen3-pass-classifications
725621805577,725621805577-1,agent,90,132,15,16,29,14.0,2.0,5.0,7,11.0,14.0,1.5,72.64806399138325,0.016144014220307392,4.036003555076848,48.43204266092217,68.68959072531813,False,,2025-12-03-qwen3-pass-classifications
725621805577,725621805577-1,bypass,86,124,21,16,34,14.0,2.0,5.0,7,8.0,11.0,1.0,33.0,0.011,1.8333333333333333,33.0,71.61614404845574,False,,2025-12-03-qwen3-pass-classifications
725621805577,725621805577-1,a_only,86,124,21,16,34,14.0,2.0,5.0,7,8.0,11.0,1.0,33.0,0.011,1.8333333333333333,33.0,71.61614404845574,False,,2025-12-03-qwen3-pass-classifications
725621805577,725621805577-1,b_only,98,134,27,16,39,17.0,1.8888888888888888,5.0,9,11.0,14.0,1.5,72.64806399138325,0.016144014220307392,4.036003555076848,48.43204266092217,69.66011993616513,False,,2025-12-03-qwen3-pass-classifications
725621805577,725621805577-1,ground_truth,86,124,21,16,34,14.0,2.0,5.0,7,8.0,11.0,1.0,33.0,0.011,1.8333333333333333,33.0,71.61614404845574,False,,2025-12-03-qwen3-pass-classifications
731677227344,731677227344-1,agent,130,80,15,24,13,3.0,1.0,1.0,3,3.0,4.0,0.5,3.1699250014423126,0.002113283334294875,0.17610694452457293,6.339850002884625,79.24130474049967,False,,2025-12-03-qwen3-pass-classifications
731677227344,731677227344-1,bypass,130,80,15,24,13,3.0,1.0,1.0,3,3.0,4.0,0.5,3.1699250014423126,0.002113283334294875,0.17610694452457293,6.339850002884625,79.24130474049967,False,,2025-12-03-qwen3-pass-classifications
731677227344,731677227344-1,a_only,130,80,15,24,13,3.0,1.0,1.0,3,3.0,4.0,0.5,3.1699250014423126,0.002113283334294875,0.17610694452457293,6.339850002884625,79.24130474049967,False,,2025-12-03-qwen3-pass-classifications
731677227344,731677227344-1,b_only,123,76,15,24,13,3.0,1.0,1.0,3,3.0,4.0,0.5,3.1699250014423126,0.002113283334294875,0.17610694452457293,6.339850002884625,80.10689606756107,False,,2025-12-03-qwen3-pass-classifications
731677227344,731677227344-1,ground_truth,130,80,15,24,13,3.0,1.0,1.0,3,3.0,4.0,0.5,3.1699250014423126,0.002113283334294875,0.17610694452457293,6.339850002884625,79.24130474049967,False,,2025-12-03-qwen3-pass-classifications
73567426006,73567426006-1,agent,496,369,102,12,117,0.0,0.0,0.0,0,0.0,0.0,0.0,0.0,0.0,0.0,0.0,0.0,False,,2025-12-03-qwen3-pass-classifications
73567426006,73567426006-1,bypass,282,214,61,9,86,94.0,8.545454545454545,26.0,11,83.0,155.0,12.417910447761194,12270.523657708949,0.32937703728625783,681.6957587616083,988.1311118587735,41.99912209439196,False,,2025-12-03-qwen3-pass-classifications
73567426006,73567426006-1,a_only,282,214,61,9,86,94.0,8.545454545454545,26.0,11,83.0,155.0,12.417910447761194,12270.523657708949,0.32937703728625783,681.6957587616083,988.1311118587735,41.99912209439196,False,,2025-12-03-qwen3-pass-classifications
73567426006,73567426006-1,b_only,285,215,53,9,78,106.0,10.6,43.0,10,94.0,194.0,12.531645569620252,15935.118162698824,0.4238634124084873,885.2843423721569,1271.5902372254618,38.53195517109571,False,,2025-12-03-qwen3-pass-classifications
73567426006,73567426006-1,ground_truth,282,214,61,9,86,94.0,8.545454545454545,26.0,11,83.0,155.0,12.417910447761194,12270.523657708949,0.32937703728625783,681.6957587616083,988.1311118587735,41.99912209439196,False,,2025-12-03-qwen3-pass-classifications
74343481119,74343481119-1,agent,145,95,19,23,39,30.0,10.0,19.0,3,22.0,37.0,2.5555555555555554,421.66403416225995,0.05499965662986,23.42577967568111,164.99896988958,63.8221745514832,False,,2025-12-03-qwen3-pass-classifications
74343481119,74343481119-1,bypass,145,95,19,23,39,30.0,10.0,19.0,3,22.0,37.0,2.5555555555555554,421.66403416225995,0.05499965662986,23.42577967568111,164.99896988958,63.8221745514832,False,,2025-12-03-qwen3-pass-classifications
74343481119,74343481119-1,a_only,145,95,19,23,39,30.0,10.0,19.0,3,22.0,37.0,2.5555555555555554,421.66403416225995,0.05499965662986,23.42577967568111,164.99896988958,63.8221745514832,False,,2025-12-03-qwen3-pass-classifications
74343481119,74343481119-1,b_only,142,95,19,23,39,30.0,10.0,19.0,3,22.0,37.0,2.5555555555555554,421.66403416225995,0.05499965662986,23.42577967568111,164.99896988958,63.97113717081808,False,,2025-12-03-qwen3-pass-classifications
74343481119,74343481119-1,ground_truth,145,95,19,23,39,30.0,10.0,19.0,3,22.0,37.0,2.5555555555555554,421.66403416225995,0.05499965662986,23.42577967568111,164.99896988958,63.8221745514832,False,,2025-12-03-qwen3-pass-classifications
746106492868,746106492868-1,agent,177,175,10,94,58,55.0,3.235294117647059,12.0,17,55.0,78.0,7.116279069767442,3209.057991683874,0.15031535255164116,178.280999537993,450.9460576549235,54.99636713971285,False,,2025-12-03-qwen3-pass-classifications
746106492868,746106492868-1,bypass,191,190,16,104,63,59.0,3.2777777777777777,12.0,18,55.0,78.0,7.116279069767442,3209.057991683874,0.15031535255164116,178.280999537993,450.9460576549235,53.608808584188886,False,,2025-12-03-qwen3-pass-classifications
746106492868,746106492868-1,a_only,191,190,16,104,63,59.0,3.2777777777777777,12.0,18,55.0,78.0,7.116279069767442,3209.057991683874,0.15031535255164116,178.280999537993,450.9460576549235,53.608808584188886,False,,2025-12-03-qwen3-pass-classifications
746106492868,746106492868-1,b_only,191,190,13,104,63,59.0,3.2777777777777777,12.0,18,55.0,78.0,7.116279069767442,3209.057991683874,0.15031535255164116,178.280999537993,450.9460576549235,53.645802630258714,False,,2025-12-03-qwen3-pass-classifications
746106492868,746106492868-1,ground_truth,191,190,16,104,63,59.0,3.2777777777777777,12.0,18,55.0,78.0,7.116279069767442,3209.057991683874,0.15031535255164116,178.280999537993,450.9460576549235,53.608808584188886,False,,2025-12-03-qwen3-pass-classifications
749744302881,749744302881-1,agent,227,122,40,3,25,50.0,16.666666666666668,38.0,3,51.0,100.0,7.071428571428571,4011.2150632512717,0.18908084473238318,222.8452812917373,567.2425341971496,51.687782511863404,False,,2025-12-03-qwen3-pass-classifications
749744302881,749744302881-1,bypass,227,122,37,3,26,50.0,16.666666666666668,38.0,3,51.0,100.0,7.071428571428571,4011.2150632512717,0.18908084473238318,222.8452812917373,567.2425341971496,51.09533137793076,False,,2025-12-03-qwen3-pass-classifications
749744302881,749744302881-1,a_only,227,122,37,3,26,50.0,16.666666666666668,38.0,3,51.0,100.0,7.071428571428571,4011.2150632512717,0.18908084473238318,222.8452812917373,567.2425341971496,51.09533137793076,False,,2025-12-03-qwen3-pass-classifications
749744302881,749744302881-1,b_only,213,116,34,3,25,47.0,15.666666666666666,36.0,3,49.0,94.0,6.975,3681.284509294136,0.17592757511560986,204.51580607189646,527.7827253468296,52.07853852153342,False,,2025-12-03-qwen3-pass-classifications
749744302881,749744302881-1,ground_truth,227,122,37,3,26,50.0,16.666666666666668,38.0,3,51.0,100.0,7.071428571428571,4011.2150632512717,0.18908084473238318,222.8452812917373,567.2425341971496,51.09533137793076,False,,2025-12-03-qwen3-pass-classifications
752856441164,752856441164-1,agent,3,3,0,0,1,1.0,1.0,1.0,1,0.0,0.0,0.0,0.0,0.0,0.0,0.0,100.0,False,,2025-12-03-qwen3-pass-classifications
752856441164,752856441164-1,bypass,3,3,0,0,1,1.0,1.0,1.0,1,0.0,0.0,0.0,0.0,0.0,0.0,0.0,100.0,False,,2025-12-03-qwen3-pass-classifications
752856441164,752856441164-1,a_only,3,3,0,0,1,1.0,1.0,1.0,1,0.0,0.0,0.0,0.0,0.0,0.0,0.0,100.0,False,,2025-12-03-qwen3-pass-classifications
752856441164,752856441164-1,b_only,3,3,0,0,1,1.0,1.0,1.0,1,0.0,0.0,0.0,0.0,0.0,0.0,0.0,100.0,False,,2025-12-03-qwen3-pass-classifications
752856441164,752856441164-1,ground_truth,3,3,0,0,1,1.0,1.0,1.0,1,0.0,0.0,0.0,0.0,0.0,0.0,0.0,100.0,False,,2025-12-03-qwen3-pass-classifications
753347001855,753347001855-1,agent,23,21,0,50,23,7.0,2.3333333333333335,3.0,3,8.0,8.0,1.5,36.0,0.008,2.0,24.0,63.34586927526081,False,,2025-12-03-qwen3-pass-classifications
753347001855,753347001855-1,bypass,72,58,1,89,36,22.0,3.6666666666666665,6.0,6,48.0,81.0,8.833333333333334,3996.040669265988,0.15079398751947123,222.00225940366602,452.3819625584137,62.12899343575188,False,,2025-12-03-qwen3-pass-classifications
753347001855,753347001855-1,a_only,72,58,1,89,36,22.0,3.6666666666666665,6.0,6,48.0,81.0,8.833333333333334,3996.040669265988,0.15079398751947123,222.00225940366602,452.3819625584137,62.12899343575188,False,,2025-12-03-qwen3-pass-classifications
753347001855,753347001855-1,b_only,21,19,0,50,22,7.0,2.3333333333333335,3.0,3,8.0,8.0,1.5,36.0,0.008,2.0,24.0,60.140901537701126,False,,2025-12-03-qwen3-pass-classifications
753347001855,753347001855-1,ground_truth,72,58,1,89,36,22.0,3.6666666666666665,6.0,6,48.0,81.0,8.833333333333334,3996.040669265988,0.15079398751947123,222.00225940366602,452.3819625584137,62.12899343575188,False,,2025-12-03-qwen3-pass-classifications
757793917295,757793917295-1,agent,125,94,19,19,28,28.0,14.0,24.0,2,39.0,52.0,3.71875,1022.0646540724873,0.09161363846027898,56.78136967069374,274.8409153808369,62.84645375220732,False,,2025-12-03-qwen3-pass-classifications
757793917295,757793917295-1,bypass,125,94,19,19,28,27.0,13.5,23.0,2,37.0,49.0,3.7333333333333334,952.982669019056,0.08508773830527286,52.943481612169776,255.26321491581857,63.205673346097214,False,,2025-12-03-qwen3-pass-classifications
757793917295,757793917295-1,a_only,125,94,19,19,28,27.0,13.5,23.0,2,37.0,49.0,3.7333333333333334,952.982669019056,0.08508773830527286,52.943481612169776,255.26321491581857,63.205673346097214,False,,2025-12-03-qwen3-pass-classifications
757793917295,757793917295-1,b_only,125,94,19,19,28,28.0,14.0,24.0,2,39.0,52.0,3.71875,1022.0646540724873,0.09161363846027898,56.78136967069374,274.8409153808369,62.84645375220732,False,,2025-12-03-qwen3-pass-classifications
757793917295,757793917295-1,ground_truth,127,94,19,19,29,27.0,13.5,23.0,2,37.0,49.0,3.7333333333333334,952.982669019056,0.08508773830527286,52.943481612169776,255.26321491581857,63.09490418412287,False,,2025-12-03-qwen3-pass-classifications
767144623221,767144623221-1,agent,932,539,101,12,70,153.0,30.6,102.0,5,223.0,490.0,15.960591133004925,61008.41714834225,1.2741469836536499,3389.356508241236,3822.4409509609495,17.022988966593125,False,,2025-12-03-qwen3-pass-classifications
767144623221,767144623221-1,bypass,906,528,98,12,70,147.0,29.4,96.0,5,218.0,479.0,15.95959595959596,59385.02283512802,1.2403200971893826,3299.1679352848896,3720.9602915681476,18.11814956773367,False,,2025-12-03-qwen3-pass-classifications
767144623221,767144623221-1,a_only,906,528,98,12,70,147.0,29.4,96.0,5,218.0,479.0,15.95959595959596,59385.02283512802,1.2403200971893826,3299.1679352848896,3720.9602915681476,18.11814956773367,False,,2025-12-03-qwen3-pass-classifications
767144623221,767144623221-1,b_only,916,533,100,12,69,153.0,30.6,102.0,5,223.0,490.0,15.960591133004925,61008.41714834225,1.2741469836536499,3389.356508241236,3822.4409509609495,17.195833972968785,False,,2025-12-03-qwen3-pass-classifications
767144623221,767144623221-1,ground_truth,930,540,101,12,70,151.0,30.2,100.0,5,220.0,485.0,16.0,60383.35137695137,1.25798648701982,3354.630632052854,3773.9594610594604,17.330267598759793,False,,2025-12-03-qwen3-pass-classifications
773109441061,773109441061-1,agent,188,49,1,83,47,5.0,1.0,1.0,5,11.0,15.0,1.875,97.296514274174,0.01729715809318649,5.405361904120777,51.89147427955947,79.45431969275388,False,,2025-12-03-qwen3-pass-classifications
773109441061,773109441061-1,bypass,145,35,2,83,40,2.0,1.0,1.0,2,5.0,6.0,0.5,6.965784284662087,0.004643856189774725,0.3869880158145604,13.931568569324174,87.27462105164317,False,,2025-12-03-qwen3-pass-classifications
773109441061,773109441061-1,a_only,145,35,2,83,40,2.0,1.0,1.0,2,5.0,6.0,0.5,6.965784284662087,0.004643856189774725,0.3869880158145604,13.931568569324174,87.27462105164317,False,,2025-12-03-qwen3-pass-classifications
773109441061,773109441061-1,b_only,49,20,0,0,11,2.0,1.0,1.0,2,9.0,12.0,2.0,76.0782000346155,0.012679700005769252,4.226566668589751,38.03910001730775,60.15107681870442,False,,2025-12-03-qwen3-pass-classifications
773109441061,773109441061-1,ground_truth,145,35,2,83,40,2.0,1.0,1.0,2,5.0,6.0,0.5,6.965784284662087,0.004643856189774725,0.3869880158145604,13.931568569324174,87.27462105164317,False,,2025-12-03-qwen3-pass-classifications
775788536799,775788536799-1,agent,438,172,28,17,36,61.0,5.545454545454546,27.0,11,92.0,160.0,7.8,8141.405321159152,0.3479233043230407,452.30029561995286,1043.769912969122,40.58921522479646,False,,2025-12-03-qwen3-pass-classifications
775788536799,775788536799-1,bypass,438,172,28,17,36,61.0,5.545454545454546,27.0,11,92.0,160.0,7.8,8141.405321159152,0.3479233043230407,452.30029561995286,1043.769912969122,40.58921522479646,False,,2025-12-03-qwen3-pass-classifications
775788536799,775788536799-1,a_only,438,172,28,17,36,61.0,5.545454545454546,27.0,11,92.0,160.0,7.8,8141.405321159152,0.3479233043230407,452.30029561995286,1043.769912969122,40.58921522479646,False,,2025-12-03-qwen3-pass-classifications
775788536799,775788536799-1,b_only,434,167,28,17,34,61.0,6.1,27.0,10,92.0,160.0,7.8,8141.405321159152,0.3479233043230407,452.30029561995286,1043.769912969122,41.073422119930655,False,,2025-12-03-qwen3-pass-classifications
775788536799,775788536799-1,ground_truth,438,172,28,17,36,61.0,5.545454545454546,27.0,11,92.0,160.0,7.8,8141.405321159152,0.3479233043230407,452.30029561995286,1043.769912969122,40.58921522479646,False,,2025-12-03-qwen3-pass-classifications
78890468565,78890468565-1,agent,323,282,23,228,157,61.0,1.967741935483871,13.0,31,35.0,46.0,4.296296296296297,1013.6983029043831,0.07864900625982282,56.31657238357684,235.94701877946846,52.709617895420074,False,,2025-12-03-qwen3-pass-classifications
78890468565,78890468565-1,bypass,322,281,24,228,158,61.0,1.967741935483871,13.0,31,35.0,46.0,4.296296296296297,1013.6983029043831,0.07864900625982282,56.31657238357684,235.94701877946846,52.694778253360134,False,,2025-12-03-qwen3-pass-classifications
78890468565,78890468565-1,a_only,322,281,24,228,158,61.0,1.967741935483871,13.0,31,35.0,46.0,4.296296296296297,1013.6983029043831,0.07864900625982282,56.31657238357684,235.94701877946846,52.694778253360134,False,,2025-12-03-qwen3-pass-classifications
78890468565,78890468565-1,b_only,320,279,24,228,157,61.0,1.967741935483871,13.0,31,35.0,46.0,4.296296296296297,1013.6983029043831,0.07864900625982282,56.31657238357684,235.94701877946846,52.718626346206705,False,,2025-12-03-qwen3-pass-classifications
78890468565,78890468565-1,ground_truth,322,281,24,228,158,61.0,1.967741935483871,13.0,31,35.0,46.0,4.296296296296297,1013.6983029043831,0.07864900625982282,56.31657238357684,235.94701877946846,52.694778253360134,False,,2025-12-03-qwen3-pass-classifications
791503251376,791503251376-1,agent,157,122,31,27,39,25.0,3.125,6.0,8,39.0,50.0,4.95,1308.1370491684067,0.08809003698103748,72.67428050935592,264.27011094311246,62.53815121319811,False,,2025-12-03-qwen3-pass-classifications
791503251376,791503251376-1,bypass,157,122,31,27,39,25.0,3.125,6.0,8,39.0,50.0,4.95,1308.1370491684067,0.08809003698103748,72.67428050935592,264.27011094311246,62.53815121319811,False,,2025-12-03-qwen3-pass-classifications
791503251376,791503251376-1,a_only,157,122,31,27,39,25.0,3.125,6.0,8,39.0,50.0,4.95,1308.1370491684067,0.08809003698103748,72.67428050935592,264.27011094311246,62.53815121319811,False,,2025-12-03-qwen3-pass-classifications
791503251376,791503251376-1,b_only,154,122,30,27,39,25.0,3.125,6.0,8,39.0,50.0,4.95,1308.1370491684067,0.08809003698103748,72.67428050935592,264.27011094311246,62.54886257114616,False,,2025-12-03-qwen3-pass-classifications
791503251376,791503251376-1,ground_truth,157,122,31,27,39,25.0,3.125,6.0,8,39.0,50.0,4.95,1308.1370491684067,0.08809003698103748,72.67428050935592,264.27011094311246,62.53815121319811,False,,2025-12-03-qwen3-pass-classifications
795115689640,795115689640-1,agent,153,88,3,0,33,22.0,2.4444444444444446,6.0,9,21.0,31.0,2.3529411764705883,320.3808002497449,0.04538728003538052,17.79893334720805,136.16184010614157,49.122752144249894,False,,2025-12-03-qwen3-pass-classifications
795115689640,795115689640-1,bypass,153,88,3,0,33,22.0,2.4444444444444446,6.0,9,21.0,31.0,2.3529411764705883,320.3808002497449,0.04538728003538052,17.79893334720805,136.16184010614157,49.122752144249894,False,,2025-12-03-qwen3-pass-classifications
795115689640,795115689640-1,a_only,153,88,3,0,33,22.0,2.4444444444444446,6.0,9,21.0,31.0,2.3529411764705883,320.3808002497449,0.04538728003538052,17.79893334720805,136.16184010614157,49.122752144249894,False,,2025-12-03-qwen3-pass-classifications
795115689640,795115689640-1,b_only,187,120,3,0,43,28.0,3.111111111111111,9.0,9,33.0,45.0,3.3333333333333335,756.659117903768,0.07566591179037681,42.03661766132044,226.9977353711304,43.04403636022523,False,,2025-12-03-qwen3-pass-classifications
795115689640,795115689640-1,ground_truth,153,88,3,0,33,22.0,2.4444444444444446,6.0,9,21.0,31.0,2.3529411764705883,320.3808002497449,0.04538728003538052,17.79893334720805,136.16184010614157,49.122752144249894,False,,2025-12-03-qwen3-pass-classifications
796457589760,796457589760-1,agent,460,341,7,0,88,0.0,0.0,0.0,0,0.0,0.0,0.0,0.0,0.0,0.0,0.0,0.0,False,,2025-12-03-qwen3-pass-classifications
796457589760,796457589760-1,bypass,454,343,30,3,91,166.0,6.64,19.0,25,230.0,406.0,7.997695852534562,25474.812356064835,1.0617563202278055,1415.267353114713,3185.2689606834165,16.430349505840013,False,,2025-12-03-qwen3-pass-classifications
796457589760,796457589760-1,a_only,454,343,30,3,91,166.0,6.64,19.0,25,230.0,406.0,7.997695852534562,25474.812356064835,1.0617563202278055,1415.267353114713,3185.2689606834165,16.430349505840013,False,,2025-12-03-qwen3-pass-classifications
796457589760,796457589760-1,b_only,475,352,31,3,86,167.0,6.68,19.0,25,216.0,382.0,8.068965517241379,23903.237380806488,0.9874556752754817,1327.957632267027,2962.367025826445,16.16494129175752,False,,2025-12-03-qwen3-pass-classifications
796457589760,796457589760-1,ground_truth,454,343,30,3,91,166.0,6.64,19.0,25,230.0,406.0,7.997695852534562,25474.812356064835,1.0617563202278055,1415.267353114713,3185.2689606834165,16.430349505840013,False,,2025-12-03-qwen3-pass-classifications
796804316249,796804316249-1,agent,2,2,0,0,1,0.0,0.0,0.0,0,0.0,0.0,0.0,0.0,0.0,0.0,0.0,100.0,False,,2025-12-03-qwen3-pass-classifications
796804316249,796804316249-1,bypass,2,2,0,0,1,0.0,0.0,0.0,0,0.0,0.0,0.0,0.0,0.0,0.0,0.0,100.0,False,,2025-12-03-qwen3-pass-classifications
796804316249,796804316249-1,a_only,2,2,0,0,1,0.0,0.0,0.0,0,0.0,0.0,0.0,0.0,0.0,0.0,0.0,100.0,False,,2025-12-03-qwen3-pass-classifications
796804316249,796804316249-1,b_only,2,2,0,0,1,0.0,0.0,0.0,0,0.0,0.0,0.0,0.0,0.0,0.0,0.0,100.0,False,,2025-12-03-qwen3-pass-classifications
796804316249,796804316249-1,ground_truth,2,2,0,0,1,0.0,0.0,0.0,0,0.0,0.0,0.0,0.0,0.0,0.0,0.0,100.0,False,,2025-12-03-qwen3-pass-classifications
80135965120,80135965120-1,agent,166,103,22,60,49,0.0,0.0,0.0,0,0.0,0.0,0.0,0.0,0.0,0.0,0.0,0.0,False,,2025-12-03-qwen3-pass-classifications
80135965120,80135965120-1,bypass,158,98,22,60,51,28.0,3.5,9.0,8,13.0,15.0,2.2222222222222223,123.34799060470309,0.01850219859070546,6.852666144705727,55.506595772116384,70.81022268126756,False,,2025-12-03-qwen3-pass-classifications
80135965120,80135965120-1,a_only,158,98,22,60,51,28.0,3.5,9.0,8,13.0,15.0,2.2222222222222223,123.34799060470309,0.01850219859070546,6.852666144705727,55.506595772116384,70.81022268126756,False,,2025-12-03-qwen3-pass-classifications
80135965120,80135965120-1,b_only,158,98,22,60,51,28.0,3.5,9.0,8,13.0,15.0,2.2222222222222223,123.34799060470309,0.01850219859070546,6.852666144705727,55.506595772116384,70.81022268126756,False,,2025-12-03-qwen3-pass-classifications
80135965120,80135965120-1,ground_truth,158,98,22,60,51,28.0,3.5,9.0,8,13.0,15.0,2.2222222222222223,123.34799060470309,0.01850219859070546,6.852666144705727,55.506595772116384,70.81022268126756,False,,2025-12-03-qwen3-pass-classifications
802604061177,802604061177-1,agent,183,162,48,16,36,30.0,6.0,19.0,5,41.0,67.0,6.046875,2170.5619676209735,0.11965199476980387,120.58677597894297,358.95598430941163,57.7924116409272,False,,2025-12-03-qwen3-pass-classifications
802604061177,802604061177-1,bypass,183,162,49,16,35,30.0,6.0,19.0,5,41.0,67.0,6.046875,2170.5619676209735,0.11965199476980387,120.58677597894297,358.95598430941163,57.885569779072654,False,,2025-12-03-qwen3-pass-classifications
802604061177,802604061177-1,a_only,183,162,49,16,35,30.0,6.0,19.0,5,41.0,67.0,6.046875,2170.5619676209735,0.11965199476980387,120.58677597894297,358.95598430941163,57.885569779072654,False,,2025-12-03-qwen3-pass-classifications
802604061177,802604061177-1,b_only,145,147,45,15,35,28.0,7.0,18.0,4,38.0,62.0,6.206896551724138,2019.5472775872556,0.10845716861116743,112.19707097706976,325.3715058335023,60.049686989166325,False,,2025-12-03-qwen3-pass-classifications
802604061177,802604061177-1,ground_truth,183,162,49,16,35,30.0,6.0,19.0,5,41.0,67.0,6.046875,2170.5619676209735,0.11965199476980387,120.58677597894297,358.95598430941163,57.885569779072654,False,,2025-12-03-qwen3-pass-classifications
804718277370,804718277370-1,agent,112,116,8,31,223,30.0,2.727272727272727,5.0,11,15.0,19.0,2.1818181818181817,161.9583737815895,0.024743640438853954,8.997687432310528,74.23092131656186,66.66441482643924,False,,2025-12-03-qwen3-pass-classifications
804718277370,804718277370-1,bypass,56,55,1,0,13,14.0,2.3333333333333335,4.0,6,7.0,9.0,1.2,30.319433158222125,0.008422064766172813,1.6844129532345624,25.26619429851844,58.997892389042015,False,,2025-12-03-qwen3-pass-classifications
804718277370,804718277370-1,a_only,56,55,1,0,13,14.0,2.3333333333333335,4.0,6,7.0,9.0,1.2,30.319433158222125,0.008422064766172813,1.6844129532345624,25.26619429851844,58.997892389042015,False,,2025-12-03-qwen3-pass-classifications
804718277370,804718277370-1,b_only,112,116,8,31,38,30.0,2.727272727272727,5.0,11,15.0,19.0,2.1818181818181817,161.9583737815895,0.024743640438853954,8.997687432310528,74.23092131656186,66.66441482643924,False,,2025-12-03-qwen3-pass-classifications
804718277370,804718277370-1,ground_truth,56,55,1,0,13,14.0,2.3333333333333335,4.0,6,7.0,9.0,1.2,30.319433158222125,0.008422064766172813,1.6844129532345624,25.26619429851844,58.997892389042015,False,,2025-12-03-qwen3-pass-classifications
807318569422,807318569422-1,agent,1,1,0,0,0,0.0,0.0,0.0,0,0.0,0.0,0.0,0.0,0.0,0.0,0.0,100.0,False,,2025-12-03-qwen3-pass-classifications
807318569422,807318569422-1,bypass,1,1,0,0,0,0.0,0.0,0.0,0,0.0,0.0,0.0,0.0,0.0,0.0,0.0,100.0,False,,2025-12-03-qwen3-pass-classifications
807318569422,807318569422-1,a_only,1,1,0,0,0,0.0,0.0,0.0,0,0.0,0.0,0.0,0.0,0.0,0.0,0.0,100.0,False,,2025-12-03-qwen3-pass-classifications
807318569422,807318569422-1,b_only,1,1,0,0,0,0.0,0.0,0.0,0,0.0,0.0,0.0,0.0,0.0,0.0,0.0,100.0,False,,2025-12-03-qwen3-pass-classifications
807318569422,807318569422-1,ground_truth,1,1,0,0,0,0.0,0.0,0.0,0,0.0,0.0,0.0,0.0,0.0,0.0,0.0,100.0,False,,2025-12-03-qwen3-pass-classifications
807337690904,807337690904-1,agent,32,34,3,0,15,0.0,0.0,0.0,0,0.0,0.0,0.0,0.0,0.0,0.0,0.0,0.0,False,,2025-12-03-qwen3-pass-classifications
807337690904,807337690904-1,bypass,30,32,3,0,12,8.0,4.0,6.0,2,9.0,9.0,1.5,42.793987519471216,0.009509775004326938,2.377443751081734,28.529325012980813,73.85266448366043,False,,2025-12-03-qwen3-pass-classifications
807337690904,807337690904-1,a_only,30,32,3,0,12,8.0,4.0,6.0,2,9.0,9.0,1.5,42.793987519471216,0.009509775004326938,2.377443751081734,28.529325012980813,73.85266448366043,False,,2025-12-03-qwen3-pass-classifications
807337690904,807337690904-1,b_only,0,0,0,0,0,0.0,0.0,0.0,0,0.0,0.0,0.0,0.0,0.0,0.0,0.0,0.0,True,No code found for b_only,2025-12-03-qwen3-pass-classifications
807337690904,807337690904-1,ground_truth,30,32,3,0,12,8.0,4.0,6.0,2,9.0,9.0,1.5,42.793987519471216,0.009509775004326938,2.377443751081734,28.529325012980813,73.85266448366043,False,,2025-12-03-qwen3-pass-classifications
809992357823,809992357823-1,agent,1288,745,277,31,181,0.0,0.0,0.0,0,0.0,0.0,0.0,0.0,0.0,0.0,0.0,0.0,False,,2025-12-03-qwen3-pass-classifications
809992357823,809992357823-1,bypass,1309,751,280,31,181,262.0,9.703703703703704,39.0,27,328.0,612.0,11.096463022508038,56756.43126809468,1.704940608942089,3153.1350704497045,5114.821826826267,2.974887238012364,False,,2025-12-03-qwen3-pass-classifications
809992357823,809992357823-1,a_only,1309,751,280,31,181,262.0,9.703703703703704,39.0,27,328.0,612.0,11.096463022508038,56756.43126809468,1.704940608942089,3153.1350704497045,5114.821826826267,2.974887238012364,False,,2025-12-03-qwen3-pass-classifications
809992357823,809992357823-1,b_only,1305,747,280,31,181,263.0,9.74074074074074,39.0,27,332.0,618.0,11.063492063492063,57262.138649126384,1.7252581228574664,3181.229924951466,5175.774368572399,2.8789782142114495,False,,2025-12-03-qwen3-pass-classifications
809992357823,809992357823-1,ground_truth,1309,751,280,31,181,262.0,9.703703703703704,39.0,27,328.0,612.0,11.096463022508038,56756.43126809468,1.704940608942089,3153.1350704497045,5114.821826826267,2.974887238012364,False,,2025-12-03-qwen3-pass-classifications
812562829138,812562829138-1,agent,195,166,19,5,47,36.0,2.25,10.0,16,24.0,39.0,4.0,715.2541501125005,0.05960451250937504,39.736341672916694,178.81353752812512,50.25489728662861,False,,2025-12-03-qwen3-pass-classifications
812562829138,812562829138-1,bypass,186,166,19,5,48,36.0,2.25,10.0,16,24.0,39.0,4.0,715.2541501125005,0.05960451250937504,39.736341672916694,178.81353752812512,50.631654823109635,False,,2025-12-03-qwen3-pass-classifications
812562829138,812562829138-1,a_only,186,166,19,5,48,36.0,2.25,10.0,16,24.0,39.0,4.0,715.2541501125005,0.05960451250937504,39.736341672916694,178.81353752812512,50.631654823109635,False,,2025-12-03-qwen3-pass-classifications
812562829138,812562829138-1,b_only,195,166,18,5,48,36.0,2.25,10.0,16,24.0,39.0,4.0,715.2541501125005,0.05960451250937504,39.736341672916694,178.81353752812512,49.918231692877406,False,,2025-12-03-qwen3-pass-classifications
812562829138,812562829138-1,ground_truth,195,166,19,5,48,36.0,2.25,10.0,16,24.0,39.0,4.0,715.2541501125005,0.05960451250937504,39.736341672916694,178.81353752812512,50.25489728662861,False,,2025-12-03-qwen3-pass-classifications
813398586551,813398586551-1,agent,146,79,1,9,16,20.0,3.3333333333333335,4.0,6,9.0,15.0,1.4285714285714286,67.92696431662098,0.01584962500721156,3.7737202398122767,47.548875021634686,59.665875271853594,False,,2025-12-03-qwen3-pass-classifications
813398586551,813398586551-1,bypass,146,79,1,9,16,20.0,3.3333333333333335,4.0,6,9.0,15.0,1.4285714285714286,67.92696431662098,0.01584962500721156,3.7737202398122767,47.548875021634686,59.665875271853594,False,,2025-12-03-qwen3-pass-classifications
813398586551,813398586551-1,a_only,146,79,1,9,16,20.0,3.3333333333333335,4.0,6,9.0,15.0,1.4285714285714286,67.92696431662098,0.01584962500721156,3.7737202398122767,47.548875021634686,59.665875271853594,False,,2025-12-03-qwen3-pass-classifications
813398586551,813398586551-1,b_only,125,75,3,9,18,19.0,3.1666666666666665,4.0,6,9.0,12.0,2.0,76.0782000346155,0.012679700005769252,4.226566668589751,38.03910001730775,63.38960391277439,False,,2025-12-03-qwen3-pass-classifications
813398586551,813398586551-1,ground_truth,146,79,1,9,16,20.0,3.3333333333333335,4.0,6,9.0,15.0,1.4285714285714286,67.92696431662098,0.01584962500721156,3.7737202398122767,47.548875021634686,59.665875271853594,False,,2025-12-03-qwen3-pass-classifications
822687353565,822687353565-1,agent,0,0,0,0,0,0.0,0.0,0.0,0,0.0,0.0,0.0,0.0,0.0,0.0,0.0,0.0,False,,2025-12-03-qwen3-pass-classifications
822687353565,822687353565-1,bypass,333,286,38,97,111,88.0,3.142857142857143,14.0,28,31.0,44.0,4.869565217391305,1061.4904094602837,0.07266154588567418,58.9716894144602,217.98463765702255,48.81360414742234,False,,2025-12-03-qwen3-pass-classifications
822687353565,822687353565-1,a_only,333,286,38,97,111,88.0,3.142857142857143,14.0,28,31.0,44.0,4.869565217391305,1061.4904094602837,0.07266154588567418,58.9716894144602,217.98463765702255,48.81360414742234,False,,2025-12-03-qwen3-pass-classifications
822687353565,822687353565-1,b_only,336,291,39,97,112,89.0,3.1785714285714284,14.0,28,31.0,44.0,4.869565217391305,1061.4904094602837,0.07266154588567418,58.9716894144602,217.98463765702255,48.50727158614517,False,,2025-12-03-qwen3-pass-classifications
822687353565,822687353565-1,ground_truth,333,286,38,97,111,88.0,3.142857142857143,14.0,28,31.0,44.0,4.869565217391305,1061.4904094602837,0.07266154588567418,58.9716894144602,217.98463765702255,48.81360414742234,False,,2025-12-03-qwen3-pass-classifications
831842541379,831842541379-1,agent,175,36,0,15,14,2.0,1.0,1.0,2,5.0,6.0,0.5,6.965784284662087,0.004643856189774725,0.3869880158145604,13.931568569324174,74.44151389702544,False,,2025-12-03-qwen3-pass-classifications
831842541379,831842541379-1,bypass,149,35,1,83,40,2.0,1.0,1.0,2,5.0,6.0,0.5,6.965784284662087,0.004643856189774725,0.3869880158145604,13.931568569324174,87.27492287625248,False,,2025-12-03-qwen3-pass-classifications
831842541379,831842541379-1,a_only,149,35,1,83,40,2.0,1.0,1.0,2,5.0,6.0,0.5,6.965784284662087,0.004643856189774725,0.3869880158145604,13.931568569324174,87.27492287625248,False,,2025-12-03-qwen3-pass-classifications
831842541379,831842541379-1,b_only,33,9,0,0,5,0.0,0.0,0.0,0,3.0,3.0,0.5,2.3774437510817346,0.0015849625007211565,0.1320802083934297,4.754887502163469,74.17383745932607,False,,2025-12-03-qwen3-pass-classifications
831842541379,831842541379-1,ground_truth,149,35,1,83,40,2.0,1.0,1.0,2,5.0,6.0,0.5,6.965784284662087,0.004643856189774725,0.3869880158145604,13.931568569324174,87.27492287625248,False,,2025-12-03-qwen3-pass-classifications
838757145915,838757145915-1,agent,165,74,7,0,24,10.0,2.0,3.0,5,98.0,210.0,7.954545454545454,11049.572125965178,0.4630296890880647,613.8651181091766,1389.089067264194,48.515993553823044,False,,2025-12-03-qwen3-pass-classifications
838757145915,838757145915-1,bypass,165,74,7,0,24,10.0,2.0,3.0,5,98.0,210.0,7.954545454545454,11049.572125965178,0.4630296890880647,613.8651181091766,1389.089067264194,48.515993553823044,False,,2025-12-03-qwen3-pass-classifications
838757145915,838757145915-1,a_only,165,74,7,0,24,10.0,2.0,3.0,5,98.0,210.0,7.954545454545454,11049.572125965178,0.4630296890880647,613.8651181091766,1389.089067264194,48.515993553823044,False,,2025-12-03-qwen3-pass-classifications
838757145915,838757145915-1,b_only,132,48,5,0,14,8.0,2.0,3.0,4,81.0,171.0,7.125,7724.314747264555,0.3613714501644236,429.1285970702531,1084.1143504932709,52.876029082183784,False,,2025-12-03-qwen3-pass-classifications
838757145915,838757145915-1,ground_truth,132,48,5,0,14,8.0,2.0,3.0,4,81.0,171.0,7.125,7724.314747264555,0.3613714501644236,429.1285970702531,1084.1143504932709,52.876029082183784,False,,2025-12-03-qwen3-pass-classifications
846490432248,846490432248-1,agent,225,43,7,0,25,8.0,1.6,3.0,5,15.0,19.0,4.0,296.92368526624745,0.024743640438853954,16.4957602925693,74.23092131656186,60.91293254691696,False,,2025-12-03-qwen3-pass-classifications
846490432248,846490432248-1,bypass,49,20,0,0,11,2.0,1.0,1.0,2,9.0,12.0,2.0,76.0782000346155,0.012679700005769252,4.226566668589751,38.03910001730775,60.15107681870442,False,,2025-12-03-qwen3-pass-classifications
846490432248,846490432248-1,a_only,49,20,0,0,11,2.0,1.0,1.0,2,9.0,12.0,2.0,76.0782000346155,0.012679700005769252,4.226566668589751,38.03910001730775,60.15107681870442,False,,2025-12-03-qwen3-pass-classifications
846490432248,846490432248-1,b_only,191,32,7,0,17,6.0,2.0,3.0,3,10.0,10.0,2.0,66.43856189774725,0.01107309364962454,3.691031216541514,33.219280948873624,67.1383865754739,False,,2025-12-03-qwen3-pass-classifications
846490432248,846490432248-1,ground_truth,49,20,0,0,11,2.0,1.0,1.0,2,9.0,12.0,2.0,76.0782000346155,0.012679700005769252,4.226566668589751,38.03910001730775,60.15107681870442,False,,2025-12-03-qwen3-pass-classifications
851976000694,851976000694-1,agent,232,149,32,33,36,32.0,2.6666666666666665,8.0,12,8.0,8.0,1.5,36.0,0.008,2.0,24.0,66.12120674497325,False,,2025-12-03-qwen3-pass-classifications
851976000694,851976000694-1,bypass,232,149,32,33,36,32.0,2.6666666666666665,8.0,12,8.0,8.0,1.5,36.0,0.008,2.0,24.0,66.12120674497325,False,,2025-12-03-qwen3-pass-classifications
851976000694,851976000694-1,a_only,232,149,32,33,36,32.0,2.6666666666666665,8.0,12,8.0,8.0,1.5,36.0,0.008,2.0,24.0,66.12120674497325,False,,2025-12-03-qwen3-pass-classifications
851976000694,851976000694-1,b_only,232,149,32,33,36,32.0,2.6666666666666665,8.0,12,8.0,8.0,1.5,36.0,0.008,2.0,24.0,66.12120674497325,False,,2025-12-03-qwen3-pass-classifications
851976000694,851976000694-1,ground_truth,232,149,32,33,36,32.0,2.6666666666666665,8.0,12,8.0,8.0,1.5,36.0,0.008,2.0,24.0,66.12120674497325,False,,2025-12-03-qwen3-pass-classifications
860953185272,860953185272-1,agent,465,273,61,91,108,89.0,6.357142857142857,23.0,14,136.0,253.0,11.133333333333333,19963.492833711207,0.5977093662787787,1109.0829352061783,1793.128098836336,39.999172501553424,False,,2025-12-03-qwen3-pass-classifications
860953185272,860953185272-1,bypass,465,272,60,91,101,89.0,6.357142857142857,23.0,14,135.0,250.0,11.092436974789916,19624.782748124155,0.5897346330875692,1090.2657082291198,1769.2038992627079,40.03159558035786,False,,2025-12-03-qwen3-pass-classifications
860953185272,860953185272-1,a_only,465,272,60,91,101,89.0,6.357142857142857,23.0,14,135.0,250.0,11.092436974789916,19624.782748124155,0.5897346330875692,1090.2657082291198,1769.2038992627079,40.03159558035786,False,,2025-12-03-qwen3-pass-classifications
860953185272,860953185272-1,b_only,430,254,53,94,102,83.0,5.928571428571429,22.0,14,120.0,214.0,10.846153846153847,16031.42437168396,0.4926915291534077,890.6346873157755,1478.074587460223,42.36291684148493,False,,2025-12-03-qwen3-pass-classifications
860953185272,860953185272-1,ground_truth,465,272,60,91,101,89.0,6.357142857142857,23.0,14,135.0,250.0,11.092436974789916,19624.782748124155,0.5897346330875692,1090.2657082291198,1769.2038992627079,40.03159558035786,False,,2025-12-03-qwen3-pass-classifications
865824106633,865824106633-1,agent,187,127,5,32,45,44.0,3.6666666666666665,11.0,12,35.0,52.0,3.5172413793103448,938.1281766164172,0.08890757229371275,52.1182320342454,266.72271688113824,54.89893938135919,False,,2025-12-03-qwen3-pass-classifications
865824106633,865824106633-1,bypass,248,165,6,32,51,51.0,3.4,11.0,15,40.0,59.0,4.03030303030303,1265.489992744883,0.10466458586611814,70.30499959693795,313.9937575983544,48.88833947799649,False,,2025-12-03-qwen3-pass-classifications
865824106633,865824106633-1,a_only,248,165,6,32,51,51.0,3.4,11.0,15,40.0,59.0,4.03030303030303,1265.489992744883,0.10466458586611814,70.30499959693795,313.9937575983544,48.88833947799649,False,,2025-12-03-qwen3-pass-classifications
865824106633,865824106633-1,b_only,228,154,5,32,48,48.0,3.4285714285714284,11.0,14,37.0,56.0,3.4838709677419355,1016.3475469459319,0.0972431294917404,56.46375260810733,291.7293884752212,50.63884402324136,False,,2025-12-03-qwen3-pass-classifications
865824106633,865824106633-1,ground_truth,251,167,6,32,51,51.0,3.4,11.0,15,40.0,59.0,4.03030303030303,1265.489992744883,0.10466458586611814,70.30499959693795,313.9937575983544,48.676043267110664,False,,2025-12-03-qwen3-pass-classifications
866672974975,866672974975-1,agent,369,119,28,173,49,39.0,5.571428571428571,13.0,7,36.0,60.0,4.827586206896552,1497.4955176591525,0.10339850002884625,83.19419542550847,310.19550008653874,62.86063798990228,False,,2025-12-03-qwen3-pass-classifications
866672974975,866672974975-1,bypass,369,119,28,173,49,39.0,5.571428571428571,13.0,7,36.0,60.0,4.827586206896552,1497.4955176591525,0.10339850002884625,83.19419542550847,310.19550008653874,62.86063798990228,False,,2025-12-03-qwen3-pass-classifications
866672974975,866672974975-1,a_only,369,119,28,173,49,39.0,5.571428571428571,13.0,7,36.0,60.0,4.827586206896552,1497.4955176591525,0.10339850002884625,83.19419542550847,310.19550008653874,62.86063798990228,False,,2025-12-03-qwen3-pass-classifications
866672974975,866672974975-1,b_only,366,118,29,171,51,36.0,5.142857142857143,11.0,7,35.0,56.0,4.625,1328.4843013887462,0.09574661631630603,73.8046834104859,287.2398489489181,63.44625589237037,False,,2025-12-03-qwen3-pass-classifications
866672974975,866672974975-1,ground_truth,369,119,28,173,49,39.0,5.571428571428571,13.0,7,36.0,60.0,4.827586206896552,1497.4955176591525,0.10339850002884625,83.19419542550847,310.19550008653874,62.86063798990228,False,,2025-12-03-qwen3-pass-classifications
867907731861,867907731861-1,agent,44,62,2,0,20,3.0,1.0,1.0,3,0.0,0.0,0.0,0.0,0.0,0.0,0.0,100.0,False,,2025-12-03-qwen3-pass-classifications
867907731861,867907731861-1,bypass,44,62,7,0,20,3.0,1.0,1.0,3,0.0,0.0,0.0,0.0,0.0,0.0,0.0,100.0,False,,2025-12-03-qwen3-pass-classifications
867907731861,867907731861-1,a_only,44,62,7,0,20,3.0,1.0,1.0,3,0.0,0.0,0.0,0.0,0.0,0.0,0.0,100.0,False,,2025-12-03-qwen3-pass-classifications
867907731861,867907731861-1,b_only,33,44,4,0,15,2.0,1.0,1.0,2,0.0,0.0,0.0,0.0,0.0,0.0,0.0,100.0,False,,2025-12-03-qwen3-pass-classifications
867907731861,867907731861-1,ground_truth,44,62,7,0,20,3.0,1.0,1.0,3,0.0,0.0,0.0,0.0,0.0,0.0,0.0,100.0,False,,2025-12-03-qwen3-pass-classifications
875863749916,875863749916-1,agent,226,135,15,56,43,30.0,4.285714285714286,11.0,7,35.0,59.0,5.62962962962963,1703.6818554060171,0.10087589933325102,94.64899196700095,302.627697999753,59.75296025461129,False,,2025-12-03-qwen3-pass-classifications
875863749916,875863749916-1,bypass,248,147,16,141,71,33.0,4.125,11.0,8,35.0,59.0,5.62962962962963,1703.6818554060171,0.10087589933325102,94.64899196700095,302.627697999753,60.87046521041341,False,,2025-12-03-qwen3-pass-classifications
875863749916,875863749916-1,a_only,248,147,16,141,71,33.0,4.125,11.0,8,35.0,59.0,5.62962962962963,1703.6818554060171,0.10087589933325102,94.64899196700095,302.627697999753,60.87046521041341,False,,2025-12-03-qwen3-pass-classifications
875863749916,875863749916-1,b_only,663,363,68,148,114,85.0,9.444444444444445,16.0,9,81.0,144.0,7.385714285714286,6742.702185925065,0.304312800138462,374.59456588472585,912.938400415386,40.00330147975146,False,,2025-12-03-qwen3-pass-classifications
875863749916,875863749916-1,ground_truth,248,147,16,141,71,33.0,4.125,11.0,8,35.0,59.0,5.62962962962963,1703.6818554060171,0.10087589933325102,94.64899196700095,302.627697999753,60.87046521041341,False,,2025-12-03-qwen3-pass-classifications
881098065430,881098065430-1,agent,652,525,53,4,175,65.0,3.25,8.0,20,131.0,253.0,6.012295081967213,10698.614673949289,0.5931520064629916,594.3674818860716,1779.456019388975,28.39656432277598,False,,2025-12-03-qwen3-pass-classifications
881098065430,881098065430-1,bypass,652,525,53,4,174,65.0,3.25,8.0,20,131.0,253.0,6.012295081967213,10698.614673949289,0.5931520064629916,594.3674818860716,1779.456019388975,28.39656432277598,False,,2025-12-03-qwen3-pass-classifications
881098065430,881098065430-1,a_only,652,525,53,4,174,65.0,3.25,8.0,20,131.0,253.0,6.012295081967213,10698.614673949289,0.5931520064629916,594.3674818860716,1779.456019388975,28.39656432277598,False,,2025-12-03-qwen3-pass-classifications
881098065430,881098065430-1,b_only,600,471,53,4,163,56.0,3.111111111111111,8.0,18,123.0,238.0,6.0394736842105265,9979.133810424595,0.5507728174235796,554.3963228013664,1652.318452270739,31.207920641965554,False,,2025-12-03-qwen3-pass-classifications
881098065430,881098065430-1,ground_truth,652,525,53,4,174,65.0,3.25,8.0,20,131.0,253.0,6.012295081967213,10698.614673949289,0.5931520064629916,594.3674818860716,1779.456019388975,28.39656432277598,False,,2025-12-03-qwen3-pass-classifications
885802345950,885802345950-1,agent,388,316,38,30,89,0.0,0.0,0.0,0,0.0,0.0,0.0,0.0,0.0,0.0,0.0,0.0,False,,2025-12-03-qwen3-pass-classifications
885802345950,885802345950-1,bypass,386,314,37,30,90,128.0,6.7368421052631575,26.0,19,109.0,199.0,6.515151515151516,8775.053525320629,0.4489562268768694,487.5029736289238,1346.8686806306082,32.795235192365936,False,,2025-12-03-qwen3-pass-classifications
885802345950,885802345950-1,a_only,386,314,37,30,90,128.0,6.7368421052631575,26.0,19,109.0,199.0,6.515151515151516,8775.053525320629,0.4489562268768694,487.5029736289238,1346.8686806306082,32.795235192365936,False,,2025-12-03-qwen3-pass-classifications
885802345950,885802345950-1,b_only,0,0,0,0,0,0.0,0.0,0.0,0,0.0,0.0,0.0,0.0,0.0,0.0,0.0,0.0,True,No code found for b_only,2025-12-03-qwen3-pass-classifications
885802345950,885802345950-1,ground_truth,389,316,37,30,89,129.0,6.7894736842105265,26.0,19,112.0,202.0,7.133663366336633,9809.398442685006,0.45836189808521194,544.9665801491669,1375.0856942556359,32.4740236202763,False,,2025-12-03-qwen3-pass-classifications
886040393559,886040393559-1,agent,58,49,8,0,20,16.0,5.333333333333333,13.0,3,19.0,23.0,4.375,427.44770604026075,0.03256744426973415,23.747094780014486,97.70233280920246,67.52463698021349,False,,2025-12-03-qwen3-pass-classifications
886040393559,886040393559-1,bypass,58,49,8,0,20,16.0,5.333333333333333,13.0,3,19.0,23.0,4.375,427.44770604026075,0.03256744426973415,23.747094780014486,97.70233280920246,67.52463698021349,False,,2025-12-03-qwen3-pass-classifications
886040393559,886040393559-1,a_only,58,49,8,0,20,16.0,5.333333333333333,13.0,3,19.0,23.0,4.375,427.44770604026075,0.03256744426973415,23.747094780014486,97.70233280920246,67.52463698021349,False,,2025-12-03-qwen3-pass-classifications
886040393559,886040393559-1,b_only,58,49,7,0,20,16.0,5.333333333333333,13.0,3,19.0,23.0,4.375,427.44770604026075,0.03256744426973415,23.747094780014486,97.70233280920246,66.45616780742797,False,,2025-12-03-qwen3-pass-classifications
886040393559,886040393559-1,ground_truth,58,49,8,0,20,16.0,5.333333333333333,13.0,3,19.0,23.0,4.375,427.44770604026075,0.03256744426973415,23.747094780014486,97.70233280920246,67.52463698021349,False,,2025-12-03-qwen3-pass-classifications
887364641960,887364641960-1,agent,444,293,15,28,77,98.0,3.769230769230769,15.0,26,103.0,154.0,7.865168539325842,8098.929852026414,0.3432403603954052,449.9405473348008,1029.7210811862155,29.890017673454466,False,,2025-12-03-qwen3-pass-classifications
887364641960,887364641960-1,bypass,444,293,15,28,77,98.0,3.769230769230769,15.0,26,103.0,154.0,7.865168539325842,8098.929852026414,0.3432403603954052,449.9405473348008,1029.7210811862155,29.890017673454466,False,,2025-12-03-qwen3-pass-classifications
887364641960,887364641960-1,a_only,444,293,15,28,77,98.0,3.769230769230769,15.0,26,103.0,154.0,7.865168539325842,8098.929852026414,0.3432403603954052,449.9405473348008,1029.7210811862155,29.890017673454466,False,,2025-12-03-qwen3-pass-classifications
887364641960,887364641960-1,b_only,368,219,14,10,49,67.0,3.526315789473684,14.0,19,52.0,71.0,4.2727272727272725,1729.3061217669842,0.13491040666267254,96.07256232038802,404.7312199880176,36.84254217393745,False,,2025-12-03-qwen3-pass-classifications
887364641960,887364641960-1,ground_truth,444,293,15,28,77,98.0,3.769230769230769,15.0,26,103.0,154.0,7.865168539325842,8098.929852026414,0.3432403603954052,449.9405473348008,1029.7210811862155,29.890017673454466,False,,2025-12-03-qwen3-pass-classifications
895272203029,895272203029-1,agent,1,1,1,0,0,0.0,0.0,0.0,0,0.0,0.0,0.0,0.0,0.0,0.0,0.0,100.0,False,,2025-12-03-qwen3-pass-classifications
895272203029,895272203029-1,bypass,1,1,1,0,0,0.0,0.0,0.0,0,0.0,0.0,0.0,0.0,0.0,0.0,0.0,100.0,False,,2025-12-03-qwen3-pass-classifications
895272203029,895272203029-1,a_only,1,1,1,0,0,0.0,0.0,0.0,0,0.0,0.0,0.0,0.0,0.0,0.0,0.0,100.0,False,,2025-12-03-qwen3-pass-classifications
895272203029,895272203029-1,b_only,1,1,1,0,0,0.0,0.0,0.0,0,0.0,0.0,0.0,0.0,0.0,0.0,0.0,100.0,False,,2025-12-03-qwen3-pass-classifications
895272203029,895272203029-1,ground_truth,1,1,1,0,0,0.0,0.0,0.0,0,0.0,0.0,0.0,0.0,0.0,0.0,0.0,100.0,False,,2025-12-03-qwen3-pass-classifications
896303410886,896303410886-1,agent,713,319,46,0,57,110.0,11.0,52.0,10,120.0,245.0,8.022935779816514,13576.317223262515,0.5640627319746957,754.2398457368064,1692.188195924087,23.745907942985724,False,,2025-12-03-qwen3-pass-classifications
896303410886,896303410886-1,bypass,636,260,39,0,50,95.0,9.5,37.0,10,107.0,211.0,7.848958333333333,11164.74712466082,0.474149844710214,620.2637291478234,1422.449534130642,27.89396628136565,False,,2025-12-03-qwen3-pass-classifications
896303410886,896303410886-1,a_only,636,260,39,0,50,95.0,9.5,37.0,10,107.0,211.0,7.848958333333333,11164.74712466082,0.474149844710214,620.2637291478234,1422.449534130642,27.89396628136565,False,,2025-12-03-qwen3-pass-classifications
896303410886,896303410886-1,b_only,710,317,47,0,60,109.0,10.9,51.0,10,120.0,242.0,7.922018348623853,13241.396395344269,0.5571558413790871,735.6331330746816,1671.4675241372615,24.149361917827168,False,,2025-12-03-qwen3-pass-classifications
896303410886,896303410886-1,ground_truth,711,317,47,0,60,109.0,10.9,51.0,10,120.0,242.0,7.922018348623853,13241.396395344269,0.5571558413790871,735.6331330746816,1671.4675241372615,24.139916574746945,False,,2025-12-03-qwen3-pass-classifications
897976472360,897976472360-1,agent,262,160,10,8,27,51.0,8.5,18.0,6,38.0,52.0,4.4,1200.7258150758923,0.09096407689968881,66.70698972643847,272.89223069906643,44.45921011013338,False,,2025-12-03-qwen3-pass-classifications
897976472360,897976472360-1,bypass,266,162,10,8,26,51.0,8.5,18.0,6,38.0,52.0,4.4,1200.7258150758923,0.09096407689968881,66.70698972643847,272.89223069906643,44.23878821611437,False,,2025-12-03-qwen3-pass-classifications
897976472360,897976472360-1,a_only,266,162,10,8,26,51.0,8.5,18.0,6,38.0,52.0,4.4,1200.7258150758923,0.09096407689968881,66.70698972643847,272.89223069906643,44.23878821611437,False,,2025-12-03-qwen3-pass-classifications
897976472360,897976472360-1,b_only,265,161,10,8,26,51.0,8.5,18.0,6,38.0,52.0,4.4,1200.7258150758923,0.09096407689968881,66.70698972643847,272.89223069906643,44.32293806849788,False,,2025-12-03-qwen3-pass-classifications
897976472360,897976472360-1,ground_truth,266,162,10,8,26,51.0,8.5,18.0,6,38.0,52.0,4.4,1200.7258150758923,0.09096407689968881,66.70698972643847,272.89223069906643,44.23878821611437,False,,2025-12-03-qwen3-pass-classifications
900001676680,900001676680-1,agent,32,29,17,0,7,0.0,0.0,0.0,0,0.0,0.0,0.0,0.0,0.0,0.0,0.0,0.0,False,,2025-12-03-qwen3-pass-classifications
900001676680,900001676680-1,bypass,0,0,0,0,0,0.0,0.0,0.0,0,0.0,0.0,0.0,0.0,0.0,0.0,0.0,0.0,True,No code found for bypass,2025-12-03-qwen3-pass-classifications
900001676680,900001676680-1,a_only,0,0,0,0,0,0.0,0.0,0.0,0,0.0,0.0,0.0,0.0,0.0,0.0,0.0,0.0,True,No code found for a_only,2025-12-03-qwen3-pass-classifications
900001676680,900001676680-1,b_only,30,27,17,0,7,0.0,0.0,0.0,0,8.0,9.0,1.0,27.0,0.009,1.5,27.0,87.72284818570542,False,,2025-12-03-qwen3-pass-classifications
900001676680,900001676680-1,ground_truth,34,31,17,0,7,0.0,0.0,0.0,0,8.0,9.0,1.0,27.0,0.009,1.5,27.0,86.25289420272871,False,,2025-12-03-qwen3-pass-classifications
900111114273,900111114273-1,agent,619,311,19,0,71,0.0,0.0,0.0,0,0.0,0.0,0.0,0.0,0.0,0.0,0.0,0.0,False,,2025-12-03-qwen3-pass-classifications
900111114273,900111114273-1,bypass,497,245,12,0,62,64.0,2.909090909090909,8.0,22,31.0,52.0,2.3703703703703702,610.6505674432415,0.08587273604670584,33.92503152462453,257.61820814011753,32.45253777350358,False,,2025-12-03-qwen3-pass-classifications
900111114273,900111114273-1,a_only,497,245,12,0,62,64.0,2.909090909090909,8.0,22,31.0,52.0,2.3703703703703702,610.6505674432415,0.08587273604670584,33.92503152462453,257.61820814011753,32.45253777350358,False,,2025-12-03-qwen3-pass-classifications
900111114273,900111114273-1,b_only,592,294,11,0,68,86.0,3.44,11.0,25,53.0,87.0,3.4468085106382977,1717.6449124811431,0.1661096931823328,95.42471736006351,498.32907954699834,25.060191268184465,False,,2025-12-03-qwen3-pass-classifications
900111114273,900111114273-1,ground_truth,575,296,19,0,72,85.0,3.4,10.0,25,51.0,83.0,3.466666666666667,1632.145851729932,0.15693710112787806,90.67476954055178,470.8113033836342,27.908664428720137,False,,2025-12-03-qwen3-pass-classifications
90998825390,90998825390-1,agent,271,192,26,11,61,40.0,2.857142857142857,5.0,14,52.0,78.0,1.04,462.41966993560544,0.14821143267166842,25.689981663089192,444.63429801500524,48.01324771813387,False,,2025-12-03-qwen3-pass-classifications
90998825390,90998825390-1,bypass,244,176,21,0,52,37.0,2.8461538461538463,5.0,13,47.0,69.0,1.0222222222222221,391.783667004996,0.12775554358858565,21.765759278055334,383.266630765757,45.99494947797035,False,,2025-12-03-qwen3-pass-classifications
90998825390,90998825390-1,a_only,244,176,21,0,52,37.0,2.8461538461538463,5.0,13,47.0,69.0,1.0222222222222221,391.783667004996,0.12775554358858565,21.765759278055334,383.266630765757,45.99494947797035,False,,2025-12-03-qwen3-pass-classifications
90998825390,90998825390-1,b_only,270,192,26,11,63,40.0,2.857142857142857,5.0,14,52.0,78.0,1.04,462.41966993560544,0.14821143267166842,25.689981663089192,444.63429801500524,48.043088156809624,False,,2025-12-03-qwen3-pass-classifications
90998825390,90998825390-1,ground_truth,282,200,26,11,63,0.0,0.0,0.0,0,0.0,0.0,0.0,0.0,0.0,0.0,0.0,0.0,False,,2025-12-03-qwen3-pass-classifications
911766458251,911766458251-1,agent,106,23,31,0,14,2.0,2.0,2.0,1,10.0,12.0,1.0,39.863137138648355,0.013287712379549451,2.2146187299249087,39.863137138648355,84.74140541464897,False,,2025-12-03-qwen3-pass-classifications
911766458251,911766458251-1,bypass,106,23,31,0,14,2.0,2.0,2.0,1,10.0,12.0,1.0,39.863137138648355,0.013287712379549451,2.2146187299249087,39.863137138648355,84.74140541464897,False,,2025-12-03-qwen3-pass-classifications
911766458251,911766458251-1,a_only,106,23,31,0,14,2.0,2.0,2.0,1,10.0,12.0,1.0,39.863137138648355,0.013287712379549451,2.2146187299249087,39.863137138648355,84.74140541464897,False,,2025-12-03-qwen3-pass-classifications
911766458251,911766458251-1,b_only,106,23,31,0,14,2.0,2.0,2.0,1,10.0,12.0,1.0,39.863137138648355,0.013287712379549451,2.2146187299249087,39.863137138648355,84.74140541464897,False,,2025-12-03-qwen3-pass-classifications
911766458251,911766458251-1,ground_truth,106,23,31,0,14,2.0,2.0,2.0,1,10.0,12.0,1.0,39.863137138648355,0.013287712379549451,2.2146187299249087,39.863137138648355,84.74140541464897,False,,2025-12-03-qwen3-pass-classifications
917426426510,917426426510-1,agent,75,14,42,0,7,0.0,0.0,0.0,0,7.0,9.0,0.5,12.63309714925922,0.008422064766172813,0.701838730514401,25.26619429851844,94.27710293042126,False,,2025-12-03-qwen3-pass-classifications
917426426510,917426426510-1,bypass,75,14,42,0,7,0.0,0.0,0.0,0,7.0,9.0,0.5,12.63309714925922,0.008422064766172813,0.701838730514401,25.26619429851844,94.27710293042126,False,,2025-12-03-qwen3-pass-classifications
917426426510,917426426510-1,a_only,75,14,42,0,7,0.0,0.0,0.0,0,7.0,9.0,0.5,12.63309714925922,0.008422064766172813,0.701838730514401,25.26619429851844,94.27710293042126,False,,2025-12-03-qwen3-pass-classifications
917426426510,917426426510-1,b_only,75,14,42,0,7,0.0,0.0,0.0,0,7.0,9.0,0.5,12.63309714925922,0.008422064766172813,0.701838730514401,25.26619429851844,94.27710293042126,False,,2025-12-03-qwen3-pass-classifications
917426426510,917426426510-1,ground_truth,75,14,42,0,7,0.0,0.0,0.0,0,7.0,9.0,0.5,12.63309714925922,0.008422064766172813,0.701838730514401,25.26619429851844,94.27710293042126,False,,2025-12-03-qwen3-pass-classifications
922038930101,922038930101-1,agent,113,61,9,0,14,9.0,2.25,3.0,4,15.0,24.0,1.2307692307692308,115.40353759335932,0.03125512476486815,6.411307644075517,93.76537429460444,61.90775766562898,False,,2025-12-03-qwen3-pass-classifications
922038930101,922038930101-1,bypass,113,61,9,0,15,9.0,2.25,3.0,4,15.0,24.0,1.2307692307692308,115.40353759335932,0.03125512476486815,6.411307644075517,93.76537429460444,61.90775766562898,False,,2025-12-03-qwen3-pass-classifications
922038930101,922038930101-1,a_only,113,61,9,0,15,9.0,2.25,3.0,4,15.0,24.0,1.2307692307692308,115.40353759335932,0.03125512476486815,6.411307644075517,93.76537429460444,61.90775766562898,False,,2025-12-03-qwen3-pass-classifications
922038930101,922038930101-1,b_only,112,60,9,0,15,9.0,2.25,3.0,4,18.0,27.0,1.8,202.65835507009638,0.03752932501298081,11.258797503894243,112.58797503894243,61.57149774287602,False,,2025-12-03-qwen3-pass-classifications
922038930101,922038930101-1,ground_truth,113,61,9,0,15,9.0,2.25,3.0,4,15.0,24.0,1.2307692307692308,115.40353759335932,0.03125512476486815,6.411307644075517,93.76537429460444,61.90775766562898,False,,2025-12-03-qwen3-pass-classifications
923952906245,923952906245-1,agent,121,108,2,0,31,39.0,3.25,12.0,12,29.0,37.0,4.380952380952381,787.4555860673456,0.05991509893990673,43.74753255929698,179.74529681972018,43.38380178099736,False,,2025-12-03-qwen3-pass-classifications
923952906245,923952906245-1,bypass,122,109,2,0,30,42.0,3.230769230769231,12.0,13,29.0,37.0,4.380952380952381,787.4555860673456,0.05991509893990673,43.74753255929698,179.74529681972018,43.265620556615005,False,,2025-12-03-qwen3-pass-classifications
923952906245,923952906245-1,a_only,122,109,2,0,30,42.0,3.230769230769231,12.0,13,29.0,37.0,4.380952380952381,787.4555860673456,0.05991509893990673,43.74753255929698,179.74529681972018,43.265620556615005,False,,2025-12-03-qwen3-pass-classifications
923952906245,923952906245-1,b_only,74,67,1,0,19,24.0,3.4285714285714284,9.0,7,20.0,23.0,3.0,298.21303854722805,0.033134782060803114,16.56739103040156,99.40434618240934,50.73435535368143,False,,2025-12-03-qwen3-pass-classifications
923952906245,923952906245-1,ground_truth,122,109,2,0,32,42.0,3.230769230769231,12.0,13,29.0,37.0,4.380952380952381,787.4555860673456,0.05991509893990673,43.74753255929698,179.74529681972018,43.265620556615005,False,,2025-12-03-qwen3-pass-classifications
928331411848,928331411848-1,agent,942,864,34,48,203,317.0,3.268041237113402,13.0,97,102.0,224.0,8.824175824175825,13188.818583638427,0.498207758867205,732.7121435354682,1494.6232766016149,0.0,False,,2025-12-03-qwen3-pass-classifications
928331411848,928331411848-1,bypass,525,466,17,24,119,162.0,3.24,13.0,50,78.0,112.0,5.992537313432836,4218.536820564143,0.2346550161708573,234.36315669800797,703.9650485125719,21.579410846521405,False,,2025-12-03-qwen3-pass-classifications
928331411848,928331411848-1,a_only,525,466,17,24,119,162.0,3.24,13.0,50,78.0,112.0,5.992537313432836,4218.536820564143,0.2346550161708573,234.36315669800797,703.9650485125719,21.579410846521405,False,,2025-12-03-qwen3-pass-classifications
928331411848,928331411848-1,b_only,522,464,17,24,119,161.0,3.22,13.0,50,78.0,112.0,5.992537313432836,4218.536820564143,0.2346550161708573,234.36315669800797,703.9650485125719,21.795302388591907,False,,2025-12-03-qwen3-pass-classifications
928331411848,928331411848-1,ground_truth,525,466,17,24,119,162.0,3.24,13.0,50,78.0,112.0,5.992537313432836,4218.536820564143,0.2346550161708573,234.36315669800797,703.9650485125719,21.579410846521405,False,,2025-12-03-qwen3-pass-classifications
929248875870,929248875870-1,agent,360,218,42,149,48,50.0,4.545454545454546,13.0,11,157.0,387.0,16.640287769784173,46975.835723569144,0.94100607660702,2609.768651309397,2823.01822982106,48.36239844715995,False,,2025-12-03-qwen3-pass-classifications
929248875870,929248875870-1,bypass,360,219,44,149,49,51.0,4.636363636363637,13.0,11,162.0,405.0,16.8125,49977.49741026659,0.9908797503894243,2776.527633903699,2972.639251168273,48.04075234043267,False,,2025-12-03-qwen3-pass-classifications
929248875870,929248875870-1,a_only,360,219,44,149,49,51.0,4.636363636363637,13.0,11,162.0,405.0,16.8125,49977.49741026659,0.9908797503894243,2776.527633903699,2972.639251168273,48.04075234043267,False,,2025-12-03-qwen3-pass-classifications
929248875870,929248875870-1,b_only,303,192,34,141,49,40.0,3.6363636363636362,8.0,11,141.0,341.0,11.52734375,28064.321367018496,0.8115290037226629,1559.1289648343609,2434.5870111679887,51.41580181347413,False,,2025-12-03-qwen3-pass-classifications
929248875870,929248875870-1,ground_truth,360,219,44,149,49,51.0,4.636363636363637,13.0,11,162.0,405.0,16.8125,49977.49741026659,0.9908797503894243,2776.527633903699,2972.639251168273,48.04075234043267,False,,2025-12-03-qwen3-pass-classifications
93141973279,93141973279-1,agent,715,390,83,110,147,122.0,4.357142857142857,15.0,28,147.0,256.0,8.947368421052632,16491.038970909398,0.6143720400927031,916.1688317171888,1843.1161202781093,33.30684333567258,False,,2025-12-03-qwen3-pass-classifications
93141973279,93141973279-1,bypass,712,387,83,110,147,122.0,4.357142857142857,15.0,28,147.0,256.0,8.947368421052632,16491.038970909398,0.6143720400927031,916.1688317171888,1843.1161202781093,33.41135885693175,False,,2025-12-03-qwen3-pass-classifications
93141973279,93141973279-1,a_only,712,387,83,110,147,122.0,4.357142857142857,15.0,28,147.0,256.0,8.947368421052632,16491.038970909398,0.6143720400927031,916.1688317171888,1843.1161202781093,33.41135885693175,False,,2025-12-03-qwen3-pass-classifications
93141973279,93141973279-1,b_only,712,387,83,110,147,122.0,4.357142857142857,15.0,28,147.0,256.0,8.947368421052632,16491.038970909398,0.6143720400927031,916.1688317171888,1843.1161202781093,33.41135885693175,False,,2025-12-03-qwen3-pass-classifications
93141973279,93141973279-1,ground_truth,712,387,83,110,147,122.0,4.357142857142857,15.0,28,147.0,256.0,8.947368421052632,16491.038970909398,0.6143720400927031,916.1688317171888,1843.1161202781093,33.41135885693175,False,,2025-12-03-qwen3-pass-classifications
933396705737,933396705737-1,agent,95,42,7,0,17,15.0,7.5,14.0,2,11.0,15.0,1.0,51.89147427955947,0.01729715809318649,2.8828596821977484,51.89147427955947,66.15654376468267,False,,2025-12-03-qwen3-pass-classifications
933396705737,933396705737-1,bypass,95,42,7,0,17,15.0,7.5,14.0,2,11.0,15.0,1.0,51.89147427955947,0.01729715809318649,2.8828596821977484,51.89147427955947,66.15654376468267,False,,2025-12-03-qwen3-pass-classifications
933396705737,933396705737-1,a_only,95,42,7,0,17,15.0,7.5,14.0,2,11.0,15.0,1.0,51.89147427955947,0.01729715809318649,2.8828596821977484,51.89147427955947,66.15654376468267,False,,2025-12-03-qwen3-pass-classifications
933396705737,933396705737-1,b_only,95,42,7,0,17,15.0,7.5,14.0,2,11.0,15.0,1.0,51.89147427955947,0.01729715809318649,2.8828596821977484,51.89147427955947,66.15654376468267,False,,2025-12-03-qwen3-pass-classifications
933396705737,933396705737-1,ground_truth,95,42,7,0,17,15.0,7.5,14.0,2,11.0,15.0,1.0,51.89147427955947,0.01729715809318649,2.8828596821977484,51.89147427955947,66.15654376468267,False,,2025-12-03-qwen3-pass-classifications
935544991465,935544991465-1,agent,341,210,15,26,62,0.0,0.0,0.0,0,0.0,0.0,0.0,0.0,0.0,0.0,0.0,0.0,False,,2025-12-03-qwen3-pass-classifications
935544991465,935544991465-1,bypass,330,202,14,25,60,41.0,2.7333333333333334,7.0,15,47.0,78.0,6.0394736842105265,2616.649869312668,0.14441931014361856,145.3694371840371,433.2579304308557,46.32462017027985,False,,2025-12-03-qwen3-pass-classifications
935544991465,935544991465-1,a_only,330,202,14,25,60,41.0,2.7333333333333334,7.0,15,47.0,78.0,6.0394736842105265,2616.649869312668,0.14441931014361856,145.3694371840371,433.2579304308557,46.32462017027985,False,,2025-12-03-qwen3-pass-classifications
935544991465,935544991465-1,b_only,311,185,14,26,58,44.0,2.75,7.0,16,43.0,70.0,5.257142857142857,1996.865429730372,0.12661284427638228,110.93696831835399,379.83853282914686,48.09520708819952,False,,2025-12-03-qwen3-pass-classifications
935544991465,935544991465-1,ground_truth,338,209,14,26,62,44.0,2.588235294117647,7.0,17,47.0,78.0,6.0394736842105265,2616.649869312668,0.14441931014361856,145.3694371840371,433.2579304308557,45.743635309187106,False,,2025-12-03-qwen3-pass-classifications
936753285532,936753285532-1,agent,225,138,15,129,64,30.0,4.285714285714286,11.0,7,35.0,59.0,5.62962962962963,1703.6818554060171,0.10087589933325102,94.64899196700095,302.627697999753,61.71634293927247,False,,2025-12-03-qwen3-pass-classifications
936753285532,936753285532-1,bypass,248,147,16,141,71,33.0,4.125,11.0,8,35.0,59.0,5.62962962962963,1703.6818554060171,0.10087589933325102,94.64899196700095,302.627697999753,60.87046521041341,False,,2025-12-03-qwen3-pass-classifications
936753285532,936753285532-1,a_only,248,147,16,141,71,33.0,4.125,11.0,8,35.0,59.0,5.62962962962963,1703.6818554060171,0.10087589933325102,94.64899196700095,302.627697999753,60.87046521041341,False,,2025-12-03-qwen3-pass-classifications
936753285532,936753285532-1,b_only,663,363,68,148,114,85.0,9.444444444444445,16.0,9,81.0,144.0,7.385714285714286,6742.702185925065,0.304312800138462,374.59456588472585,912.938400415386,40.00330147975146,False,,2025-12-03-qwen3-pass-classifications
936753285532,936753285532-1,ground_truth,248,147,16,141,71,33.0,4.125,11.0,8,35.0,59.0,5.62962962962963,1703.6818554060171,0.10087589933325102,94.64899196700095,302.627697999753,60.87046521041341,False,,2025-12-03-qwen3-pass-classifications
939726392597,939726392597-1,agent,271,192,26,11,56,40.0,2.857142857142857,5.0,14,52.0,78.0,1.04,462.41966993560544,0.14821143267166842,25.689981663089192,444.63429801500524,48.01324771813387,False,,2025-12-03-qwen3-pass-classifications
939726392597,939726392597-1,bypass,244,176,21,0,53,37.0,2.8461538461538463,5.0,13,47.0,69.0,1.0222222222222221,391.783667004996,0.12775554358858565,21.765759278055334,383.266630765757,45.99494947797035,False,,2025-12-03-qwen3-pass-classifications
939726392597,939726392597-1,a_only,244,176,21,0,53,37.0,2.8461538461538463,5.0,13,47.0,69.0,1.0222222222222221,391.783667004996,0.12775554358858565,21.765759278055334,383.266630765757,45.99494947797035,False,,2025-12-03-qwen3-pass-classifications
939726392597,939726392597-1,b_only,270,192,26,11,63,40.0,2.857142857142857,5.0,14,52.0,78.0,1.04,462.41966993560544,0.14821143267166842,25.689981663089192,444.63429801500524,48.043088156809624,False,,2025-12-03-qwen3-pass-classifications
939726392597,939726392597-1,ground_truth,271,192,26,11,59,40.0,2.857142857142857,5.0,14,52.0,78.0,1.04,462.41966993560544,0.14821143267166842,25.689981663089192,444.63429801500524,48.01324771813387,False,,2025-12-03-qwen3-pass-classifications
941394185344,941394185344-1,agent,1157,779,270,34,240,258.0,5.48936170212766,32.0,47,305.0,574.0,11.72822299651568,55556.943691255074,1.5790099860754807,3086.496871736393,4737.029958226442,3.9072636464645347,False,,2025-12-03-qwen3-pass-classifications
941394185344,941394185344-1,bypass,1155,777,271,34,239,257.0,5.468085106382978,32.0,47,304.0,571.0,11.706293706293707,55131.56996807766,1.569855536725429,3062.8649982265365,4709.566610176287,4.121678225598308,False,,2025-12-03-qwen3-pass-classifications
941394185344,941394185344-1,a_only,1155,777,271,34,239,257.0,5.468085106382978,32.0,47,304.0,571.0,11.706293706293707,55131.56996807766,1.569855536725429,3062.8649982265365,4709.566610176287,4.121678225598308,False,,2025-12-03-qwen3-pass-classifications
941394185344,941394185344-1,b_only,1144,779,270,34,241,255.0,5.425531914893617,32.0,47,304.0,571.0,11.706293706293707,55131.56996807766,1.569855536725429,3062.8649982265365,4709.566610176287,4.413685197817483,False,,2025-12-03-qwen3-pass-classifications
941394185344,941394185344-1,ground_truth,1161,776,271,34,239,257.0,5.468085106382978,32.0,47,304.0,571.0,11.706293706293707,55131.56996807766,1.569855536725429,3062.8649982265365,4709.566610176287,4.094738085976192,False,,2025-12-03-qwen3-pass-classifications
945029853918,945029853918-1,agent,660,514,35,252,181,0.0,0.0,0.0,0,0.0,0.0,0.0,0.0,0.0,0.0,0.0,0.0,False,,2025-12-03-qwen3-pass-classifications
945029853918,945029853918-1,bypass,671,522,37,256,183,145.0,3.4523809523809526,12.0,42,113.0,192.0,7.544554455445544,9879.400622942492,0.4364914535945721,548.8555901634718,1309.4743607837163,28.7082972664378,False,,2025-12-03-qwen3-pass-classifications
945029853918,945029853918-1,a_only,671,522,37,256,183,145.0,3.4523809523809526,12.0,42,113.0,192.0,7.544554455445544,9879.400622942492,0.4364914535945721,548.8555901634718,1309.4743607837163,28.7082972664378,False,,2025-12-03-qwen3-pass-classifications
945029853918,945029853918-1,b_only,644,501,39,256,176,141.0,3.6153846153846154,15.0,39,104.0,179.0,7.695652173913044,9230.001373472356,0.39979290318241845,512.7778540817976,1199.3787095472553,29.946245836432126,False,,2025-12-03-qwen3-pass-classifications
945029853918,945029853918-1,ground_truth,671,522,37,256,183,145.0,3.4523809523809526,12.0,42,113.0,192.0,7.544554455445544,9879.400622942492,0.4364914535945721,548.8555901634718,1309.4743607837163,28.7082972664378,False,,2025-12-03-qwen3-pass-classifications
948959488177,948959488177-1,agent,966,724,60,80,243,0.0,0.0,0.0,0,0.0,0.0,0.0,0.0,0.0,0.0,0.0,0.0,False,,2025-12-03-qwen3-pass-classifications
948959488177,948959488177-1,bypass,978,731,65,80,244,176.0,2.983050847457627,24.0,59,242.0,413.0,9.415929203539823,30794.707168867702,1.0901635056648027,1710.8170649370945,3270.490516994408,12.328236392510918,False,,2025-12-03-qwen3-pass-classifications
948959488177,948959488177-1,a_only,978,731,65,80,244,176.0,2.983050847457627,24.0,59,242.0,413.0,9.415929203539823,30794.707168867702,1.0901635056648027,1710.8170649370945,3270.490516994408,12.328236392510918,False,,2025-12-03-qwen3-pass-classifications
948959488177,948959488177-1,b_only,953,713,54,80,239,172.0,3.0714285714285716,24.0,56,237.0,406.0,9.447963800904978,30260.21962399106,1.0676099196842312,1681.1233124439477,3202.8297590526936,12.735500280815218,False,,2025-12-03-qwen3-pass-classifications
948959488177,948959488177-1,ground_truth,978,731,65,80,244,176.0,2.983050847457627,24.0,59,242.0,413.0,9.415929203539823,30794.707168867702,1.0901635056648027,1710.8170649370945,3270.490516994408,12.328236392510918,False,,2025-12-03-qwen3-pass-classifications
961702553023,961702553023-1,agent,365,297,97,89,84,83.0,9.222222222222221,25.0,9,136.0,262.0,9.868852459016393,18325.62277333391,0.6189717548025297,1018.0901540741062,1856.9152644075891,42.20063115289159,False,,2025-12-03-qwen3-pass-classifications
961702553023,961702553023-1,bypass,365,297,97,89,87,83.0,9.222222222222221,25.0,9,136.0,262.0,9.868852459016393,18325.62277333391,0.6189717548025297,1018.0901540741062,1856.9152644075891,42.20063115289159,False,,2025-12-03-qwen3-pass-classifications
961702553023,961702553023-1,a_only,365,297,97,89,87,83.0,9.222222222222221,25.0,9,136.0,262.0,9.868852459016393,18325.62277333391,0.6189717548025297,1018.0901540741062,1856.9152644075891,42.20063115289159,False,,2025-12-03-qwen3-pass-classifications
961702553023,961702553023-1,b_only,356,287,96,89,84,79.0,8.777777777777779,23.0,9,136.0,262.0,9.868852459016393,18325.62277333391,0.6189717548025297,1018.0901540741062,1856.9152644075891,42.96445664050859,False,,2025-12-03-qwen3-pass-classifications
961702553023,961702553023-1,ground_truth,365,297,97,89,87,83.0,9.222222222222221,25.0,9,136.0,262.0,9.868852459016393,18325.62277333391,0.6189717548025297,1018.0901540741062,1856.9152644075891,42.20063115289159,False,,2025-12-03-qwen3-pass-classifications
966060305144,966060305144-1,agent,160,46,0,0,29,11.0,1.375,3.0,8,5.0,5.0,1.0,11.60964047443681,0.0038698801581456034,0.6449800263576005,11.60964047443681,55.331264952920286,False,,2025-12-03-qwen3-pass-classifications
966060305144,966060305144-1,bypass,160,46,0,0,29,11.0,1.375,3.0,8,5.0,5.0,1.0,11.60964047443681,0.0038698801581456034,0.6449800263576005,11.60964047443681,55.331264952920286,False,,2025-12-03-qwen3-pass-classifications
966060305144,966060305144-1,a_only,160,46,0,0,29,11.0,1.375,3.0,8,5.0,5.0,1.0,11.60964047443681,0.0038698801581456034,0.6449800263576005,11.60964047443681,55.331264952920286,False,,2025-12-03-qwen3-pass-classifications
966060305144,966060305144-1,b_only,180,48,0,0,35,11.0,1.375,3.0,8,2.0,2.0,0.5,1.0,0.0006666666666666666,0.05555555555555555,2.0,60.27612765168447,False,,2025-12-03-qwen3-pass-classifications
966060305144,966060305144-1,ground_truth,160,46,0,0,29,11.0,1.375,3.0,8,5.0,5.0,1.0,11.60964047443681,0.0038698801581456034,0.6449800263576005,11.60964047443681,55.331264952920286,False,,2025-12-03-qwen3-pass-classifications
966173677419,966173677419-1,agent,0,0,0,0,0,0.0,0.0,0.0,0,0.0,0.0,0.0,0.0,0.0,0.0,0.0,0.0,False,,2025-12-03-qwen3-pass-classifications
966173677419,966173677419-1,bypass,2105,1887,244,111,625,642.0,4.489510489510489,30.0,143,642.0,1249.0,13.76328502415459,160324.52180389126,3.8829034764719186,8906.91787799396,11648.710429415756,0.0,False,,2025-12-03-qwen3-pass-classifications
966173677419,966173677419-1,a_only,2105,1887,244,111,625,642.0,4.489510489510489,30.0,143,642.0,1249.0,13.76328502415459,160324.52180389126,3.8829034764719186,8906.91787799396,11648.710429415756,0.0,False,,2025-12-03-qwen3-pass-classifications
966173677419,966173677419-1,b_only,2104,1886,244,111,625,642.0,4.489510489510489,30.0,143,642.0,1249.0,13.76328502415459,160324.52180389126,3.8829034764719186,8906.91787799396,11648.710429415756,0.0,False,,2025-12-03-qwen3-pass-classifications
966173677419,966173677419-1,ground_truth,2105,1887,244,111,625,642.0,4.489510489510489,30.0,143,642.0,1249.0,13.76328502415459,160324.52180389126,3.8829034764719186,8906.91787799396,11648.710429415756,0.0,False,,2025-12-03-qwen3-pass-classifications
972312520673,972312520673-1,agent,88,40,3,30,21,6.0,3.0,5.0,2,3.0,3.0,0.5,2.3774437510817346,0.0015849625007211565,0.1320802083934297,4.754887502163469,87.42159734076606,False,,2025-12-03-qwen3-pass-classifications
972312520673,972312520673-1,bypass,88,40,3,30,20,6.0,3.0,5.0,2,3.0,3.0,0.5,2.3774437510817346,0.0015849625007211565,0.1320802083934297,4.754887502163469,87.42159734076606,False,,2025-12-03-qwen3-pass-classifications
972312520673,972312520673-1,a_only,88,40,3,30,20,6.0,3.0,5.0,2,3.0,3.0,0.5,2.3774437510817346,0.0015849625007211565,0.1320802083934297,4.754887502163469,87.42159734076606,False,,2025-12-03-qwen3-pass-classifications
972312520673,972312520673-1,b_only,100,47,3,30,25,9.0,4.5,5.0,2,9.0,10.0,1.5,47.548875021634686,0.010566416671474375,2.6416041678685938,31.699250014423125,78.9527783871999,False,,2025-12-03-qwen3-pass-classifications
972312520673,972312520673-1,ground_truth,88,40,3,30,20,6.0,3.0,5.0,2,3.0,3.0,0.5,2.3774437510817346,0.0015849625007211565,0.1320802083934297,4.754887502163469,87.42159734076606,False,,2025-12-03-qwen3-pass-classifications
97414753272,97414753272-1,agent,16,9,9,0,0,0.0,0.0,0.0,0,0.0,0.0,0.0,0.0,0.0,0.0,0.0,100.0,False,,2025-12-03-qwen3-pass-classifications
97414753272,97414753272-1,bypass,16,9,9,0,0,0.0,0.0,0.0,0,0.0,0.0,0.0,0.0,0.0,0.0,0.0,100.0,False,,2025-12-03-qwen3-pass-classifications
97414753272,97414753272-1,a_only,16,9,9,0,0,0.0,0.0,0.0,0,0.0,0.0,0.0,0.0,0.0,0.0,0.0,100.0,False,,2025-12-03-qwen3-pass-classifications
97414753272,97414753272-1,b_only,16,9,9,0,0,0.0,0.0,0.0,0,0.0,0.0,0.0,0.0,0.0,0.0,0.0,100.0,False,,2025-12-03-qwen3-pass-classifications
97414753272,97414753272-1,ground_truth,16,9,9,0,0,0.0,0.0,0.0,0,0.0,0.0,0.0,0.0,0.0,0.0,0.0,100.0,False,,2025-12-03-qwen3-pass-classifications
981856617340,981856617340-1,agent,50,37,2,0,9,7.0,7.0,7.0,1,3.0,3.0,0.5,2.3774437510817346,0.0015849625007211565,0.1320802083934297,4.754887502163469,71.7474791899443,False,,2025-12-03-qwen3-pass-classifications
981856617340,981856617340-1,bypass,50,37,2,0,9,7.0,7.0,7.0,1,3.0,3.0,0.5,2.3774437510817346,0.0015849625007211565,0.1320802083934297,4.754887502163469,71.7474791899443,False,,2025-12-03-qwen3-pass-classifications
981856617340,981856617340-1,a_only,50,37,2,0,9,7.0,7.0,7.0,1,3.0,3.0,0.5,2.3774437510817346,0.0015849625007211565,0.1320802083934297,4.754887502163469,71.7474791899443,False,,2025-12-03-qwen3-pass-classifications
981856617340,981856617340-1,b_only,39,32,2,0,9,6.0,6.0,6.0,1,3.0,3.0,0.5,2.3774437510817346,0.0015849625007211565,0.1320802083934297,4.754887502163469,74.70614799241338,False,,2025-12-03-qwen3-pass-classifications
981856617340,981856617340-1,ground_truth,0,0,0,0,0,0.0,0.0,0.0,0,0.0,0.0,0.0,0.0,0.0,0.0,0.0,0.0,False,,2025-12-03-qwen3-pass-classifications
983415352415,983415352415-1,agent,273,205,25,0,31,54.0,6.0,16.0,9,66.0,111.0,9.557692307692308,6412.5209688970735,0.22364258241626278,356.25116493872633,670.9277472487884,40.74836290623662,False,,2025-12-03-qwen3-pass-classifications
983415352415,983415352415-1,bypass,263,198,19,0,31,52.0,5.777777777777778,14.0,9,63.0,105.0,9.571428571428571,6007.166323117417,0.2092047973224971,333.73146239541205,627.6143919674913,39.84879423560972,False,,2025-12-03-qwen3-pass-classifications
983415352415,983415352415-1,a_only,263,198,19,0,31,52.0,5.777777777777778,14.0,9,63.0,105.0,9.571428571428571,6007.166323117417,0.2092047973224971,333.73146239541205,627.6143919674913,39.84879423560972,False,,2025-12-03-qwen3-pass-classifications
983415352415,983415352415-1,b_only,273,205,25,0,30,54.0,6.0,16.0,9,66.0,111.0,9.557692307692308,6412.5209688970735,0.22364258241626278,356.25116493872633,670.9277472487884,40.74836290623662,False,,2025-12-03-qwen3-pass-classifications
983415352415,983415352415-1,ground_truth,273,205,25,0,31,54.0,6.0,16.0,9,66.0,111.0,9.557692307692308,6412.5209688970735,0.22364258241626278,356.25116493872633,670.9277472487884,40.74836290623662,False,,2025-12-03-qwen3-pass-classifications
997967155543,997967155543-1,agent,1,1,0,0,0,0.0,0.0,0.0,0,0.0,0.0,0.0,0.0,0.0,0.0,0.0,100.0,False,,2025-12-03-qwen3-pass-classifications
997967155543,997967155543-1,bypass,1,1,0,0,0,0.0,0.0,0.0,0,0.0,0.0,0.0,0.0,0.0,0.0,0.0,100.0,False,,2025-12-03-qwen3-pass-classifications
997967155543,997967155543-1,a_only,1,1,0,0,0,0.0,0.0,0.0,0,0.0,0.0,0.0,0.0,0.0,0.0,0.0,100.0,False,,2025-12-03-qwen3-pass-classifications
997967155543,997967155543-1,b_only,1,1,0,0,0,0.0,0.0,0.0,0,0.0,0.0,0.0,0.0,0.0,0.0,0.0,100.0,False,,2025-12-03-qwen3-pass-classifications
997967155543,997967155543-1,ground_truth,1,1,0,0,0,0.0,0.0,0.0,0,0.0,0.0,0.0,0.0,0.0,0.0,0.0,100.0,False,,2025-12-03-qwen3-pass-classifications
