quantitative_metric,complexity_metric,method,n_samples,spearman_r,spearman_p,pearson_r,pearson_p
gt_sloc,sloc,ground_truth,1100,0.981291685902023,0.0,0.9827186837129945,0.0
gt_loc,sloc,ground_truth,1100,0.9731127836831683,0.0,0.9737848791160948,0.0
gt_sloc,sloc,bypass,1100,0.9606353041066309,0.0,0.97529913331761,0.0
gt_loc,sloc,bypass,1100,0.9552151076792547,0.0,0.9681292048623029,0.0
gt_loc,lloc,ground_truth,1100,0.9487585807751892,0.0,0.9146778224674549,0.0
gt_sloc,lloc,ground_truth,1100,0.9480473902832699,0.0,0.9135680817159164,0.0
gt_loc,lloc,bypass,1100,0.9318548483724173,0.0,0.908280634822778,0.0
gt_sloc,lloc,bypass,1100,0.9284617516523797,0.0,0.9052411079450954,0.0
gt_loc,cc_total,bypass,1100,0.8884432065322695,0.0,0.8810968319019277,0.0
gt_sloc,cc_total,bypass,1100,0.8862472931745418,0.0,0.877232687201741,0.0
gt_sloc,cc_total,ground_truth,1100,0.8852153932950843,0.0,0.8811910564076509,0.0
gt_loc,cc_total,ground_truth,1100,0.883901573673648,0.0,0.8824258447969753,0.0
gt_loc,h_bugs,bypass,1100,0.8638341897876357,0.0,0.8312387104767013,3.029755449708966e-282
gt_sloc,mi_score,bypass,1100,-0.8631189042015263,0.0,-0.6353793207516433,2.0200150310945699e-125
gt_sloc,h_bugs,ground_truth,1100,0.8615869317868364,0.0,0.8363249132526789,6.977851282389545e-289
gt_sloc,h_bugs,bypass,1100,0.8608167917670101,0.0,0.8295770056404606,3.999562492891798e-280
gt_loc,h_bugs,ground_truth,1100,0.8603187337562417,1e-323,0.8361331903449252,1.2532807175211247e-288
gt_loc,mi_score,bypass,1100,-0.8602706425780312,2e-323,-0.6349340904588603,3.401718152716519e-125
gt_sloc,mi_score,ground_truth,1100,-0.8591955958262336,7.9e-322,-0.6276648065434994,1.4968960697218638e-121
gt_loc,mi_score,ground_truth,1100,-0.856204893546928,3.3570634e-317,-0.626120912812478,8.641566721124098e-121
gt_sloc,h_difficulty,ground_truth,1100,0.7998403435747435,1.141550682456647e-245,0.5775412119379723,7.348370000237304e-99
gt_loc,h_difficulty,ground_truth,1100,0.7984611857998395,3.2559282998202974e-244,0.5741167971207372,1.885899635849222e-97
gt_loc,h_difficulty,bypass,1100,0.7978358619885546,1.4748023514649377e-243,0.5733360476044774,3.931114047791487e-97
gt_sloc,h_difficulty,bypass,1100,0.795576521649905,3.311122008969639e-241,0.5737780453205212,2.5943612881135626e-97
gt_sloc,sloc,agent,1100,0.7511466388195714,2.901075830756504e-200,0.7257105555614767,1.5581996416501276e-180
gt_sloc,cc_max,ground_truth,1100,0.7491117916306269,1.3433436269190195e-198,0.5253829352073622,4.441609313328534e-79
gt_sloc,cc_max,bypass,1100,0.7481154540263314,8.667401197126626e-198,0.5338672352681297,4.596161489307017e-82
gt_loc,cc_max,bypass,1100,0.7455947823331597,9.320730728937995e-196,0.5241261599179828,1.2093915052971697e-78
gt_loc,cc_max,ground_truth,1100,0.7448781001358493,3.4888598771701054e-195,0.5147356438094134,1.8876988457261164e-75
gt_loc,sloc,agent,1100,0.744768715029806,4.265846465358786e-195,0.7161105333879683,1.1762126314928961e-173
gt_loc,lloc,agent,1100,0.7264290507742952,4.635188424583898e-181,0.6854430458273605,1.7703768642734126e-153
gt_sloc,lloc,agent,1100,0.7245206608167878,1.1507053400605603e-179,0.683505612186612,2.748452539793313e-152
gt_sloc,mi_score,agent,1100,-0.664687846838359,3.481766399225443e-141,-0.48830992086474057,5.560291331932073e-67
gt_loc,mi_score,agent,1100,-0.6623526225021187,7.300525636724915e-140,-0.48862449324341145,4.452312681274442e-67
gt_diff_hunks,sloc,bypass,1100,0.6517209500474045,5.398794950192728e-134,0.5200224595069313,3.093106078458517e-77
gt_diff_hunks,sloc,ground_truth,1100,0.6394624551395507,1.6296299465831818e-127,0.5264903089112799,1.831095828825881e-79
gt_diff_hunks,lloc,bypass,1100,0.6261586719355294,8.279841443685022e-121,0.43859858496355164,6.278270704180753e-53
gt_diff_hunks,lloc,ground_truth,1100,0.6176852083628961,1.0522854577449813e-116,0.4486071283580448,1.4196451791638484e-55
gt_diff_hunks,cc_total,bypass,1100,0.6162497935977739,5.0698037477737214e-116,0.47233549711882983,3.28189529852059e-62
gt_diff_hunks,h_bugs,bypass,1100,0.590000121884994,3.937836031518512e-104,0.46338285729920936,1.2064895374945193e-59
gt_diff_hunks,cc_total,ground_truth,1100,0.5871501336746203,6.625528994691334e-103,0.4826920947071454,2.8302678411228923e-65
gt_diff_hunks,mi_score,ground_truth,1100,-0.5762958060679353,2.4025324025311836e-98,-0.4443804015643593,1.9066226988796202e-54
gt_diff_hunks,h_bugs,ground_truth,1100,0.5687604498324758,2.798223948794762e-95,0.4717437111447127,4.876004410815978e-62
gt_diff_hunks,h_difficulty,bypass,1100,0.5483047699721543,2.415339886268833e-87,0.4322467441229837,2.701105286539787e-51
gt_diff_hunks,mi_score,bypass,1100,-0.5444105445667534,6.797932361447819e-86,-0.43977615338370435,3.0983645035737127e-53
gt_diff_hunks,h_difficulty,ground_truth,1100,0.5289943589646314,2.4391706585678477e-80,0.43328706195488886,1.4667151675152562e-51
gt_diff_hunks,cc_max,bypass,1100,0.5274001243068297,8.819993834762931e-80,0.4218063151383415,1.1022704995585585e-48
gt_diff_hunks,sloc,agent,1100,0.5212006327521292,1.2251200447938845e-77,0.3849903293290087,3.5018586387161942e-40
gt_sloc,cc_avg,ground_truth,1100,0.5129856801542237,7.245384667484121e-75,0.19328590032703888,1.0174760019679894e-10
gt_sloc,cc_avg,bypass,1100,0.5075801100655953,4.396239271287422e-73,0.19656336472103597,4.8290357675438925e-11
gt_diff_hunks,lloc,agent,1100,0.5070591884873066,6.504584753757857e-73,0.3421086455688484,1.467317670828655e-31
gt_loc,cc_avg,ground_truth,1100,0.5063697965564175,1.0912633794999462e-72,0.1856454553003787,5.498638171681312e-10
gt_loc,cc_avg,bypass,1100,0.5025471253075982,1.8821238874158487e-71,0.18989809711197242,2.1685672445900804e-10
gt_diff_hunks,cc_max,ground_truth,1100,0.5013508216327194,4.55474901554262e-71,0.4013581231975089,7.873817859637278e-44
gt_loc,cc_total,agent,1100,0.45843641380784333,2.9280440826191328e-58,0.5308536435408936,5.400497037306325e-81
gt_sloc,cc_total,agent,1100,0.4563964416015149,1.0744668370526664e-57,0.5279556423417416,5.6401402295137225e-80
gt_diff_lines_added,sloc,ground_truth,1100,0.44820602255474096,1.8193502791183747e-55,0.31980021842043344,1.4115413730331965e-27
gt_diff_total_change,sloc,ground_truth,1100,0.44312376546727,4.0982285136783456e-54,0.33098306985333636,1.5641350352485868e-29
gt_loc,h_bugs,agent,1100,0.44188198113242594,8.702277273606712e-54,0.5148767761153644,1.6930703391849796e-75
gt_sloc,h_bugs,agent,1100,0.4378142630561557,1.0033535420467392e-52,0.512881900938463,7.845048607884063e-75
gt_diff_lines_added,lloc,ground_truth,1100,0.4377951135798879,1.0148891524601425e-52,0.27662607158247465,8.99887789620793e-21
gt_diff_lines_added,mi_score,ground_truth,1100,-0.4372723405663455,1.386206695219517e-52,-0.3169781833860981,4.2684278791115336e-27
gt_diff_lines_removed,sloc,bypass,1100,0.4354573716733935,4.0748207864809924e-52,0.25444312149524834,1.0279110651132958e-17
gt_diff_lines_added,cc_total,ground_truth,1100,0.4324123267181986,2.4512828303966874e-51,0.2887180268579223,1.4603811547815245e-22
gt_diff_total_change,lloc,ground_truth,1100,0.4262620391487849,8.695409677459502e-50,0.2957317181572189,1.2179606685942173e-23
gt_diff_total_change,mi_score,bypass,1100,-0.4211951653104717,1.5569987668014702e-48,-0.3219309007682177,6.073426672476408e-28
gt_diff_lines_added,mi_score,bypass,1100,-0.4211939124807825,1.5581004193421582e-48,-0.31972091778257944,1.4563586777835481e-27
gt_diff_total_change,mi_score,ground_truth,1100,-0.4206774843633906,2.0849981117201716e-48,-0.3100671557303577,6.103183336339155e-26
gt_diff_total_change,cc_total,ground_truth,1100,0.4198973030908329,3.234522287605231e-48,0.31409391708952156,1.3065823105474942e-26
gt_diff_lines_removed,h_bugs,bypass,1100,0.41805258296240816,9.093528181383237e-48,0.29420650393525655,2.1028671745878073e-23
gt_diff_lines_removed,cc_total,bypass,1100,0.4156957716454809,3.374549549309493e-47,0.26768475653199547,1.664839948296701e-19
gt_diff_lines_removed,lloc,bypass,1100,0.413015206213266,1.480569336831535e-46,0.24675070810045888,1.0133717984053621e-16
gt_diff_lines_added,h_bugs,ground_truth,1100,0.41213678016901023,2.3967155333052387e-46,0.2831717529192638,9.915605063337484e-22
gt_diff_lines_removed,h_difficulty,bypass,1100,0.4093721093231599,1.0812745579112774e-45,0.22636166580582368,3.010618144986304e-14
gt_diff_total_change,sloc,bypass,1100,0.40852842446190357,1.707619034015399e-45,0.3037273021582267,6.586545825401559e-25
gt_diff_total_change,cc_total,bypass,1100,0.40638114185550855,5.4315048605099794e-45,0.29826327293138777,4.884138290665695e-24
gt_diff_total_change,h_bugs,ground_truth,1100,0.40598760437266834,6.70844671546101e-45,0.3220958351100569,5.687990262304984e-28
bypass_vs_gt_diff_hunks,sloc,ground_truth,1094,-0.4044499143836662,2.6161385265946206e-44,-0.43197020309422757,5.917605398018515e-51
gt_diff_lines_added,mi_score,agent,1100,-0.4039133029256002,2.032101671795989e-44,-0.291203834340791,6.103190449454266e-23
gt_loc,h_difficulty,agent,1100,0.40330939319433806,2.801806624660873e-44,0.2237118394105957,6.069060967049454e-14
gt_diff_lines_removed,sloc,ground_truth,1100,0.4032903291050612,2.830329192247493e-44,0.24034920550541944,6.415125903035158e-16
gt_sloc,h_difficulty,agent,1100,0.3999377928764484,1.663222347560455e-43,0.22653204829593618,2.877046554275124e-14
gt_diff_hunks,mi_score,agent,1100,-0.39950769070201614,2.084414004871791e-43,-0.3375869187766099,1.001586539116686e-30
gt_diff_total_change,lloc,bypass,1100,0.39778991727745316,5.117762262680479e-43,0.2781568227024637,5.401140691441133e-21
gt_diff_lines_added,cc_total,bypass,1100,0.3976316586720337,5.5578167079133256e-43,0.252056332471306,2.1082890735948022e-17
gt_diff_total_change,mi_score,agent,1100,-0.39691739539468085,8.060206039231525e-43,-0.29738923867034533,6.702703745737037e-24
gt_diff_hunks,cc_avg,bypass,1100,0.39651167916288704,9.951128563272555e-43,0.14985119400565472,5.958215564186982e-07
gt_diff_total_change,h_bugs,bypass,1100,0.3961387279603225,1.2075207087157935e-42,0.3089797546442851,9.216335604189463e-26
bypass_vs_gt_diff_hunks,sloc,bypass,1094,-0.3925857182647051,1.248043460856949e-41,-0.4211711714916221,2.8428950511177915e-48
gt_diff_lines_added,sloc,bypass,1100,0.3899487815859302,2.889320449683315e-41,0.2695045017814942,9.274778371676509e-20
bypass_vs_gt_diff_hunks,lloc,ground_truth,1094,-0.3897899708803114,5.148483416781718e-41,-0.39667158430782534,1.5347867693251636e-42
gt_diff_lines_added,lloc,bypass,1100,0.3854893288026185,2.7296026087793953e-40,0.23710754259900704,1.6005084813079325e-15
bypass_vs_gt_diff_hunks,sloc,agent,1094,-0.38274908592950413,1.7200012806606097e-39,-0.3092761059274345,1.116892806272592e-25
gt_diff_lines_added,h_bugs,bypass,1100,0.3795213506254176,5.2231286032177184e-39,0.24915988102129158,4.9905328874116475e-17
gt_diff_lines_removed,lloc,ground_truth,1100,0.3794420668616416,5.4297646156626057e-39,0.22763987449619982,2.1399878901843097e-14
gt_diff_lines_added,h_difficulty,ground_truth,1100,0.37646784222572494,2.309604698105912e-38,0.30268127731766664,9.697911013064028e-25
gt_diff_lines_removed,h_bugs,ground_truth,1100,0.3759697837555075,2.9389372612855624e-38,0.27355276727006184,2.4836257704323658e-20
gt_diff_total_change,sloc,agent,1100,0.37479397873487086,5.182374369512113e-38,0.21218020664562018,1.1576500512146982e-12
gt_diff_total_change,h_difficulty,ground_truth,1100,0.3743842317655685,6.311535386672484e-38,0.2937184054004413,2.502710731858962e-23
bypass_vs_gt_diff_hunks,lloc,bypass,1094,-0.37370341540039953,1.3780334502613145e-37,-0.382461725607519,1.9812280409693448e-39
bypass_vs_gt_diff_hunks,mi_score,ground_truth,1094,0.3724014378206001,2.5605979782977945e-37,0.2974675294497564,8.626519255421557e-24
gt_diff_lines_removed,cc_total,ground_truth,1100,0.3723569123955112,1.666805920261709e-37,0.24896409914044437,5.2877272238308565e-17
gt_diff_lines_removed,mi_score,ground_truth,1100,-0.3715239456844212,2.479138659120554e-37,-0.20057121636999004,1.9071554141007903e-11
bypass_vs_gt_diff_hunks,cc_total,bypass,1094,-0.371353027691865,4.208473003179157e-37,-0.43303079060663185,3.1878287808866824e-51
bypass_vs_gt_diff_hunks,lloc,agent,1094,-0.3696986213386484,9.183698536006218e-37,-0.28379814211216425,1.032461394522627e-21
gt_diff_hunks,cc_avg,ground_truth,1100,0.36954722246612,6.330597923889934e-37,0.14595589069761924,1.1658160278915366e-06
gt_diff_lines_added,sloc,agent,1100,0.369135605114605,7.68898310479065e-37,0.20947793912798865,2.25551571649e-12
gt_sloc,cc_max,agent,1100,0.3685913113858168,9.93842021584902e-37,0.22342814560490365,6.538680387574294e-14
gt_loc,cc_max,agent,1100,0.3678249798012598,1.4251716146967014e-36,0.2157329338583509,4.750793987489017e-13
bypass_vs_gt_diff_hunks,cc_total,ground_truth,1094,-0.3671550400376081,3.021407038433647e-36,-0.44930179707728307,1.820602293934122e-55
gt_diff_total_change,h_difficulty,bypass,1100,0.3666606648842279,2.4598511329903545e-36,0.27621284665791745,1.0322789096948828e-20
agent_vs_bypass_diff_hunks,sloc,agent,1091,0.36656505698994085,4.9442536029413246e-36,0.2359829050765122,2.846760763368282e-15
gt_diff_lines_added,lloc,agent,1100,0.3654784778352332,4.271612757699355e-36,0.1931639125984896,1.0458328114921727e-10
gt_diff_total_change,lloc,agent,1100,0.36366077023617804,9.93505046961885e-36,0.19956495313154235,2.4125955635011657e-11
gt_diff_lines_removed,h_difficulty,ground_truth,1100,0.3616987802984046,2.455834628085205e-35,0.18657868042177206,4.4914380093229483e-10
gt_diff_lines_removed,cc_max,bypass,1100,0.3597054281938376,6.119408089714115e-35,0.2527544350077226,1.7100927086404935e-17
agent_vs_bypass_diff_hunks,lloc,agent,1091,0.35782952368046433,2.6719299044812163e-34,0.24670899208987487,1.3662505115013688e-16
gt_diff_hunks,cc_total,agent,1100,0.35766158629908995,1.5500472524975879e-34,0.2290993014042651,1.4456068489869477e-14
gt_diff_lines_removed,mi_score,bypass,1100,-0.3491145976988817,7.023835057965508e-33,-0.22151863058952,1.0770007183987697e-13
gt_diff_lines_added,h_difficulty,bypass,1100,0.34651257253391404,2.1914609867967957e-32,0.2486481148946484,5.804557885211e-17
bypass_vs_gt_diff_hunks,h_bugs,ground_truth,1094,-0.3449692219529303,6.279007486511075e-32,-0.4694957494678534,4.610384895449849e-61
bypass_vs_gt_diff_hunks,h_bugs,bypass,1094,-0.34376763667945365,1.0520240484233255e-31,-0.45974943621471626,2.580446776830838e-58
gt_diff_lines_removed,sloc,agent,1100,0.3434219033260387,8.349440787458054e-32,0.147761573526142,8.559100398431424e-07
bypass_vs_gt_diff_total_change,sloc,agent,1094,-0.3411625277869267,3.1959688957321273e-31,-0.19116782673816732,1.8337641231269582e-10
bypass_vs_gt_diff_total_change,lloc,agent,1094,-0.3359627096166228,2.8455585759022862e-30,-0.18830322754344547,3.443427737964568e-10
bypass_vs_gt_diff_lines_removed,sloc,agent,1094,-0.33572249043381575,3.1448346122886622e-30,-0.1421438077872151,2.3571338753884553e-06
bypass_vs_gt_diff_lines_removed,sloc,bypass,1094,-0.335257902579326,3.814903600271158e-30,-0.27281408066598317,4.000869615794331e-20
agent_vs_bypass_diff_hunks,sloc,bypass,1091,0.33410666885101786,7.352356877321782e-30,0.21278420442855933,1.2318876295607208e-12
bypass_vs_gt_diff_hunks,mi_score,bypass,1094,0.3336135549283182,7.537589524416496e-30,0.29438661009270484,2.5951004838781923e-23
gt_diff_hunks,h_bugs,agent,1100,0.33244113032344974,8.575244795670844e-30,0.2072075684357475,3.922770631793373e-12
bypass_vs_gt_diff_lines_added,mi_score,ground_truth,1094,0.331794119560378,1.5936082308126268e-29,0.235747086555206,2.7848234465091634e-15
agent_vs_bypass_diff_hunks,sloc,ground_truth,1091,0.328606681309504,6.94646055952619e-29,0.21656949776860795,4.789604033519874e-13
agent_vs_bypass_diff_hunks,lloc,bypass,1091,0.3281812518805007,8.248569415955107e-29,0.21522437831590477,6.713823661751178e-13
bypass_vs_gt_diff_total_change,mi_score,ground_truth,1094,0.32727298226649515,1.0020564149674184e-28,0.2281068165753562,2.2223109505098396e-14
bypass_vs_gt_diff_lines_removed,lloc,agent,1094,-0.3267983413444217,1.2132309724492587e-28,-0.15208358867710914,4.3278380651194277e-07
agent_vs_bypass_diff_lines_removed,sloc,bypass,1091,0.3265068316908846,1.6177158109430278e-28,0.47290878715942325,7.010275678612179e-62
bypass_vs_gt_diff_lines_added,sloc,agent,1094,-0.3263642650806302,1.444667546545853e-28,-0.20063481103669378,2.131030353657075e-11
bypass_vs_gt_diff_hunks,cc_max,bypass,1094,-0.32553424107120943,2.0156436974792026e-28,-0.3607929642830288,5.67027857018868e-35
bypass_vs_gt_diff_lines_removed,sloc,ground_truth,1094,-0.3254320322351185,2.0998791706685803e-28,-0.2503285602486349,4.297393100805828e-17
bypass_vs_gt_diff_lines_added,sloc,ground_truth,1094,-0.3248390660441875,2.6620366014177407e-28,-0.29175489502235646,6.578443366149561e-23
bypass_vs_gt_diff_lines_removed,cc_total,bypass,1094,-0.3242837922991972,3.3225959855674955e-28,-0.29746513289960513,8.63395807432444e-24
bypass_vs_gt_diff_hunks,h_difficulty,bypass,1094,-0.3242714606198811,3.33897452808279e-28,-0.30087857170520443,2.5086226623519172e-24
bypass_vs_gt_diff_lines_added,lloc,agent,1094,-0.324119785382905,3.5470863419849776e-28,-0.18865698219809726,3.187335287958718e-10
gt_diff_lines_added,cc_max,ground_truth,1100,0.32411205555386613,2.5435270650054645e-28,0.23573548890950372,2.3471663430737024e-15
agent_vs_bypass_diff_hunks,lloc,ground_truth,1091,0.32352924778883124,5.303711327560173e-28,0.22035616880393677,1.8288743789720358e-13
bypass_vs_gt_diff_total_change,sloc,ground_truth,1094,-0.3235139994798481,4.514386998487541e-28,-0.29822869347515596,6.557873576491497e-24
gt_diff_lines_removed,lloc,agent,1100,0.3214440187762321,7.368648421194664e-28,0.144434493055191,1.5081966544334602e-06
bypass_vs_gt_diff_hunks,h_difficulty,ground_truth,1094,-0.3200249089711664,1.791242765803528e-27,-0.3068941383831104,2.727929587232907e-25
bypass_vs_gt_diff_lines_removed,lloc,bypass,1094,-0.3198356139482165,1.929314792572705e-27,-0.26359208858267213,7.597512668543366e-19
bypass_vs_gt_diff_hunks,cc_max,ground_truth,1094,-0.31903560087944804,2.639002328797603e-27,-0.3397820078762828,5.734242509003347e-31
gt_diff_lines_removed,cc_max,ground_truth,1100,0.3177993487425477,3.097130684427354e-27,0.19740734105096128,3.9774098343649306e-11
gt_diff_total_change,cc_max,ground_truth,1100,0.31602408248497804,6.188462813865938e-27,0.25364982260641783,1.3061982775213773e-17
bypass_vs_gt_diff_lines_removed,h_bugs,bypass,1094,-0.3141369748059673,1.759782459944028e-26,-0.3317233776950647,1.6405123668119067e-29
gt_diff_hunks,h_difficulty,agent,1100,0.31075899772371984,4.691138068257546e-26,0.16509026676448105,3.649418085362705e-08
bypass_vs_gt_diff_lines_added,lloc,ground_truth,1094,-0.3105821385408369,6.821034162501587e-26,-0.26159404705690253,1.4162748224074497e-18
bypass_vs_gt_diff_lines_removed,lloc,ground_truth,1094,-0.3093355879084327,1.0921471178812985e-25,-0.23901730823712067,1.119059842171892e-15
agent_vs_bypass_diff_lines_removed,sloc,ground_truth,1091,0.3089376016066805,1.4766447856172955e-25,0.4696469458964137,6.07197206401423e-61
bypass_vs_gt_diff_lines_removed,mi_score,ground_truth,1094,0.3076030971183146,2.093036473436952e-25,0.1745286382070658,6.22105081428987e-09
bypass_vs_gt_diff_total_change,lloc,ground_truth,1094,-0.30689764724143903,2.724359930013985e-25,-0.2741565440698388,2.5815358160038337e-20
agent_vs_bypass_diff_hunks,cc_total,bypass,1091,0.3046326875961915,7.324330726423126e-25,0.18152782499246406,1.547976780604678e-09
agent_vs_bypass_diff_lines_removed,lloc,bypass,1091,0.3039475498397449,9.427330652642578e-25,0.4382933986571829,1.9760496867983744e-52
gt_diff_total_change,cc_max,bypass,1100,0.3026736173977284,9.725368366451163e-25,0.2760326956864917,1.0958532440637528e-20
bypass_vs_gt_diff_total_change,sloc,bypass,1094,-0.3024376110222677,1.4186263303120199e-24,-0.27968651161113206,4.138335313962876e-21
agent_vs_bypass_diff_hunks,h_bugs,bypass,1091,0.2983645710645122,7.191071459464026e-24,0.17904588875118452,2.5952517868790356e-09
bypass_vs_gt_diff_total_change,cc_total,bypass,1094,-0.29621131967613723,1.353846365160728e-23,-0.29880651505976924,5.322709264899691e-24
bypass_vs_gt_diff_lines_removed,cc_total,ground_truth,1094,-0.2960389481022942,1.4399629367585088e-23,-0.2717489992024446,5.654051041626687e-20
gt_diff_hunks,cc_max,agent,1100,0.2959006667646348,1.1462319805887547e-23,0.14267759513737865,2.0238676040329695e-06
gt_diff_lines_added,cc_max,bypass,1100,0.2952654723815419,1.439757134637182e-23,0.22971928322642268,1.2227098986127793e-14
bypass_vs_gt_diff_lines_removed,h_difficulty,bypass,1094,-0.29524295104750825,1.9133350454531466e-23,-0.19945391867795328,2.8038186558363875e-11
gt_diff_lines_removed,cc_avg,bypass,1100,0.29479936226749953,1.7013352456575535e-23,0.08140500303634139,0.00690662842945537
agent_vs_bypass_diff_hunks,mi_score,ground_truth,1091,-0.2939023759038731,3.53377652117943e-23,-0.20166338802474806,1.7857545573571526e-11
bypass_vs_gt_diff_lines_removed,cc_max,bypass,1094,-0.29115752835197883,8.113905926503448e-23,-0.25946963663932093,2.7302314757158176e-18
bypass_vs_gt_diff_lines_removed,mi_score,bypass,1094,0.2886525672080817,1.9449432075455505e-22,0.20662441145578078,5.1626775093874815e-12
bypass_vs_gt_diff_total_change,lloc,bypass,1094,-0.2885432285213048,2.0201916720009827e-22,-0.2632303848252822,8.50759669803116e-19
bypass_vs_gt_diff_lines_removed,h_bugs,ground_truth,1094,-0.2883806988276371,2.137394857526376e-22,-0.30498398709840624,5.549581774595973e-25
bypass_vs_gt_diff_lines_added,cc_total,ground_truth,1094,-0.28836283190275747,2.150682069080494e-22,-0.28461310346708907,7.819143195168837e-22
agent_vs_bypass_diff_lines_removed,lloc,ground_truth,1091,0.28682084676350195,4.174853702846668e-22,0.4384394230535081,1.8120852652809496e-52
agent_vs_bypass_diff_hunks,mi_score,bypass,1091,-0.2858625764166815,5.799994175676668e-22,-0.20327750104942421,1.2227255077491861e-11
agent_vs_bypass_diff_hunks,cc_total,ground_truth,1091,0.28552253732367544,6.515712831292553e-22,0.18596802587871372,6.031484203621439e-10
agent_vs_bypass_diff_lines_removed,cc_total,bypass,1091,0.28440753537035124,9.531881650167197e-22,0.47045911878887947,3.5548681064108764e-61
bypass_vs_gt_diff_lines_added,cc_total,bypass,1094,-0.2837090484978908,1.0642567932854086e-21,-0.25764441546078415,4.775624428338847e-18
bypass_vs_gt_diff_lines_added,sloc,bypass,1094,-0.2836530502414286,1.0847343826441082e-21,-0.24533327472262167,1.850351925385275e-16
bypass_vs_gt_diff_total_change,cc_total,ground_truth,1094,-0.2835306775578523,1.1308486301078367e-21,-0.30370856970149,8.89051427554985e-25
agent_vs_bypass_diff_hunks,h_bugs,ground_truth,1091,0.27966107691602216,4.722383025834502e-21,0.1853801922887196,6.842220962591331e-10
agent_vs_bypass_diff_hunks,h_difficulty,bypass,1091,0.2784616779093189,7.041299059203915e-21,0.16372774825847988,5.372658468599928e-08
bypass_vs_gt_diff_total_change,h_bugs,bypass,1094,-0.27688611270534425,1.0512657790159128e-20,-0.32027280424835736,1.625128140565244e-27
agent_vs_bypass_diff_lines_removed,mi_score,ground_truth,1091,-0.2765090528337183,1.343604675153747e-20,-0.21746135975109418,3.8239893762115526e-13
gt_sloc_delta,sloc,ground_truth,1100,0.2749126482402575,1.587413500033542e-20,0.14016969828467737,3.0611438078985537e-06
agent_vs_bypass_diff_hunks,cc_max,bypass,1091,0.2747571638283369,2.3884812153752263e-20,0.12360342884863611,4.2457294877681345e-05
bypass_vs_gt_diff_total_change,mi_score,bypass,1094,0.2732381022205648,3.484736044578967e-20,0.2249258034076725,5.1630571798163975e-14
bypass_vs_gt_diff_lines_added,lloc,bypass,1094,-0.27218209680409317,4.913170215636215e-20,-0.22582189311954545,4.076948702415372e-14
gt_sloc_delta,mi_score,ground_truth,1100,-0.26970365448749306,8.6972094877109e-20,-0.1696980026242684,1.4877727379871647e-08
gt_sloc_delta,lloc,ground_truth,1100,0.26946510120874023,9.393451699889194e-20,0.1181796809384838,8.533683328070314e-05
gt_loc_delta,sloc,ground_truth,1100,0.2693350558590426,9.795881017840225e-20,0.166059225718074,3.028082139245221e-08
bypass_vs_gt_diff_total_change,cc_max,bypass,1094,-0.26737264825012175,2.304375002280257e-19,-0.2787044550934731,5.74572340559908e-21
bypass_vs_gt_diff_lines_removed,h_difficulty,ground_truth,1094,-0.26613522363820713,3.4123663246825086e-19,-0.1544521978212041,2.84245551719307e-07
agent_vs_bypass_diff_lines_removed,h_bugs,bypass,1091,0.26604040285203795,3.93086383234749e-19,0.5203539190008468,9.914716670775111e-77
gt_sloc_delta,cc_total,ground_truth,1100,0.2656406374012752,3.194838911296549e-19,0.11555961938931172,0.0001224360351632461
gt_loc_delta,lloc,ground_truth,1100,0.2654888521046046,3.3525175787911645e-19,0.1288314091794648,1.8202678456853974e-05
bypass_vs_gt_diff_total_change,h_bugs,ground_truth,1094,-0.26547314813905404,4.2064469883974507e-19,-0.33050681786721836,2.6984314852284897e-29
gt_loc_delta,mi_score,ground_truth,1100,-0.26337671117678735,6.532981881677275e-19,-0.1951646168102808,6.6478687351604e-11
bypass_vs_gt_diff_lines_removed,cc_max,ground_truth,1094,-0.2612508774570367,1.5753251428670153e-18,-0.19264641822740394,1.319567367549799e-10
bypass_vs_gt_diff_lines_added,mi_score,bypass,1094,0.2607053359969121,1.865138152945934e-18,0.2067939137493054,4.9564924757586396e-12
bypass_vs_gt_diff_lines_added,h_bugs,ground_truth,1094,-0.2600483314457123,2.2845915575391104e-18,-0.30284595843165574,1.2211658804305936e-24
bypass_vs_gt_diff_lines_added,cc_max,bypass,1094,-0.2597807023140456,2.48098159079597e-18,-0.2536786494861358,1.585104025660075e-17
gt_loc_delta,cc_total,ground_truth,1100,0.2597594813237644,2.0196773635494457e-18,0.12547131088561372,3.0037319577819026e-05
agent_vs_bypass_diff_hunks,cc_max,ground_truth,1091,0.2591567213868553,3.340719438588905e-18,0.12973314793713703,1.720445181264257e-05
agent_vs_bypass_diff_lines_removed,cc_max,bypass,1091,0.25845066209416423,4.145913514263877e-18,0.38633486891085694,3.71536222480935e-40
agent_vs_bypass_diff_lines_removed,mi_score,bypass,1091,-0.25842980201532734,4.1724060636641785e-18,-0.22973928103972152,1.558395587899061e-14
agent_vs_bypass_diff_hunks,h_difficulty,ground_truth,1091,0.25753412766990713,5.481885235702387e-18,0.1640810717773558,5.025314824852477e-08
bypass_vs_gt_diff_total_change,h_difficulty,bypass,1094,-0.2566840319977346,6.3978335092783414e-18,-0.20133465063853187,1.809775953744229e-11
gt_diff_lines_removed,mi_score,agent,1100,-0.2560366490892018,6.336462804445676e-18,-0.21049209429464671,1.7578962402324781e-12
gt_loc_delta,mi_score,agent,1100,-0.2546295201821213,9.715250879411188e-18,-0.15962144841445505,1.0252854250024932e-07
agent_vs_bypass_diff_lines_removed,cc_total,ground_truth,1091,0.2536253469676836,1.781946731158199e-17,0.4791790147735162,1.0343531582859973e-63
gt_sloc_delta,mi_score,agent,1100,-0.25356029062733815,1.3419302815228001e-17,-0.13042761363401517,1.4285599706439738e-05
gt_sloc_delta,h_bugs,ground_truth,1100,0.2533073012091637,1.4481867290275214e-17,0.09913261852595373,0.0009939586878880955
gt_diff_lines_removed,cc_avg,ground_truth,1100,0.2529852612118991,1.5955076891464785e-17,0.04872012131750335,0.10631382589437577
bypass_vs_gt_diff_lines_added,h_bugs,bypass,1094,-0.252900815475305,2.0007670754998238e-17,-0.2665738220066001,2.969778907097155e-19
bypass_vs_gt_diff_lines_added,cc_max,ground_truth,1094,-0.2498684083824387,4.9226849238282567e-17,-0.2288077517374505,1.842426805411458e-14
bypass_vs_gt_diff_total_change,cc_max,ground_truth,1094,-0.24852379394030272,7.30988019274727e-17,-0.23218088576001703,7.410099810136616e-15
bypass_vs_gt_diff_total_change,cc_total,agent,1094,-0.2465885715734875,1.2860127567810876e-16,-0.13137383812868464,1.3052902138821677e-05
agent_vs_bypass_diff_lines_removed,h_difficulty,bypass,1091,0.24563419009024337,1.8645766485844648e-16,0.22120196325817568,1.4714220659851842e-13
agent_vs_bypass_diff_total_change,sloc,bypass,1091,0.2455180602470804,1.9281163164913877e-16,0.39537760825991786,3.8637679544347827e-42
gt_loc_delta,h_bugs,ground_truth,1100,0.24513198018375632,1.6240939545378595e-16,0.10053213306747798,0.0008409727346461431
gt_sloc_delta,mi_score,bypass,1100,-0.24244047635514815,3.5312581870416446e-16,-0.15278405762090277,3.5536919600453293e-07
bypass_vs_gt_diff_hunks,cc_total,agent,1094,-0.24204399372413096,4.75431778662816e-16,-0.14402600219640432,1.7246636324244099e-06
gt_diff_total_change,cc_avg,ground_truth,1100,0.24176408990896936,4.286046849163827e-16,0.07397788336879835,0.014122098385000826
gt_loc_delta,mi_score,bypass,1100,-0.24081936183419614,5.612151602255099e-16,-0.181962452065057,1.2095848630900819e-09
gt_diff_lines_added,cc_avg,ground_truth,1100,0.24049359527729153,6.157192407329368e-16,0.07501405715915789,0.012824244314445345
bypass_vs_gt_diff_lines_added,cc_total,agent,1094,-0.24027179271230278,7.859350123605208e-16,-0.10890888469113331,0.0003075505846975181
agent_vs_bypass_diff_total_change,sloc,ground_truth,1091,0.23999554784711613,9.299986187383887e-16,0.3979754221948733,1.0134941133310237e-42
bypass_vs_gt_diff_total_change,h_difficulty,ground_truth,1094,-0.239774004328549,9.044578225864537e-16,-0.19672856365498922,5.247636804831184e-11
agent_vs_bypass_diff_lines_removed,h_bugs,ground_truth,1091,0.23849061176514474,1.418251791318733e-15,0.526074752389458,1.102257099371767e-78
bypass_vs_gt_diff_hunks,mi_score,agent,1094,0.23591822263971668,2.6559778970033886e-15,0.22299987579811156,8.548298358707569e-14
bypass_vs_gt_diff_lines_removed,cc_total,agent,1094,-0.23500811641509595,3.415443073028302e-15,-0.13666002896947735,5.726258348312157e-06
agent_vs_bypass_diff_lines_removed,cc_max,ground_truth,1091,0.23299948321006644,6.45393891149106e-15,0.352862910815071,2.4441879018844196e-33
gt_sloc,cc_avg,agent,1100,0.2327223327706382,5.3956639455555e-15,0.015799728514852278,0.6006579374656548
agent_vs_bypass_diff_total_change,lloc,bypass,1091,0.23187065190540868,8.770946523440117e-15,0.3681017962607228,2.4192903660733206e-36
gt_diff_total_change,cc_avg,bypass,1100,0.23159023824842234,7.354691628894573e-15,0.07915635297047842,0.00862790526385184
agent_vs_bypass_diff_total_change,mi_score,ground_truth,1091,-0.23150060216690885,9.695413644663346e-15,-0.20260955657384255,1.430753422102958e-11
gt_loc,cc_avg,agent,1100,0.22919903842607361,1.4072293721467908e-14,0.008541970763930413,0.7771859005447874
bypass_vs_gt_diff_total_change,h_bugs,agent,1094,-0.22919730766979102,1.6596876500487924e-14,-0.12514807281266907,3.3109291800268306e-05
agent_vs_bypass_diff_total_change,lloc,ground_truth,1091,0.22709191644133656,3.1570484400087613e-14,0.37324581715097654,2.149288988022542e-37
gt_diff_lines_removed,h_bugs,agent,1100,0.22696656672686583,2.5621956945198167e-14,0.12557679255390386,2.957432623120589e-05
gt_sloc_delta,h_difficulty,ground_truth,1100,0.22619558376844084,3.1466733743237064e-14,0.1949943231409726,6.9105633788581e-11
bypass_vs_gt_diff_total_change,cc_max,agent,1094,-0.2252932203268013,4.687089016854989e-14,-0.049741815129567636,0.10009752119088373
bypass_vs_gt_diff_lines_added,h_difficulty,bypass,1094,-0.22527812830263413,4.705762421212808e-14,-0.17432592328706936,6.480925172839383e-09
bypass_vs_gt_diff_lines_added,h_difficulty,ground_truth,1094,-0.22509239313743895,4.9416414342424445e-14,-0.20039549310874813,2.2531894832407008e-11
gt_diff_lines_removed,cc_total,agent,1100,0.22493220393925029,4.399256837240879e-14,0.1261333078785874,2.7241649977731277e-05
bypass_vs_gt_diff_lines_removed,h_bugs,agent,1094,-0.22404039629702518,6.513673836438782e-14,-0.1416971419416588,2.5370512519670432e-06
gt_diff_lines_removed,h_difficulty,agent,1100,0.22307145528440517,7.180008450004213e-14,0.028594168762035348,0.34339588592487985
agent_vs_bypass_diff_lines_removed,h_difficulty,ground_truth,1091,0.2191901140272538,2.4646752691999207e-13,0.2236809734625129,7.739033103555243e-14
gt_loc_delta,lloc,agent,1100,0.21812211391961736,2.5870449991679935e-13,0.10128015945552422,0.0007684469544523137
bypass_vs_gt_diff_hunks,h_bugs,agent,1094,-0.2175557746098122,3.4671814413043265e-13,-0.1357048935631361,6.660758011130889e-06
gt_diff_lines_added,cc_avg,bypass,1100,0.21749424592112276,3.037189034841443e-13,0.05956515627254847,0.04826128833143781
gt_loc_delta,h_difficulty,ground_truth,1100,0.2174170640486135,3.0975699691709237e-13,0.19145849293359968,1.5330086432874185e-10
gt_loc_delta,sloc,agent,1100,0.21690684140851435,3.527413801614111e-13,0.1162247486193184,0.00011179403846621348
gt_sloc_delta,sloc,agent,1100,0.2167627822133942,3.6590230737036283e-13,0.0925090367148059,0.0021314519124532045
gt_diff_hunks,cc_avg,agent,1100,0.21660553555578313,3.8081792153533507e-13,0.013164005571123454,0.6627473658480756
bypass_vs_gt_diff_lines_added,cc_max,agent,1094,-0.2165783712447387,4.4407422557139173e-13,-0.05585128915338217,0.06479809710752878
gt_sloc_delta,lloc,agent,1100,0.21591136730679591,4.541080566491168e-13,0.08352316158146816,0.005573961235098599
bypass_vs_gt_diff_lines_added,h_bugs,agent,1094,-0.21318443018023725,1.039149969650224e-12,-0.09518990947960299,0.001621393201749064
bypass_vs_gt_diff_lines_removed,h_difficulty,agent,1094,-0.2121818223266718,1.33219839033135e-12,-0.05691052896620704,0.0598730623265671
bypass_vs_gt_diff_total_change,h_difficulty,agent,1094,-0.21197969427909327,1.4004086118147171e-12,-0.07056046319740181,0.0195917278173196
agent_vs_bypass_diff_hunks,cc_total,agent,1091,0.2115989764504851,1.649903405181172e-12,0.09911934643448031,0.0010444789401311218
agent_vs_bypass_diff_total_change,cc_total,bypass,1091,0.2115885647314276,1.6541308135483727e-12,0.400927348813435,2.1831950730529096e-43
bypass_vs_gt_diff_lines_removed,cc_max,agent,1094,-0.21027987695021366,2.126967126493115e-12,-0.03208035242728732,0.2890813597132946
bypass_vs_gt_diff_hunks,cc_max,agent,1094,-0.2100601868250426,2.244433253124649e-12,-0.07994730709418826,0.008156466045024268
agent_vs_bypass_diff_hunks,cc_max,agent,1091,0.20917654421238777,2.98174706152133e-12,0.10683157692533903,0.00040815668386649025
bypass_vs_gt_sloc,sloc,agent,1094,-0.20816310760364762,3.561515971321557e-12,-0.11682866394521313,0.00010748678258487972
bypass_vs_gt_sloc_delta,sloc,agent,1094,-0.20816310760364762,3.561515971321557e-12,-0.11682866394521313,0.00010748678258487972
agent_vs_bypass_diff_hunks,h_bugs,agent,1091,0.20749732422928419,4.4750857063727485e-12,0.1078923677241271,0.0003569039634100683
agent_vs_bypass_diff_hunks,cc_avg,bypass,1091,0.20731553522021642,4.6752074203542115e-12,0.11685871843344285,0.00010941076066812385
gt_sloc_delta,cc_total,bypass,1100,0.20682102683299905,4.307633436259475e-12,0.052010649155586265,0.08467104358949593
bypass_vs_gt_diff_lines_removed,cc_avg,bypass,1094,-0.2066085910120292,5.1823446775937466e-12,-0.07067907412202457,0.019386746999995156
agent_vs_bypass_diff_total_change,mi_score,bypass,1091,-0.2049370522652321,8.256106356530653e-12,-0.2091445117545569,3.0050274447894705e-12
gt_loc_delta,cc_total,bypass,1100,0.20373400791122756,9.036268255283283e-12,0.07056857210656635,0.019244926861995627
bypass_vs_gt_diff_hunks,h_difficulty,agent,1094,-0.20294364851698074,1.240199159807847e-11,-0.06802760824636425,0.02444301327102139
bypass_vs_gt_sloc_delta,sloc,ground_truth,1094,-0.20232358110520351,1.4351786455015296e-11,-0.13919395226676123,3.815571165508162e-06
bypass_vs_gt_sloc,sloc,ground_truth,1094,-0.20232358110520351,1.4351786455015296e-11,-0.13919395226676123,3.815571165508162e-06
agent_vs_bypass_diff_hunks,h_difficulty,agent,1091,0.2006116351563693,2.2817510917042056e-11,0.06369999728142606,0.035399895585631204
gt_diff_lines_added,cc_total,agent,1100,0.19928381196072711,2.5758129231038785e-11,0.11969201375102118,6.905003046758986e-05
bypass_vs_gt_sloc_delta,lloc,agent,1094,-0.19889216768957485,3.19284169540526e-11,-0.08468041258375424,0.005067759834031805
bypass_vs_gt_sloc,lloc,agent,1094,-0.19889216768957485,3.19284169540526e-11,-0.08468041258375424,0.005067759834031805
gt_sloc_delta,sloc,bypass,1100,0.19882807739756234,2.8635900371487933e-11,0.06812040093312285,0.023861360735563414
bypass_vs_gt_sloc_delta,mi_score,ground_truth,1094,0.19835070630670146,3.617512496576871e-11,0.12054552081385565,6.410970535607348e-05
bypass_vs_gt_sloc,mi_score,ground_truth,1094,0.19835070630670146,3.617512496576871e-11,0.12054552081385565,6.410970535607348e-05
bypass_vs_gt_loc,sloc,agent,1094,-0.19829477747455687,3.664401883554392e-11,-0.13183152046335478,1.216906273711721e-05
bypass_vs_gt_loc_delta,sloc,agent,1094,-0.19829477747455687,3.664401883554392e-11,-0.13183152046335478,1.216906273711721e-05
bypass_vs_gt_diff_hunks,cc_avg,bypass,1094,-0.1978116227576396,4.0949801996601535e-11,-0.11874843175548411,8.246122894811959e-05
gt_sloc_delta,lloc,bypass,1100,0.19653747448960698,4.8577963075706764e-11,0.053835749280739593,0.07429471439241485
gt_loc_delta,sloc,bypass,1100,0.195037366425456,6.843223081247246e-11,0.09974383868290698,0.0009242265134432312
n_commits_total,cc_total,bypass,1100,0.1949407031051232,6.995356524308731e-11,0.035398000138786766,0.2407750884053951
bypass_vs_gt_loc,mi_score,ground_truth,1094,0.1948624997884755,8.01876922344844e-11,0.14989209496676756,6.349387575943183e-07
bypass_vs_gt_loc_delta,mi_score,ground_truth,1094,0.1948624997884755,8.01876922344844e-11,0.14989209496676756,6.349387575943183e-07
gt_sloc_delta,h_bugs,bypass,1100,0.19419958072986385,8.276768662105275e-11,0.03858480081842233,0.2009906463857032
gt_loc_delta,lloc,bypass,1100,0.19414032672204432,8.388589277459551e-11,0.07048669979547405,0.019385697416630633
agent_vs_bypass_diff_total_change,cc_total,ground_truth,1091,0.19350122107028542,1.1553795738403883e-10,0.4131993465338129,3.119941679288138e-46
bypass_vs_gt_loc_delta,lloc,agent,1094,-0.1931821981483794,1.170484406673189e-10,-0.10588317615398708,0.0004514570795574024
bypass_vs_gt_loc,lloc,agent,1094,-0.1931821981483794,1.170484406673189e-10,-0.10588317615398708,0.0004514570795574024
agent_vs_bypass_diff_hunks,mi_score,agent,1091,-0.19291640352659153,1.3167174064269888e-10,-0.14714324242789611,1.0544001680916676e-06
n_commits_total,cc_total,ground_truth,1100,0.19279866526224798,1.1354287699007871e-10,0.03935470208991774,0.19214185695912253
gt_diff_lines_removed,cc_max,agent,1100,0.19135285103693578,1.5695766949279258e-10,0.004406682007414917,0.8839311404498121
agent_vs_bypass_diff_total_change,mi_score,agent,1091,-0.19114255426961463,1.9525131695094566e-10,-0.18055131393825635,1.898606536328384e-09
agent_vs_bypass_diff_total_change,h_bugs,bypass,1091,0.18994137038750286,2.5440878045697774e-10,0.43949475411419703,9.677301257138574e-53
gt_loc_delta,h_bugs,bypass,1100,0.18982239349371682,2.2052022380347226e-10,0.047053678094938566,0.11883468142104857
bypass_vs_gt_loc_delta,sloc,ground_truth,1094,-0.18976022055598293,2.5023017866208747e-10,-0.14734608963657447,9.843637071102653e-07
bypass_vs_gt_loc,sloc,ground_truth,1094,-0.18976022055598293,2.5023017866208747e-10,-0.14734608963657447,9.843637071102653e-07
agent_vs_bypass_diff_total_change,cc_max,bypass,1091,0.18779715487851434,4.0630616439999027e-10,0.3778908202095207,2.3250583068227e-38
agent_vs_bypass_diff_lines_removed,mi_score,agent,1091,-0.18734304353356027,4.4834198608956957e-10,-0.17716629433824335,3.819820268510629e-09
gt_diff_total_change,cc_total,agent,1100,0.18716204437061876,3.9557432674234253e-10,0.14116560274295462,2.5995076229018522e-06
bypass_vs_gt_diff_lines_added,mi_score,agent,1094,0.18678594960379064,4.788640570265573e-10,0.1658567341129385,3.432504080427087e-08
gt_sloc_delta,cc_max,ground_truth,1100,0.1864811472075064,4.5876469159055353e-10,0.11715560246577698,9.835575321687882e-05
bypass_vs_gt_diff_lines_added,h_difficulty,agent,1094,-0.18560512008287525,6.178067842286253e-10,-0.07075085795045949,0.019263602851987242
n_commits_total,lloc,bypass,1100,0.18446349449161653,7.094101848535975e-10,0.025491717163836962,0.39831152956464627
bypass_vs_gt_diff_total_change,mi_score,agent,1094,0.1842252641694645,8.302924268337197e-10,0.17770846885664976,3.253377868446897e-09
bypass_vs_gt_diff_hunks,cc_avg,ground_truth,1094,-0.18409138412418072,8.543479913181031e-10,-0.1194055786355196,7.524007590679674e-05
agent_vs_bypass_diff_hunks,cc_avg,ground_truth,1091,0.18395151145253122,9.280650832270432e-10,0.11923025524691293,7.88775090021215e-05
bypass_vs_gt_sloc_delta,lloc,ground_truth,1094,-0.18344068858444837,9.812716457543063e-10,-0.10785213464013975,0.0003520635451508764
bypass_vs_gt_sloc,lloc,ground_truth,1094,-0.18344068858444837,9.812716457543063e-10,-0.10785213464013975,0.0003520635451508764
n_commits_total,lloc,ground_truth,1100,0.18199316780877875,1.2017382960247798e-09,0.027285257657207525,0.3659481845740996
gt_diff_lines_added,h_bugs,agent,1100,0.18048925233292573,1.6505487891460663e-09,0.094960650014208,0.0016158238070606852
bypass_vs_gt_diff_total_change,cc_avg,bypass,1094,-0.18028200739507083,1.9085799212132383e-09,-0.06938908023456729,0.02171974432474113
gt_loc_delta,cc_max,ground_truth,1100,0.18025006650760095,1.7355613200925756e-09,0.10639406686147518,0.00040821211117771246
bypass_vs_gt_diff_lines_removed,mi_score,agent,1094,0.18005664519141115,2.000454352742537e-09,0.1599207672369535,1.0508768769774648e-07
gt_diff_total_change,h_bugs,agent,1100,0.17889841175059581,2.3022150954721225e-09,0.12418571856582716,3.6262354604018606e-05
n_commits_total,sloc,bypass,1100,0.17791302666981088,2.824943400681425e-09,0.024716104792375408,0.4128243277884392
bypass_vs_gt_diff_lines_removed,cc_avg,ground_truth,1094,-0.17672967327992115,3.976868855548324e-09,-0.04397690323030759,0.14605557885036724
agent_vs_bypass_diff_total_change,h_bugs,ground_truth,1091,0.17543288487844746,5.435753992086372e-09,0.4508798667037739,9.65889759047311e-56
n_commits_total,sloc,ground_truth,1100,0.17512317409501346,5.0107788923000395e-09,0.026913940729900537,0.37251028398559266
bypass_vs_gt_loc,lloc,ground_truth,1094,-0.17502136271015675,5.630883959243173e-09,-0.11807483210028381,9.053891850958301e-05
bypass_vs_gt_loc_delta,lloc,ground_truth,1094,-0.17502136271015675,5.630883959243173e-09,-0.11807483210028381,9.053891850958301e-05
n_commits_total,mi_score,agent,1100,-0.1713751712167472,1.0666553522268664e-08,0.0706084307701807,0.01917671770641087
n_commits_total,h_bugs,ground_truth,1100,0.17021356001057672,1.3435872780866296e-08,0.05137654028789298,0.08853914514661658
n_commits_total,h_bugs,bypass,1100,0.16962608809785357,1.5090413848364897e-08,0.04684269309460116,0.12049904182553177
bypass_vs_gt_sloc_delta,cc_total,ground_truth,1094,-0.16950619407978101,1.6907573574720164e-08,-0.10789064367866089,0.00035034096745222595
bypass_vs_gt_sloc,cc_total,ground_truth,1094,-0.16950619407978101,1.6907573574720164e-08,-0.10789064367866089,0.00035034096745222595
gt_sloc_delta,h_difficulty,bypass,1100,0.16849039114955058,1.886713848878986e-08,0.09639589247786093,0.0013699346789435866
agent_vs_bypass_diff_lines_removed,cc_avg,bypass,1091,0.1680597954888931,2.34420527895538e-08,0.06080757655009037,0.04463821420156407
agent_vs_bypass_diff_total_change,cc_max,ground_truth,1091,0.1676890434207132,2.5187796233369708e-08,0.34913429861195383,1.2549290246848775e-32
agent_vs_bypass_diff_total_change,h_difficulty,bypass,1091,0.16751110564461594,2.606976385008503e-08,0.18344646746842713,1.0330593569131998e-09
n_commits_total,h_difficulty,ground_truth,1100,0.16600659110674065,3.059023731953022e-08,-0.03294136238228523,0.27501095029863987
bypass_vs_gt_diff_lines_added,cc_avg,bypass,1094,-0.16413561542221075,4.7678549216659154e-08,-0.058640009417305176,0.052500236488080186
n_commits_total,h_difficulty,bypass,1100,0.16322571183021028,5.2103505498449176e-08,-0.0374418971446605,0.21466839016010522
gt_loc_delta,h_difficulty,bypass,1100,0.16267424860445534,5.78454414073583e-08,0.10113375948838803,0.0007821679956318515
agent_vs_bypass_diff_hunks,cc_avg,agent,1091,0.16161441181608963,7.989182504638532e-08,0.052482593663002966,0.08314504697250918
bypass_vs_gt_loc_delta,cc_total,ground_truth,1094,-0.16055107490700432,9.349485629764284e-08,-0.11614526348171636,0.00011800796879079154
bypass_vs_gt_loc,cc_total,ground_truth,1094,-0.16055107490700432,9.349485629764284e-08,-0.11614526348171636,0.00011800796879079154
n_commits_total,mi_score,ground_truth,1100,-0.1602881186489774,9.056486819740482e-08,0.0717745359082335,0.017272430541917135
bypass_vs_gt_diff_total_change,cc_avg,agent,1094,-0.1583728622549386,1.3975861389035196e-07,0.015271562412917113,0.6138614851338633
agent_vs_bypass_diff_lines_added,sloc,agent,1091,0.15776136524233203,1.6253500375236463e-07,0.03573039085797716,0.23831505232767322
bypass_vs_gt_sloc_delta,h_bugs,ground_truth,1094,-0.15709248846981366,1.7656459343133342e-07,-0.09851666209816388,0.0011034875385052384
bypass_vs_gt_sloc,h_bugs,ground_truth,1094,-0.15709248846981366,1.7656459343133342e-07,-0.09851666209816388,0.0011034875385052384
agent_vs_bypass_diff_total_change,sloc,agent,1091,0.15596587704855666,2.2499121083491855e-07,0.06187183370556004,0.04102674258914917
n_commits_b,h_difficulty,bypass,1100,0.15528920129489684,2.2677458322958319e-07,0.1219977335643158,4.975633732322349e-05
n_commits_b,lloc,bypass,1100,0.15469194270381617,2.525739599532082e-07,0.15747586771395106,1.5231973230745389e-07
bypass_vs_gt_diff_total_change,cc_avg,ground_truth,1094,-0.15434455788738216,2.897683244249485e-07,-0.04967697781273742,0.10054131926613721
gt_diff_lines_removed,cc_avg,agent,1100,0.1533946289114097,3.187275766040688e-07,-0.04933358923941478,0.10197662815619558
bypass_vs_gt_diff_lines_removed,cc_avg,agent,1094,-0.1533253611192739,3.474546451547348e-07,0.013836360479803026,0.6475663917061277
n_commits_b,sloc,bypass,1100,0.15328695585148752,3.2491317225493795e-07,0.1894109650700215,2.415108948976607e-10
bypass_vs_gt_sloc,cc_max,ground_truth,1094,-0.15310944503676893,3.61023912113243e-07,-0.11877189602994782,8.219249849757227e-05
bypass_vs_gt_sloc_delta,cc_max,ground_truth,1094,-0.15310944503676893,3.61023912113243e-07,-0.11877189602994782,8.219249849757227e-05
gt_diff_total_change,h_difficulty,agent,1100,0.15272372563182313,3.592027213771999e-07,0.06390015447854865,0.034083309460831726
agent_vs_bypass_diff_lines_removed,sloc,agent,1091,0.1525157648148836,4.159632793306406e-07,0.06213987548025819,0.04015716809747729
agent_vs_bypass_diff_total_change,h_difficulty,ground_truth,1091,0.15158692650295627,4.896720130435722e-07,0.18666864071275605,5.186932159709148e-10
gt_diff_lines_added,h_difficulty,agent,1100,0.15150721663088798,4.455673995396775e-07,0.07433320987619185,0.013664552435685368
n_commits_b,cc_total,bypass,1100,0.1487160595262484,7.258376583313452e-07,0.17705078824883916,3.375666098391085e-09
n_commits_a,cc_total,ground_truth,1100,0.14759098594722975,8.814044529701183e-07,-0.017530060679530907,0.5613820423734709
bypass_vs_gt_diff_lines_added,cc_avg,agent,1094,-0.14709605620539962,1.0272706900601384e-06,0.014183645676492083,0.639340667566534
n_commits_b,sloc,ground_truth,1100,0.14689074369116714,9.939176537693131e-07,0.20238468465008486,1.244610205492027e-11
bypass_vs_gt_loc,h_bugs,ground_truth,1094,-0.14655750911741242,1.125877519857104e-06,-0.10774421616748024,0.00035693317145214315
bypass_vs_gt_loc_delta,h_bugs,ground_truth,1094,-0.14655750911741242,1.125877519857104e-06,-0.10774421616748024,0.00035693317145214315
bypass_vs_gt_loc,cc_max,ground_truth,1094,-0.14654092872115523,1.1290532363476142e-06,-0.1187998066509218,8.187392152832733e-05
bypass_vs_gt_loc_delta,cc_max,ground_truth,1094,-0.14654092872115523,1.1290532363476142e-06,-0.1187998066509218,8.187392152832733e-05
n_commits_b,lloc,ground_truth,1100,0.14604677512493297,1.147925440624219e-06,0.16874904164005244,1.793374724303331e-08
agent_vs_bypass_diff_lines_added,lloc,agent,1091,0.1454307742571005,1.408621398590307e-06,0.03313663636539338,0.2741487444355564
bypass_vs_gt_sloc,cc_total,agent,1094,-0.14512378506946155,1.434734988312057e-06,0.01726335281983816,0.5684154366844199
bypass_vs_gt_sloc_delta,cc_total,agent,1094,-0.14512378506946155,1.434734988312057e-06,0.01726335281983816,0.5684154366844199
n_commits_b,h_difficulty,ground_truth,1100,0.14505959788157,1.3572139103475232e-06,0.13155399551015395,1.2019809998012571e-05
bypass_vs_gt_loc,cc_total,agent,1094,-0.14300816076898257,2.0431060515832504e-06,-0.008024508399721814,0.7909194519991027
bypass_vs_gt_loc_delta,cc_total,agent,1094,-0.14300816076898257,2.0431060515832504e-06,-0.008024508399721814,0.7909194519991027
bypass_vs_gt_diff_lines_added,cc_avg,ground_truth,1094,-0.14290135961609784,2.079615245834385e-06,-0.04690478853558538,0.12102462700282537
n_commits_total,cc_max,bypass,1100,0.14246165723665158,2.0978579241613836e-06,0.01326209244475457,0.6603912346748004
agent_vs_bypass_diff_total_change,lloc,agent,1091,0.14223502307254451,2.397265959091612e-06,0.0757235671439238,0.012352988700436161
n_commits_b,h_bugs,bypass,1100,0.14001002354206724,3.142107303206585e-06,0.19138378939690012,1.5587801095174557e-10
n_commits_b,mi_score,ground_truth,1100,-0.1397126132119268,3.298410140164021e-06,-0.12196959810437744,4.995745012662203e-05
n_commits_b,cc_total,ground_truth,1100,0.13960886846943563,3.354664125296993e-06,0.1910279968199543,1.6874395004818701e-10
gt_sloc_delta,cc_max,bypass,1100,0.1395640007821901,3.3792765106182774e-06,0.06556782466303862,0.02966711810777367
n_commits_total,cc_max,ground_truth,1100,0.13916383816575995,3.606570585193701e-06,0.0017493805266328693,0.9537848985451564
agent_vs_bypass_diff_lines_removed,lloc,agent,1091,0.13829269251339577,4.5473279866146615e-06,0.08197996291174449,0.006742957726911177
agent_vs_bypass_diff_lines_removed,cc_avg,ground_truth,1091,0.13804552012504312,4.730837907678845e-06,0.05861943074653439,0.052909132928134435
n_commits_a,cc_total,bypass,1100,0.137672326268556,4.589645703929096e-06,-0.01738256100210044,0.5646811772766605
bypass_vs_gt_sloc,cc_max,agent,1094,-0.1374531528584562,5.046836520034932e-06,-0.04094692993058684,0.1759385768459049
bypass_vs_gt_sloc_delta,cc_max,agent,1094,-0.1374531528584562,5.046836520034932e-06,-0.04094692993058684,0.1759385768459049
n_commits_b,mi_score,agent,1100,-0.13675997720740718,5.3122719432548785e-06,-0.10460883046708101,0.0005107087530721411
gt_loc_delta,cc_max,bypass,1100,0.13528781021673958,6.7126290063844025e-06,0.05668671923569445,0.06018176590063396
agent_vs_bypass_diff_total_change,cc_avg,bypass,1091,0.134481624847419,8.306191129611696e-06,0.07667015126519637,0.011300589062106983
bypass_vs_gt_loc_delta,cc_max,agent,1094,-0.13408612736239064,8.585915460305554e-06,-0.04113009420501434,0.17401179435246816
bypass_vs_gt_loc,cc_max,agent,1094,-0.13408612736239064,8.585915460305554e-06,-0.04113009420501434,0.17401179435246816
agent_vs_gt_sloc,sloc,ground_truth,1097,-0.13345838936992244,9.203460332137377e-06,-0.462399746525712,3.2803560821534505e-59
agent_vs_gt_sloc_delta,sloc,ground_truth,1097,-0.13345838936992244,9.203460332137377e-06,-0.462399746525712,3.2803560821534505e-59
gt_sloc_delta,cc_avg,ground_truth,1100,0.13277004054376293,9.959526083922264e-06,0.06073318924337328,0.04402412607353006
n_commits_b,h_bugs,ground_truth,1100,0.13212876498443168,1.0999936620255054e-05,0.20640301884305343,4.765446523789093e-12
agent_vs_gt_sloc_delta,h_bugs,ground_truth,1097,-0.12974603950942176,1.6277480626788446e-05,-0.5085653625870944,3.2811582727012556e-73
agent_vs_gt_sloc,h_bugs,ground_truth,1097,-0.12974603950942176,1.6277480626788446e-05,-0.5085653625870944,3.2811582727012556e-73
n_commits_total,mi_score,bypass,1100,-0.12951658004390929,1.6410155988481637e-05,0.09358969682459567,0.0018879690515764456
gt_diff_lines_added,cc_max,agent,1100,0.12785841284651067,2.107088619183649e-05,0.04372028882233758,0.1473146252320432
agent_vs_gt_loc,sloc,ground_truth,1097,-0.12777869385021193,2.188441992675125e-05,-0.47682667702784487,2.3378475314637026e-63
agent_vs_gt_loc_delta,sloc,ground_truth,1097,-0.12777869385021193,2.188441992675125e-05,-0.47682667702784487,2.3378475314637026e-63
bypass_vs_gt_diff_hunks,cc_avg,agent,1094,-0.12687534875266215,2.568343109615119e-05,0.0014929879898765272,0.960660173999925
agent_vs_gt_sloc,lloc,ground_truth,1097,-0.1261343529081203,2.7935378700823263e-05,-0.429574565605389,1.7457451470460493e-50
agent_vs_gt_sloc_delta,lloc,ground_truth,1097,-0.1261343529081203,2.7935378700823263e-05,-0.429574565605389,1.7457451470460493e-50
agent_vs_bypass_loc,sloc,agent,1091,0.12594301469002506,3.0222036353405322e-05,-0.045279963793872766,0.1350025590490324
agent_vs_bypass_loc_delta,sloc,agent,1091,0.12594301469002506,3.0222036353405322e-05,-0.045279963793872766,0.1350025590490324
n_commits_total,lloc,agent,1100,0.12591269608538147,2.814465170206801e-05,0.0041177454104011045,0.8914928456392015
bypass_vs_gt_loc,h_bugs,agent,1094,-0.1259009513499544,2.9651655524229473e-05,0.015481630964224483,0.6089935733878797
bypass_vs_gt_loc_delta,h_bugs,agent,1094,-0.1259009513499544,2.9651655524229473e-05,0.015481630964224483,0.6089935733878797
bypass_vs_gt_sloc,h_bugs,agent,1094,-0.12587453741043655,2.9766931674869583e-05,0.03939549926066838,0.19289983864142543
bypass_vs_gt_sloc_delta,h_bugs,agent,1094,-0.12587453741043655,2.9766931674869583e-05,0.03939549926066838,0.19289983864142543
n_commits_a,lloc,ground_truth,1100,0.12584722872589757,2.8418042196024078e-05,-0.023367711977059363,0.4387865823095525
n_commits_a,lloc,bypass,1100,0.12579997147977887,2.8616952352369636e-05,-0.021775839481599682,0.4706097506561689
gt_loc_delta,cc_total,agent,1100,0.12554711332286203,2.970390858724015e-05,0.032328549470141785,0.28404461304727985
gt_sloc_delta,cc_total,agent,1100,0.1252618904073659,3.0976998580794066e-05,0.010431920171550434,0.7296405795124945
bypass_vs_gt_sloc_delta,sloc,bypass,1094,-0.12497165277413885,3.397311388157486e-05,-0.04855073102601204,0.10850289139965065
bypass_vs_gt_sloc,sloc,bypass,1094,-0.12497165277413885,3.397311388157486e-05,-0.04855073102601204,0.10850289139965065
gt_loc_delta,cc_avg,ground_truth,1100,0.12469680889419121,3.36537133930183e-05,0.04636690833551725,0.12431913106878321
bypass_vs_gt_sloc_delta,cc_max,bypass,1094,-0.12308903709401091,4.462476463258522e-05,-0.08546020000428993,0.004675237148494704
bypass_vs_gt_sloc,cc_max,bypass,1094,-0.12308903709401091,4.462476463258522e-05,-0.08546020000428993,0.004675237148494704
agent_vs_bypass_diff_lines_added,mi_score,ground_truth,1091,-0.12272054362723385,4.8193475837510715e-05,-0.09203569062530108,0.0023427827883353756
bypass_vs_gt_sloc,h_difficulty,ground_truth,1094,-0.12227018112396547,5.018420372091043e-05,-0.13091619543957705,1.3997608803436341e-05
bypass_vs_gt_sloc_delta,h_difficulty,ground_truth,1094,-0.12227018112396547,5.018420372091043e-05,-0.13091619543957705,1.3997608803436341e-05
agent_vs_gt_sloc_delta,h_difficulty,ground_truth,1097,-0.12099449621477382,5.877955742927498e-05,-0.24450130649147567,2.1416715835422768e-16
agent_vs_gt_sloc,h_difficulty,ground_truth,1097,-0.12099449621477382,5.877955742927498e-05,-0.24450130649147567,2.1416715835422768e-16
agent_vs_bypass_loc_delta,lloc,agent,1091,0.12089224596452042,6.248640034824281e-05,-0.06818633695244493,0.024306208252258703
agent_vs_bypass_loc,lloc,agent,1091,0.12089224596452042,6.248640034824281e-05,-0.06818633695244493,0.024306208252258703
bypass_vs_gt_sloc_delta,cc_total,bypass,1094,-0.12019853221982313,6.732118931197617e-05,-0.034631066427520014,0.25242480334810224
bypass_vs_gt_sloc,cc_total,bypass,1094,-0.12019853221982313,6.732118931197617e-05,-0.034631066427520014,0.25242480334810224
bypass_vs_gt_loc,mi_score,bypass,1094,0.11983172254706136,7.088110405803251e-05,0.07746325056919551,0.010375054748200527
bypass_vs_gt_loc_delta,mi_score,bypass,1094,0.11983172254706136,7.088110405803251e-05,0.07746325056919551,0.010375054748200527
bypass_vs_gt_loc_delta,h_difficulty,ground_truth,1094,-0.11914843081052034,7.79916048210855e-05,-0.12371166214622131,4.07935326033652e-05
bypass_vs_gt_loc,h_difficulty,ground_truth,1094,-0.11914843081052034,7.79916048210855e-05,-0.12371166214622131,4.07935326033652e-05
bypass_vs_gt_loc,cc_max,bypass,1094,-0.11909871301883605,7.853443863642754e-05,-0.08463667026589139,0.0050906352380200685
bypass_vs_gt_loc_delta,cc_max,bypass,1094,-0.11909871301883605,7.853443863642754e-05,-0.08463667026589139,0.0050906352380200685
agent_vs_bypass_sloc_delta,sloc,agent,1091,0.11907130088898936,8.064189982029202e-05,-0.03130816333761769,0.30151709322138903
agent_vs_bypass_sloc,sloc,agent,1091,0.11907130088898936,8.064189982029202e-05,-0.03130816333761769,0.30151709322138903
gt_diff_total_change,cc_max,agent,1100,0.11859300729635898,8.055785102483825e-05,0.03165285420068361,0.29423535939896683
n_commits_total,sloc,agent,1100,0.11858656021703802,8.063041452497627e-05,0.006290738742071365,0.8349127155720009
agent_vs_gt_sloc_delta,cc_total,ground_truth,1097,-0.11822275292654238,8.674330663140158e-05,-0.4614498513737091,6.054385731397581e-59
agent_vs_gt_sloc,cc_total,ground_truth,1097,-0.11822275292654238,8.674330663140158e-05,-0.4614498513737091,6.054385731397581e-59
bypass_vs_gt_sloc,mi_score,bypass,1094,0.11757821504121661,9.696617544889458e-05,0.04614616397721431,0.1271635763135242
bypass_vs_gt_sloc_delta,mi_score,bypass,1094,0.11757821504121661,9.696617544889458e-05,0.04614616397721431,0.1271635763135242
agent_vs_gt_diff_total_change,h_bugs,agent,1097,-0.11693919831234785,0.00010357859553150949,-0.019229574704040325,0.5246230866899407
agent_vs_gt_loc_delta,lloc,ground_truth,1097,-0.11688287390933895,0.00010438367095653471,-0.436772741414976,2.567410813541271e-52
agent_vs_gt_loc,lloc,ground_truth,1097,-0.11688287390933895,0.00010438367095653471,-0.436772741414976,2.567410813541271e-52
bypass_vs_gt_loc,cc_total,bypass,1094,-0.11640060709251475,0.00011396821111047347,-0.05275816521610848,0.08111870854900473
bypass_vs_gt_loc_delta,cc_total,bypass,1094,-0.11640060709251475,0.00011396821111047347,-0.05275816521610848,0.08111870854900473
bypass_vs_gt_loc,sloc,bypass,1094,-0.11615090684490442,0.00011791724682428709,-0.06048470509554158,0.045487680195202974
bypass_vs_gt_loc_delta,sloc,bypass,1094,-0.11615090684490442,0.00011791724682428709,-0.06048470509554158,0.045487680195202974
agent_vs_gt_diff_total_change,cc_total,agent,1097,-0.11614660272804136,0.00011546490132321934,-0.038180354178616184,0.20637716360653177
agent_vs_gt_diff_lines_removed,sloc,bypass,1097,0.11577598386493133,0.00012145341273577561,0.4255743867663927,1.743216859419839e-49
agent_vs_gt_diff_total_change,cc_max,agent,1097,-0.11550465742091494,0.0001260216528405413,-0.09106108365710555,0.0025372048981439467
n_commits_a,sloc,bypass,1100,0.11446908012648783,0.0001419728535831553,-0.03245692460481205,0.2821357785657463
n_commits_a,h_bugs,ground_truth,1100,0.11345076769553825,0.00016283070038696062,-0.00961017187939388,0.7501979904366004
agent_vs_gt_sloc,mi_score,ground_truth,1097,0.11295740620141874,0.0001775408649126301,0.2047132195088552,7.637276682135402e-12
agent_vs_gt_sloc_delta,mi_score,ground_truth,1097,0.11295740620141874,0.0001775408649126301,0.2047132195088552,7.637276682135402e-12
n_commits_a,sloc,ground_truth,1100,0.11255553399780298,0.00018351365257723897,-0.03414799063920824,0.25780134779232106
agent_vs_bypass_sloc,lloc,agent,1091,0.11158186122541053,0.00022171670850987794,-0.06239584035449695,0.03934139556824575
agent_vs_bypass_sloc_delta,lloc,agent,1091,0.11158186122541053,0.00022171670850987794,-0.06239584035449695,0.03934139556824575
n_commits_b,mi_score,bypass,1100,-0.11134722898487606,0.00021535926047323888,-0.09845563528510165,0.0010768516945429854
agent_vs_gt_loc,h_bugs,ground_truth,1097,-0.11066851922630895,0.0002401343299913311,-0.5094229041008043,1.7184998690330384e-73
agent_vs_gt_loc_delta,h_bugs,ground_truth,1097,-0.11066851922630895,0.0002401343299913311,-0.5094229041008043,1.7184998690330384e-73
n_commits_a,mi_score,agent,1100,-0.11040507880041095,0.00024371087681409546,0.1067182772657308,0.00039179460888442947
agent_vs_gt_loc,mi_score,ground_truth,1097,0.11020468916786406,0.0002551133559717582,0.21996888243085294,1.7359237019365547e-13
agent_vs_gt_loc_delta,mi_score,ground_truth,1097,0.11020468916786406,0.0002551133559717582,0.21996888243085294,1.7359237019365547e-13
agent_vs_gt_diff_lines_removed,sloc,ground_truth,1097,0.1099611956529753,0.0002633227482451456,0.4292222634444618,2.1406104247468524e-50
agent_vs_gt_sloc_delta,cc_max,ground_truth,1097,-0.10985129410473327,0.00026710852100229985,-0.287016320683385,3.0079343288365756e-22
agent_vs_gt_sloc,cc_max,ground_truth,1097,-0.10985129410473327,0.00026710852100229985,-0.287016320683385,3.0079343288365756e-22
agent_vs_bypass_diff_total_change,cc_avg,ground_truth,1091,0.10909388228331325,0.00030613642235901493,0.07347184806074726,0.015211857068282469
agent_vs_gt_diff_total_change,cc_avg,agent,1097,-0.10815779500775653,0.000332278196654729,-0.07590210687728467,0.011912859132841644
agent_vs_gt_diff_total_change,h_difficulty,agent,1097,-0.1079839659068413,0.00033974907641667955,-0.12624089977785793,2.7499456435544375e-05
bypass_vs_gt_sloc,lloc,bypass,1094,-0.10778055922990859,0.000355286274886137,-0.028647370171451133,0.34382120754956935
bypass_vs_gt_sloc_delta,lloc,bypass,1094,-0.10778055922990859,0.000355286274886137,-0.028647370171451133,0.34382120754956935
agent_vs_gt_diff_lines_removed,h_bugs,agent,1097,-0.10744404912974888,0.0003639666265364134,0.04335487604294952,0.15128878408723237
gt_loc_delta,h_bugs,agent,1100,0.1066709168477611,0.00039415381361149936,0.0058485076999298625,0.8463683708199489
n_commits_b,cc_max,bypass,1100,0.10657956968312798,0.00039874165200024804,0.21233808265650742,1.1130958606297786e-12
gt_sloc_delta,h_bugs,agent,1100,0.1057629880958735,0.00044202471743925347,-0.009579416244525884,0.7509709492113886
n_commits_a,h_bugs,bypass,1100,0.10411353236056771,0.00054312762239455,-0.009749027036345637,0.7467113732291843
agent_vs_bypass_diff_lines_added,sloc,ground_truth,1091,0.10387558357142211,0.0005894840574009617,0.1048422413136376,0.0005232502435821381
agent_vs_gt_loc,cc_total,ground_truth,1097,-0.10377653254219112,0.0005762325649689393,-0.4659727071155149,3.2156603225282066e-60
agent_vs_gt_loc_delta,cc_total,ground_truth,1097,-0.10377653254219112,0.0005762325649689393,-0.4659727071155149,3.2156603225282066e-60
agent_vs_gt_loc_delta,h_difficulty,ground_truth,1097,-0.10352771893600944,0.0005941672218619861,-0.24719122424321677,9.804338023988213e-17
agent_vs_gt_loc,h_difficulty,ground_truth,1097,-0.10352771893600944,0.0005941672218619861,-0.24719122424321677,9.804338023988213e-17
n_commits_a,lloc,agent,1100,0.10348363660397521,0.000587123198807033,-0.03292708593492333,0.27521914983563
n_commits_a,h_difficulty,ground_truth,1100,0.10335697995111794,0.0005963604504749128,-0.07534681430695618,0.012430419095703298
bypass_vs_gt_sloc_delta,h_bugs,bypass,1094,-0.10322093683951183,0.0006277421036294877,-0.015137629155166794,0.6169740309387872
bypass_vs_gt_sloc,h_bugs,bypass,1094,-0.10322093683951183,0.0006277421036294877,-0.015137629155166794,0.6169740309387872
bypass_vs_gt_loc_delta,lloc,bypass,1094,-0.10314306559249908,0.0006337523020361197,-0.04375353284274726,0.14811673151532898
bypass_vs_gt_loc,lloc,bypass,1094,-0.10314306559249908,0.0006337523020361197,-0.04375353284274726,0.14811673151532898
agent_vs_gt_diff_lines_removed,lloc,bypass,1097,0.10219405281995551,0.0006994680354226178,0.39124843985187674,1.9166088417613354e-41
agent_vs_bypass_diff_lines_added,lloc,ground_truth,1091,0.10113996859048616,0.0008215375479587155,0.10194469567242219,0.000745725293525755
agent_vs_bypass_diff_lines_added,sloc,bypass,1091,0.10099557735197723,0.0008358737415475909,0.09285165959985339,0.002140332034172127
agent_vs_bypass_diff_lines_added,mi_score,agent,1091,-0.100527347469015,0.0008839725908747574,-0.11171277820229268,0.00021794440225213264
n_commits_b,lloc,agent,1100,0.10031573689637283,0.0008631068122323508,0.12065473187267776,6.026288922545347e-05
agent_vs_gt_diff_lines_removed,h_difficulty,agent,1097,-0.10025854165903263,0.000883367944932017,-0.09749110679472503,0.0012248693124366542
bypass_vs_gt_loc_delta,h_bugs,bypass,1094,-0.0994906741640659,0.0009837361010729734,-0.03053693054800583,0.31292181951239934
bypass_vs_gt_loc,h_bugs,bypass,1094,-0.0994906741640659,0.0009837361010729734,-0.03053693054800583,0.31292181951239934
bypass_vs_gt_loc_delta,h_difficulty,agent,1094,-0.09860073219677598,0.001092643598703175,-0.0350434100704201,0.2468171332768047
bypass_vs_gt_loc,h_difficulty,agent,1094,-0.09860073219677598,0.001092643598703175,-0.0350434100704201,0.2468171332768047
agent_vs_gt_diff_lines_removed,lloc,ground_truth,1097,0.09820363131135486,0.0011268843120005902,0.39922535994728625,3.14012435892832e-43
agent_vs_bypass_diff_lines_added,lloc,bypass,1091,0.0979636584012558,0.001195908106538715,0.0900036389998294,0.0029253146100475225
bypass_vs_gt_loc,mi_score,agent,1094,0.09751562486316553,0.0012404731349795327,0.06961419212135926,0.02129585130602477
bypass_vs_gt_loc_delta,mi_score,agent,1094,0.09751562486316553,0.0012404731349795327,0.06961419212135926,0.02129585130602477
bypass_vs_gt_sloc,h_difficulty,agent,1094,-0.09654088227246892,0.0013887743344235526,-0.02441773973087424,0.4197643570912726
bypass_vs_gt_sloc_delta,h_difficulty,agent,1094,-0.09654088227246892,0.0013887743344235526,-0.02441773973087424,0.4197643570912726
agent_vs_gt_sloc,h_bugs,bypass,1097,-0.09595715599874503,0.0014630343869612061,-0.48468929768292823,1.0561747884391494e-65
agent_vs_gt_sloc_delta,h_bugs,bypass,1097,-0.09595715599874503,0.0014630343869612061,-0.48468929768292823,1.0561747884391494e-65
gt_sloc_delta,cc_avg,bypass,1100,0.0956970902798042,0.0014849949178526026,0.015556665081083101,0.6062729892305023
n_commits_b,sloc,agent,1100,0.0952091677910854,0.0015705347353325086,0.1494724982834998,6.364809309484137e-07
agent_vs_gt_loc,cc_max,ground_truth,1097,-0.09504559226596057,0.0016240518425479325,-0.2891090326978067,1.4539832008363193e-22
agent_vs_gt_loc_delta,cc_max,ground_truth,1097,-0.09504559226596057,0.0016240518425479325,-0.2891090326978067,1.4539832008363193e-22
agent_vs_gt_sloc,mi_score,bypass,1097,0.09461856326368473,0.0017049496835493164,0.19723750405093343,4.3954683591956615e-11
agent_vs_gt_sloc_delta,mi_score,bypass,1097,0.09461856326368473,0.0017049496835493164,0.19723750405093343,4.3954683591956615e-11
agent_vs_gt_diff_lines_removed,cc_total,agent,1097,-0.09399600168802373,0.0018295354678832532,0.025219725309905648,0.4040090319210941
n_commits_a,cc_max,ground_truth,1100,0.09369029209646383,0.0018666540181285344,-0.051240521127451574,0.08938712176776448
n_commits_a,h_difficulty,bypass,1100,0.09278357179432152,0.0020670115410108543,-0.07713790145078435,0.010488921940413771
bypass_vs_gt_sloc_delta,mi_score,agent,1094,0.09250405577442918,0.0021934635755901455,0.04035807754223329,0.18224059178562912
bypass_vs_gt_sloc,mi_score,agent,1094,0.09250405577442918,0.0021934635755901455,0.04035807754223329,0.18224059178562912
n_commits_b,cc_max,ground_truth,1100,0.09156319028552122,0.0023678085846161566,0.17186630347529386,9.670197459641532e-09
agent_vs_gt_diff_lines_removed,lloc,agent,1097,-0.09119855911156868,0.002499141649337112,0.040540456503895116,0.1796735456599687
n_commits_a,sloc,agent,1100,0.09096404316359027,0.002529681851686437,-0.039538053753920874,0.19007734412378627
agent_vs_gt_sloc,sloc,bypass,1097,-0.09072140318171631,0.0026335344998894158,-0.44214586371567854,1.0293068502800843e-53
agent_vs_gt_sloc_delta,sloc,bypass,1097,-0.09072140318171631,0.0026335344998894158,-0.44214586371567854,1.0293068502800843e-53
bypass_vs_gt_sloc_delta,cc_avg,agent,1094,-0.09027621886430351,0.0028022468187511736,0.003693237628751042,0.9028854919107443
bypass_vs_gt_sloc,cc_avg,agent,1094,-0.09027621886430351,0.0028022468187511736,0.003693237628751042,0.9028854919107443
gt_loc_delta,cc_avg,bypass,1100,0.09023597813680333,0.0027399629847582583,0.0040389526699914306,0.8935566564010899
agent_vs_gt_diff_lines_removed,cc_avg,agent,1097,-0.08934972828996858,0.003057436993811724,-0.0880874830817421,0.003501482829888065
agent_vs_gt_loc,mi_score,bypass,1097,0.08866760456631054,0.0032905910051674696,0.21313058585137296,9.809047673258776e-13
agent_vs_gt_loc_delta,mi_score,bypass,1097,0.08866760456631054,0.0032905910051674696,0.21313058585137296,9.809047673258776e-13
bypass_vs_gt_loc_delta,cc_avg,agent,1094,-0.08864249142842652,0.0033426219596944316,0.008578978464471249,0.7768424093051591
bypass_vs_gt_loc,cc_avg,agent,1094,-0.08864249142842652,0.0033426219596944316,0.008578978464471249,0.7768424093051591
agent_vs_bypass_diff_lines_added,mi_score,bypass,1091,-0.08812653509098914,0.0035777111532528604,-0.08559839653661445,0.004665099363212742
n_commits_a,mi_score,ground_truth,1100,-0.08798077225110267,0.003496507924266973,0.11330932080452283,0.00016594595421475243
agent_vs_bypass_diff_lines_added,cc_total,bypass,1091,0.087012429107458,0.0040248490539203175,0.11039319645178919,0.0002588810099377843
bypass_vs_gt_sloc_delta,cc_avg,ground_truth,1094,-0.0862403806814445,0.004310232015721387,-0.03136626511350019,0.29995528857478526
bypass_vs_gt_sloc,cc_avg,ground_truth,1094,-0.0862403806814445,0.004310232015721387,-0.03136626511350019,0.29995528857478526
agent_vs_gt_loc_delta,sloc,bypass,1097,-0.08556276805928306,0.004569751661938815,-0.45974326637961965,1.8118823169082027e-58
agent_vs_gt_loc,sloc,bypass,1097,-0.08556276805928306,0.004569751661938815,-0.45974326637961965,1.8118823169082027e-58
agent_vs_gt_diff_lines_added,h_bugs,ground_truth,1097,-0.08549708364262831,0.0046011123442782,-0.08201798108675602,0.006567782769912308
agent_vs_gt_diff_lines_added,cc_total,agent,1097,-0.0853945935799315,0.00465043462346052,-0.11528123974079016,0.0001299041893150389
agent_vs_gt_sloc,lloc,bypass,1097,-0.0846762386331354,0.005009768871957209,-0.4094089896974434,1.3974961667939678e-45
agent_vs_gt_sloc_delta,lloc,bypass,1097,-0.0846762386331354,0.005009768871957209,-0.4094089896974434,1.3974961667939678e-45
bypass_vs_gt_loc_delta,cc_avg,ground_truth,1094,-0.08358675613533667,0.005668423576036577,-0.02247695597967125,0.4576728235077568
bypass_vs_gt_loc,cc_avg,ground_truth,1094,-0.08358675613533667,0.005668423576036577,-0.02247695597967125,0.4576728235077568
agent_vs_gt_sloc,h_difficulty,bypass,1097,-0.08343594381065107,0.005689607719293219,-0.2137140902176584,8.480761576171398e-13
agent_vs_gt_sloc_delta,h_difficulty,bypass,1097,-0.08343594381065107,0.005689607719293219,-0.2137140902176584,8.480761576171398e-13
agent_vs_gt_loc,h_bugs,bypass,1097,-0.0834134664108576,0.005702660257033317,-0.4892026248059108,4.4641319228783085e-67
agent_vs_gt_loc_delta,h_bugs,bypass,1097,-0.0834134664108576,0.005702660257033317,-0.4892026248059108,4.4641319228783085e-67
gt_loc_delta,h_difficulty,agent,1100,0.08300991041896,0.005873654561334737,0.05709063016540282,0.05837474089213988
agent_vs_gt_diff_lines_added,cc_max,agent,1097,-0.0828809658335613,0.006019874854639549,-0.07663228293993248,0.011117691584038003
gt_sloc_delta,h_difficulty,agent,1100,0.08287114431207163,0.005957134760912983,0.05562804387045191,0.06513884537737942
agent_vs_gt_sloc_delta,cc_total,bypass,1097,-0.08284182465651727,0.006043806338032982,-0.4348251201275361,8.12241394965311e-52
agent_vs_gt_sloc,cc_total,bypass,1097,-0.08284182465651727,0.006043806338032982,-0.4348251201275361,8.12241394965311e-52
agent_vs_gt_diff_lines_removed,sloc,agent,1097,-0.08271533862139345,0.006121728027400999,0.022110226300141655,0.46443281524359625
agent_vs_gt_diff_total_change,sloc,bypass,1097,0.082689268256255,0.006137900537174323,0.2784827191814781,5.47360409511955e-21
agent_vs_gt_diff_lines_removed,cc_max,bypass,1097,0.082544745268147,0.0062282529351310595,0.335528314123019,2.8463142755229163e-30
agent_vs_gt_diff_lines_added,h_bugs,agent,1097,-0.0811219396692068,0.007183679066165568,-0.1041932377401185,0.0005473194430682601
agent_vs_gt_diff_lines_added,cc_total,ground_truth,1097,-0.08106994763581275,0.007220955834626682,-0.07545733065006209,0.012421540343039562
agent_vs_gt_diff_lines_removed,cc_max,ground_truth,1097,0.08094022593408881,0.007314719487806542,0.3194766628623084,1.8870006778819403e-27
n_commits_a,cc_max,bypass,1100,0.08047654699039669,0.007576033200089759,-0.05160874560555072,0.0871064925883347
agent_vs_bypass_loc,cc_total,agent,1091,0.08016484689582849,0.008070714436051157,-0.09671439558507142,0.001382199649976002
agent_vs_bypass_loc_delta,cc_total,agent,1091,0.08016484689582849,0.008070714436051157,-0.09671439558507142,0.001382199649976002
agent_vs_gt_diff_total_change,mi_score,agent,1097,-0.08007594575000723,0.007967763343025359,-0.10090833292452263,0.0008171488144574637
agent_vs_bypass_diff_lines_removed,cc_total,agent,1091,0.0791138130243667,0.008942226561247787,0.06351737308173411,0.03593071681857589
agent_vs_bypass_sloc_delta,h_difficulty,bypass,1091,-0.07855456085037238,0.00943936583753205,-0.20762478376454677,4.339798756227005e-12
agent_vs_bypass_sloc,h_difficulty,bypass,1091,-0.07855456085037238,0.00943936583753205,-0.20762478376454677,4.339798756227005e-12
n_commits_total,cc_avg,bypass,1100,0.07847079355992614,0.009224002388405402,-0.05059353179739459,0.0935104263454281
bypass_vs_gt_loc_delta,h_difficulty,bypass,1094,-0.07799063094801063,0.009863597137994088,-0.04198935776575766,0.16518255318583797
bypass_vs_gt_loc,h_difficulty,bypass,1094,-0.07799063094801063,0.009863597137994088,-0.04198935776575766,0.16518255318583797
agent_vs_bypass_sloc,h_bugs,bypass,1091,-0.07739884215907014,0.01054540517140206,-0.49523054405226324,1.412768102419653e-68
agent_vs_bypass_sloc_delta,h_bugs,bypass,1091,-0.07739884215907014,0.01054540517140206,-0.49523054405226324,1.412768102419653e-68
agent_vs_bypass_loc_delta,cc_avg,agent,1091,0.0770165330956402,0.010935831620062694,0.07163170985934796,0.017964738642313224
agent_vs_bypass_loc,cc_avg,agent,1091,0.0770165330956402,0.010935831620062694,0.07163170985934796,0.017964738642313224
agent_vs_gt_diff_lines_removed,mi_score,ground_truth,1097,-0.07641400614658324,0.01135031345239639,-0.17972145903157213,2.0393593760847387e-09
agent_vs_bypass_diff_lines_added,cc_max,bypass,1091,0.07624552097511415,0.011762436246719672,0.20606541012005175,6.3093252102560995e-12
agent_vs_gt_loc,lloc,bypass,1097,-0.07606509653307038,0.011731121720722309,-0.4201805109086704,3.6963779502428604e-48
agent_vs_gt_loc_delta,lloc,bypass,1097,-0.07606509653307038,0.011731121720722309,-0.4201805109086704,3.6963779502428604e-48
bypass_vs_gt_sloc_delta,h_difficulty,bypass,1094,-0.07577797616930912,0.01217098768889751,-0.042020712394350054,0.1648668618771379
bypass_vs_gt_sloc,h_difficulty,bypass,1094,-0.07577797616930912,0.01217098768889751,-0.042020712394350054,0.1648668618771379
agent_vs_gt_diff_lines_added,sloc,ground_truth,1097,-0.07548805155005754,0.01238579766334881,-0.09766347640369547,0.0012004700359194629
agent_vs_gt_loc_delta,cc_total,bypass,1097,-0.07547453934314724,0.012401507415804298,-0.4447118908846015,2.1702322981588972e-54
agent_vs_gt_loc,cc_total,bypass,1097,-0.07547453934314724,0.012401507415804298,-0.4447118908846015,2.1702322981588972e-54
agent_vs_gt_diff_lines_added,cc_max,ground_truth,1097,-0.07540999227081355,0.01247679547239086,0.029736836806263083,0.3251114703265945
agent_vs_bypass_sloc_delta,h_difficulty,ground_truth,1091,-0.07532482054518871,0.012821661015536345,-0.20801234235196916,3.952570315547629e-12
agent_vs_bypass_sloc,h_difficulty,ground_truth,1091,-0.07532482054518871,0.012821661015536345,-0.20801234235196916,3.952570315547629e-12
n_commits_total,cc_avg,ground_truth,1100,0.07494503926300705,0.012907295654841538,-0.048574350838007874,0.10736559649139467
agent_vs_bypass_diff_lines_added,cc_total,ground_truth,1091,0.07452029958772485,0.01381533801232784,0.1239221878939582,4.055004116909516e-05
agent_vs_gt_diff_lines_removed,cc_max,agent,1097,-0.07445218856750177,0.013642443101159614,-0.07162466857409679,0.017662274905864254
agent_vs_gt_diff_lines_removed,cc_total,bypass,1097,0.07437325790972439,0.013742655119812238,0.4150618691369156,6.373450759398595e-47
agent_vs_gt_diff_lines_added,mi_score,ground_truth,1097,0.07404283175947664,0.01416925302642609,0.07110038055148955,0.01851216914417359
gt_diff_lines_added,cc_avg,agent,1100,0.07401651720910751,0.014071704664533865,-0.046184316182018244,0.12580997501010174
gt_loc_delta,cc_max,agent,1100,0.07361588015167186,0.014602073320141802,0.04293592712525312,0.15471853031533536
gt_sloc_delta,cc_max,agent,1100,0.07361149220746892,0.014607978271078622,0.05273944527816978,0.08039519738078515
agent_vs_bypass_diff_lines_removed,cc_max,agent,1091,0.07358166803219487,0.015059975734820763,-0.05663721412427982,0.061469893503285924
bypass_vs_gt_loc_delta,cc_avg,bypass,1094,-0.07307743388359683,0.01562517866033472,-0.01148971747987869,0.7042362777062189
bypass_vs_gt_loc,cc_avg,bypass,1094,-0.07307743388359683,0.01562517866033472,-0.01148971747987869,0.7042362777062189
agent_vs_gt_sloc_delta,cc_max,bypass,1097,-0.07278975774901236,0.01589491733218829,-0.3115923708295088,3.984142102732057e-26
agent_vs_gt_sloc,cc_max,bypass,1097,-0.07278975774901236,0.01589491733218829,-0.3115923708295088,3.984142102732057e-26
bypass_vs_gt_sloc_delta,cc_avg,bypass,1094,-0.07271770109576187,0.016144940138810744,-0.017772413800036337,0.557063432990201
bypass_vs_gt_sloc,cc_avg,bypass,1094,-0.07271770109576187,0.016144940138810744,-0.017772413800036337,0.557063432990201
n_commits_a,mi_score,bypass,1100,-0.07257726531709702,0.01605977230430998,0.1290356599181508,1.7649711842512547e-05
agent_vs_gt_diff_lines_removed,mi_score,bypass,1097,-0.07254661221669997,0.016250365054684687,-0.18060508083707996,1.6952112867405365e-09
agent_vs_gt_diff_lines_added,lloc,ground_truth,1097,-0.0722832709421538,0.016643186949951146,-0.07997789053086482,0.008045052912122376
agent_vs_gt_diff_lines_added,h_difficulty,ground_truth,1097,-0.07183213622718071,0.017335510622652962,-0.09251479747754753,0.002160247386778446
agent_vs_gt_diff_total_change,lloc,agent,1097,-0.07171607230302479,0.017517654294191144,-0.015794228374839,0.6012827895755495
agent_vs_gt_diff_lines_added,h_difficulty,agent,1097,-0.07169293724092818,0.01755416066634491,-0.10895345884552948,0.0003000003195665067
agent_vs_gt_loc_delta,h_difficulty,bypass,1097,-0.07140138951883947,0.01801995321997375,-0.2201701702045539,1.6481978017361858e-13
agent_vs_gt_loc,h_difficulty,bypass,1097,-0.07140138951883947,0.01801995321997375,-0.2201701702045539,1.6481978017361858e-13
agent_vs_gt_diff_total_change,lloc,bypass,1097,0.07118594059914443,0.018371078280158926,0.25811835901861113,3.721028459470267e-18
agent_vs_bypass_loc,h_bugs,agent,1091,0.07049214325157435,0.019880055349518713,-0.11511348750427931,0.00013865980248909437
agent_vs_bypass_loc_delta,h_bugs,agent,1091,0.07049214325157435,0.019880055349518713,-0.11511348750427931,0.00013865980248909437
agent_vs_gt_diff_lines_removed,cc_total,ground_truth,1097,0.0700259115241234,0.020366253146040982,0.43257003785804327,3.053333492175392e-51
agent_vs_bypass_loc_delta,cc_max,agent,1091,0.0697420369752995,0.021235867975390083,0.03480516667017597,0.2506983200598796
agent_vs_bypass_loc,cc_max,agent,1091,0.0697420369752995,0.021235867975390083,0.03480516667017597,0.2506983200598796
agent_vs_bypass_sloc,cc_total,agent,1091,0.06901023021219727,0.022635409013734013,-0.09394126911512073,0.0018949464509924075
agent_vs_bypass_sloc_delta,cc_total,agent,1091,0.06901023021219727,0.022635409013734013,-0.09394126911512073,0.0018949464509924075
agent_vs_gt_diff_lines_removed,h_bugs,bypass,1097,0.06859090818077745,0.023093468023040235,0.45824480297849857,4.719690614805583e-58
agent_vs_bypass_diff_lines_added,cc_avg,bypass,1091,0.06831601665830597,0.024036349682822738,0.07321364263673032,0.015574273124585682
gt_diff_total_change,cc_avg,agent,1100,0.06830557263080395,0.023481390588852968,-0.05478733573649196,0.0693107606448998
agent_vs_bypass_sloc_delta,h_bugs,ground_truth,1091,-0.06738432534739208,0.026034122706627836,-0.4910632440698218,2.7415794715439123e-67
agent_vs_bypass_sloc,h_bugs,ground_truth,1091,-0.06738432534739208,0.026034122706627836,-0.4910632440698218,2.7415794715439123e-67
agent_vs_bypass_sloc_delta,sloc,bypass,1091,-0.06589830887185517,0.029517062821085707,-0.44041602258995555,5.586628892618513e-53
agent_vs_bypass_sloc,sloc,bypass,1091,-0.06589830887185517,0.029517062821085707,-0.44041602258995555,5.586628892618513e-53
agent_vs_gt_diff_lines_removed,mi_score,agent,1097,-0.0646051058363541,0.03238864080425576,-0.14052976309377896,2.977253744783318e-06
agent_vs_gt_loc,cc_max,bypass,1097,-0.0640867340066365,0.03380599470318633,-0.3090441042674354,1.0470403445770762e-25
agent_vs_gt_loc_delta,cc_max,bypass,1097,-0.0640867340066365,0.03380599470318633,-0.3090441042674354,1.0470403445770762e-25
agent_vs_bypass_diff_lines_added,h_bugs,bypass,1091,0.06400856717623762,0.03451818000470782,0.1127238229094894,0.0001907747335522225
agent_vs_bypass_sloc,cc_avg,agent,1091,0.06396890152218813,0.034630461801017906,0.06789064430211177,0.024931358389003427
agent_vs_bypass_sloc_delta,cc_avg,agent,1091,0.06396890152218813,0.034630461801017906,0.06789064430211177,0.024931358389003427
agent_vs_gt_diff_lines_removed,h_bugs,ground_truth,1097,0.06282326797856347,0.03748410148775799,0.4731132750986779,2.8529420004835974e-62
agent_vs_gt_diff_lines_added,h_bugs,bypass,1097,-0.062442579692491285,0.03865692124550701,-0.07279482342984724,0.01588758513317378
agent_vs_bypass_sloc_delta,cc_max,agent,1091,0.061968024168335405,0.04071286847096388,0.03289749714278152,0.27762853011843414
agent_vs_bypass_sloc,cc_max,agent,1091,0.061968024168335405,0.04071286847096388,0.03289749714278152,0.27762853011843414
agent_vs_bypass_sloc,lloc,bypass,1091,-0.0616563225950198,0.041737404247218834,-0.4131699911442336,3.1702566518649855e-46
agent_vs_bypass_sloc_delta,lloc,bypass,1091,-0.0616563225950198,0.041737404247218834,-0.4131699911442336,3.1702566518649855e-46
agent_vs_gt_diff_lines_added,mi_score,bypass,1097,0.05985470847343352,0.0474832446388599,0.05902159863982068,0.05066232236993332
agent_vs_gt_diff_total_change,sloc,agent,1097,-0.0596360736414114,0.048300879898863905,-0.03216217229419929,0.2871910603636762
agent_vs_bypass_diff_lines_removed,h_bugs,agent,1091,0.059406841349505,0.04979643352131746,0.08154343332276019,0.007042997453955359
agent_vs_gt_diff_lines_removed,h_difficulty,ground_truth,1097,0.058420332970995234,0.053065738877506076,0.19313208051662864,1.1166279098442084e-10
agent_vs_gt_diff_lines_removed,h_difficulty,bypass,1097,0.05795056597628999,0.05500907033681973,0.17620908708661376,4.213192868684995e-09
agent_vs_gt_diff_lines_added,cc_avg,agent,1097,-0.05727361283057331,0.057913401235655776,-0.02115491426324149,0.4839577653490505
n_commits_b,cc_avg,agent,1100,-0.056751814037875596,0.05988745112149029,-0.009590907272287893,0.7506821244012721
agent_vs_gt_diff_lines_added,cc_total,bypass,1097,-0.05632808574109573,0.062181986536373045,-0.06859017865174244,0.02309493135178111
agent_vs_gt_diff_total_change,sloc,ground_truth,1097,0.056034071001538927,0.06356113487704794,0.27072789685256876,7.007563271841308e-20
agent_vs_bypass_loc_delta,h_difficulty,bypass,1091,-0.05598439860229288,0.06452846311278662,-0.21391328553027553,9.311019533725404e-13
agent_vs_bypass_loc,h_difficulty,bypass,1091,-0.05598439860229288,0.06452846311278662,-0.21391328553027553,9.311019533725404e-13
agent_vs_bypass_sloc_delta,h_bugs,agent,1091,0.05586009410975817,0.06512484006427081,-0.11609144123893525,0.00012147054684575297
agent_vs_bypass_sloc,h_bugs,agent,1091,0.05586009410975817,0.06512484006427081,-0.11609144123893525,0.00012147054684575297
agent_vs_bypass_diff_lines_removed,h_difficulty,agent,1091,0.05559953691076657,0.066389654410313,-0.07310603493988521,0.015727536782212403
agent_vs_bypass_diff_lines_added,h_bugs,ground_truth,1091,0.05550598613821136,0.06684867633454061,0.12950790207750254,1.7798100857117235e-05
n_commits_total,cc_avg,agent,1100,-0.055205831110119376,0.06720741937399612,-0.07205197565864666,0.016844534709208873
agent_vs_bypass_loc_delta,h_difficulty,agent,1091,0.05494605050363753,0.06965093428458344,0.03781324384840307,0.2120321757067011
agent_vs_bypass_loc,h_difficulty,agent,1091,0.05494605050363753,0.06965093428458344,0.03781324384840307,0.2120321757067011
agent_vs_bypass_sloc_delta,cc_total,bypass,1091,-0.0542674844210608,0.07317521694098607,-0.43739583537073223,3.362230690644069e-52
agent_vs_bypass_sloc,cc_total,bypass,1091,-0.0542674844210608,0.07317521694098607,-0.43739583537073223,3.362230690644069e-52
agent_vs_bypass_sloc,mi_score,bypass,1091,0.05421017735276154,0.07347940878399725,0.18932223428538272,2.9139645268310994e-10
agent_vs_bypass_sloc_delta,mi_score,bypass,1091,0.05421017735276154,0.07347940878399725,0.18932223428538272,2.9139645268310994e-10
agent_vs_bypass_diff_lines_added,h_difficulty,bypass,1091,0.05418193483320581,0.0736297024734123,0.039895642115718596,0.18791297046504593
agent_vs_bypass_loc,h_bugs,bypass,1091,-0.053902832780381146,0.07512849417547027,-0.491854483457085,1.5661384844895277e-67
agent_vs_bypass_loc_delta,h_bugs,bypass,1091,-0.053902832780381146,0.07512849417547027,-0.491854483457085,1.5661384844895277e-67
agent_vs_bypass_loc,h_difficulty,ground_truth,1091,-0.053478188408096296,0.0774564876477669,-0.21464132559392038,7.766835745441912e-13
agent_vs_bypass_loc_delta,h_difficulty,ground_truth,1091,-0.053478188408096296,0.0774564876477669,-0.21464132559392038,7.766835745441912e-13
agent_vs_bypass_diff_lines_added,cc_max,ground_truth,1091,0.05331303238067676,0.07837761530412031,0.1976619165254184,4.505181610976309e-11
agent_vs_gt_diff_lines_added,cc_max,bypass,1097,-0.05038277855573779,0.09533868274532915,0.022760451828168084,0.45139774443828873
agent_vs_bypass_diff_total_change,cc_total,agent,1091,0.04977086198868979,0.10036642672218807,0.027966732333599326,0.35607452344839674
agent_vs_gt_sloc,cc_avg,ground_truth,1097,-0.049373471460071705,0.10216842928181467,-0.031204102955387284,0.3017986355477775
agent_vs_gt_sloc_delta,cc_avg,ground_truth,1097,-0.049373471460071705,0.10216842928181467,-0.031204102955387284,0.3017986355477775
agent_vs_bypass_loc,sloc,bypass,1091,-0.04892460708951042,0.10628716305141846,-0.4527860172651758,2.9599900269224622e-56
agent_vs_bypass_loc_delta,sloc,bypass,1091,-0.04892460708951042,0.10628716305141846,-0.4527860172651758,2.9599900269224622e-56
agent_vs_bypass_diff_lines_added,cc_total,agent,1091,0.04879479136653361,0.10721938529417652,-0.047156256434164524,0.11954997573435015
agent_vs_gt_diff_lines_added,h_difficulty,bypass,1097,-0.04805595753900715,0.1116623803608709,-0.07569987449304058,0.01214181571806622
agent_vs_bypass_sloc_delta,cc_total,ground_truth,1091,-0.04773875784539029,0.11504517848047366,-0.4393439690191917,1.0586124401041708e-52
agent_vs_bypass_sloc,cc_total,ground_truth,1091,-0.04773875784539029,0.11504517848047366,-0.4393439690191917,1.0586124401041708e-52
agent_vs_gt_diff_total_change,lloc,ground_truth,1097,0.04738987192830911,0.11671985782915356,0.2571699302047854,4.973787178925641e-18
agent_vs_bypass_sloc,cc_max,ground_truth,1091,-0.04611879625461996,0.1279136425039604,-0.257330305125871,5.832327233736497e-18
agent_vs_bypass_sloc_delta,cc_max,ground_truth,1091,-0.04611879625461996,0.1279136425039604,-0.257330305125871,5.832327233736497e-18
agent_vs_gt_diff_hunks,sloc,agent,1097,0.04445362040145362,0.1411838536565483,-0.07170213008767155,0.017539646687839704
agent_vs_bypass_loc_delta,h_bugs,ground_truth,1091,-0.04426858266247454,0.1439484190939393,-0.4879024192838577,2.529733412509416e-66
agent_vs_bypass_loc,h_bugs,ground_truth,1091,-0.04426858266247454,0.1439484190939393,-0.4879024192838577,2.529733412509416e-66
agent_vs_bypass_sloc,sloc,ground_truth,1091,-0.043772539046894064,0.1484986873579073,-0.42956331170573353,3.249091338104673e-50
agent_vs_bypass_sloc_delta,sloc,ground_truth,1091,-0.043772539046894064,0.1484986873579073,-0.42956331170573353,3.249091338104673e-50
agent_vs_gt_diff_hunks,lloc,agent,1097,0.04375374609750273,0.14755866435963794,-0.04138573277395176,0.17076165027892906
n_commits_a,cc_avg,ground_truth,1100,0.04354239547423786,0.14896964953807354,-0.08032700284382747,0.007689123411633625
agent_vs_bypass_diff_lines_added,cc_avg,ground_truth,1091,0.042981496341215064,0.15598082683382397,0.06953690677707648,0.02162036636885494
agent_vs_gt_diff_lines_added,cc_avg,ground_truth,1097,-0.042419052663145475,0.16032145901821282,0.03302459323038654,0.27445601570270844
agent_vs_bypass_diff_lines_added,h_difficulty,ground_truth,1091,0.042307351475951264,0.16257981605697555,0.04310927157769558,0.1547532811274613
agent_vs_gt_diff_total_change,cc_total,bypass,1097,0.042150715780278264,0.16298512500134607,0.27456060071792066,2.007981929959272e-20
agent_vs_bypass_loc,lloc,bypass,1091,-0.04208815080968314,0.16477019583815702,-0.4172509693125765,3.3770098940004e-47
agent_vs_bypass_loc_delta,lloc,bypass,1091,-0.04208815080968314,0.16477019583815702,-0.4172509693125765,3.3770098940004e-47
agent_vs_gt_diff_total_change,cc_max,bypass,1097,0.04143991799873144,0.1702018504177429,0.2605651224122405,1.7504492235686478e-18
agent_vs_gt_diff_lines_removed,cc_avg,bypass,1097,0.04122461016031838,0.17243438060532995,0.04345926089623507,0.15030574575971686
agent_vs_bypass_sloc,h_difficulty,agent,1091,0.04087182113478747,0.17732919186716167,0.03870738043365645,0.20141550847475098
agent_vs_bypass_sloc_delta,h_difficulty,agent,1091,0.04087182113478747,0.17732919186716167,0.03870738043365645,0.20141550847475098
agent_vs_gt_diff_total_change,h_difficulty,bypass,1097,0.04036469827001483,0.18156919080988249,0.09356154771657933,0.0019213683337534378
agent_vs_gt_diff_hunks,cc_avg,agent,1097,0.039817805986513216,0.18756248544090307,0.043716739110512305,0.14790176072234895
agent_vs_gt_diff_total_change,h_bugs,bypass,1097,0.03935421697217832,0.19275604589027803,0.30457324416606035,5.5754226502673575e-25
n_commits_a,cc_avg,agent,1100,-0.03930817009674409,0.19266841020368042,-0.07296683210941046,0.015498683859593904
agent_vs_bypass_sloc_delta,lloc,ground_truth,1091,-0.039235604292701,0.19532837749157214,-0.40637589155644843,1.2321298297662923e-44
agent_vs_bypass_sloc,lloc,ground_truth,1091,-0.039235604292701,0.19532837749157214,-0.40637589155644843,1.2321298297662923e-44
agent_vs_gt_diff_total_change,mi_score,bypass,1097,-0.038947519734051035,0.19739849171468057,-0.10506315907063657,0.000491256846445039
agent_vs_gt_loc_delta,sloc,agent,1097,0.038829063961545535,0.1987659077544528,-0.0846307531222961,0.0050333440277586005
agent_vs_gt_loc,sloc,agent,1097,0.038829063961545535,0.1987659077544528,-0.0846307531222961,0.0050333440277586005
agent_vs_gt_diff_lines_added,sloc,bypass,1097,-0.038674861108021985,0.20055631960019615,-0.07646776198538792,0.01129262780041482
agent_vs_bypass_diff_lines_added,cc_max,agent,1091,0.038658969917163236,0.20198021590546142,-0.04338848231288419,0.152096402535273
agent_vs_gt_diff_lines_added,lloc,bypass,1097,-0.038365843232834096,0.2041795761228402,-0.06605202733831868,0.02869848192132109
agent_vs_gt_sloc_delta,sloc,agent,1097,0.037641976310629564,0.21285264170602725,-0.06895490191136651,0.022373305212137793
agent_vs_gt_sloc,sloc,agent,1097,0.037641976310629564,0.21285264170602725,-0.06895490191136651,0.022373305212137793
agent_vs_bypass_sloc_delta,cc_max,bypass,1091,-0.03735965163905825,0.21756980945284837,-0.29375711988386344,3.719995951121389e-23
agent_vs_bypass_sloc,cc_max,bypass,1091,-0.03735965163905825,0.21756980945284837,-0.29375711988386344,3.719995951121389e-23
agent_vs_gt_diff_lines_removed,cc_avg,ground_truth,1097,0.036772103223002894,0.22362265695336433,0.04923009467595267,0.10316941133188258
gt_sloc_delta,cc_avg,agent,1100,0.0367309683880517,0.22350755592112692,-0.0027206331507672625,0.9281832986238049
n_commits_a,cc_avg,bypass,1100,0.036520476883126214,0.2261738517339736,-0.08148605883758679,0.006850785426815864
agent_vs_bypass_loc_delta,cc_total,bypass,1091,-0.03618191682679752,0.23243096217189704,-0.43957073941468655,9.249158046220007e-53
agent_vs_bypass_loc,cc_total,bypass,1091,-0.03618191682679752,0.23243096217189704,-0.43957073941468655,9.249158046220007e-53
agent_vs_gt_loc,lloc,agent,1097,0.035758512999931026,0.2366563719367346,-0.09914224705059076,0.0010088414052982343
agent_vs_gt_loc_delta,lloc,agent,1097,0.035758512999931026,0.2366563719367346,-0.09914224705059076,0.0010088414052982343
agent_vs_bypass_loc_delta,cc_max,ground_truth,1091,-0.03501426217298277,0.2478612775058016,-0.2604901581206878,2.2179380670862462e-18
agent_vs_bypass_loc,cc_max,ground_truth,1091,-0.03501426217298277,0.2478612775058016,-0.2604901581206878,2.2179380670862462e-18
agent_vs_gt_diff_total_change,mi_score,ground_truth,1097,-0.034984803828434864,0.24696006173805943,-0.09844257716727318,0.0010956804489588164
agent_vs_bypass_diff_lines_added,h_bugs,agent,1091,0.03456066070058872,0.25404443444684166,-0.045502773584831215,0.13309068707358349
agent_vs_bypass_diff_total_change,cc_max,agent,1091,0.03453311281281815,0.25442336946281885,-0.06095521767857691,0.044121740409194206
gt_loc_delta,cc_avg,agent,1100,0.03436617180819325,0.2547709522976927,-0.014376435580864362,0.6338642808808579
agent_vs_bypass_loc_delta,mi_score,bypass,1091,0.034274798918373706,0.25799571577008557,0.1955805669331927,7.235093735748596e-11
agent_vs_bypass_loc,mi_score,bypass,1091,0.034274798918373706,0.25799571577008557,0.1955805669331927,7.235093735748596e-11
agent_vs_gt_loc,cc_avg,ground_truth,1097,-0.03415849516881398,0.2583063526503317,-0.02714848990970582,0.36901214156390155
agent_vs_gt_loc_delta,cc_avg,ground_truth,1097,-0.03415849516881398,0.2583063526503317,-0.02714848990970582,0.36901214156390155
agent_vs_gt_diff_hunks,lloc,bypass,1097,0.03401637450198106,0.26029365864162124,-0.15527066054627667,2.3632203932946485e-07
n_commits_b,cc_avg,bypass,1100,0.033400703171812665,0.2683694562359879,0.09120408604281299,0.00246365227279161
agent_vs_bypass_diff_lines_added,cc_avg,agent,1091,0.03284773033583875,0.27835646128487884,-0.03330294689146671,0.27174632770993057
agent_vs_gt_sloc_delta,lloc,agent,1097,0.03158598720340447,0.2959179391112993,-0.08859470903929809,0.0033164405426447862
agent_vs_gt_sloc,lloc,agent,1097,0.03158598720340447,0.2959179391112993,-0.08859470903929809,0.0033164405426447862
agent_vs_gt_diff_hunks,h_difficulty,agent,1097,0.031146006794048615,0.3027000290122893,-0.006201217067242898,0.83744847657429
agent_vs_bypass_diff_total_change,h_bugs,agent,1091,0.030845941027363332,0.3087137818856163,0.04224251017687772,0.16322545070281147
agent_vs_bypass_loc,cc_total,ground_truth,1091,-0.030579592534995505,0.3129118549439655,-0.44080338753170284,4.4320474058357225e-53
agent_vs_bypass_loc_delta,cc_total,ground_truth,1091,-0.030579592534995505,0.3129118549439655,-0.44080338753170284,4.4320474058357225e-53
agent_vs_bypass_loc,sloc,ground_truth,1091,-0.030292672634470368,0.3174759737436647,-0.44205734874302016,2.0903984638202304e-53
agent_vs_bypass_loc_delta,sloc,ground_truth,1091,-0.030292672634470368,0.3174759737436647,-0.44205734874302016,2.0903984638202304e-53
agent_vs_gt_diff_hunks,h_bugs,bypass,1097,0.029540523829007716,0.3283170898070076,-0.2518551790086296,2.4736763338322952e-17
agent_vs_gt_diff_lines_added,lloc,agent,1097,-0.029258209258435537,0.33296280340584494,-0.09300004683473556,0.0020463165102541547
n_commits_a,cc_total,agent,1100,0.029031272723948193,0.3360664754563052,-0.021582395986815633,0.4745617486110097
agent_vs_gt_loc_delta,mi_score,agent,1097,0.028758324421166003,0.3412922293195402,0.14150540338118037,2.5367886600237296e-06
agent_vs_gt_loc,mi_score,agent,1097,0.028758324421166003,0.3412922293195402,0.14150540338118037,2.5367886600237296e-06
agent_vs_gt_diff_hunks,cc_avg,bypass,1097,0.028758275830968145,0.3412930453834794,-0.00652285628268693,0.829144076284276
agent_vs_gt_diff_hunks,cc_max,agent,1097,0.028515896846057716,0.34537927658859857,0.018492718213593138,0.5406362300479415
n_commits_b,cc_avg,ground_truth,1100,0.028333960140530967,0.34780714723263106,0.09434063073354244,0.0017340969862088501
agent_vs_gt_diff_total_change,h_difficulty,ground_truth,1097,0.02775368730218155,0.35843119837506,0.09783434602458684,0.001176726342007421
agent_vs_gt_diff_hunks,sloc,bypass,1097,0.027294557056817385,0.36644078576454286,-0.19108346673763044,1.764664151937301e-10
agent_vs_gt_sloc,mi_score,agent,1097,0.026493318994283453,0.3806830537929584,0.1273551421229834,2.3311351981041645e-05
agent_vs_gt_sloc_delta,mi_score,agent,1097,0.026493318994283453,0.3806830537929584,0.1273551421229834,2.3311351981041645e-05
agent_vs_gt_diff_hunks,h_bugs,agent,1097,0.026483088292120434,0.3808670758763567,-0.02789520593975864,0.35598472612992954
agent_vs_bypass_sloc,cc_avg,ground_truth,1091,-0.02644623289825479,0.38283861795084806,-0.021946388964972943,0.4689725404385513
agent_vs_bypass_sloc_delta,cc_avg,ground_truth,1091,-0.02644623289825479,0.38283861795084806,-0.021946388964972943,0.4689725404385513
agent_vs_gt_diff_hunks,h_difficulty,bypass,1097,0.026175468181347424,0.3864257654180182,-0.1243938940529677,3.605480453420979e-05
agent_vs_gt_sloc_delta,cc_avg,bypass,1097,-0.025526457792140456,0.39831449102380634,-0.026738615824403556,0.3762871850400832
agent_vs_gt_sloc,cc_avg,bypass,1097,-0.025526457792140456,0.39831449102380634,-0.026738615824403556,0.3762871850400832
agent_vs_gt_diff_lines_added,cc_avg,bypass,1097,-0.024168301393218405,0.42389490215797554,0.0300165064976368,0.3205799531483403
agent_vs_bypass_loc_delta,cc_max,bypass,1091,-0.023998027135484143,0.42843814240638967,-0.29143974961332514,8.40666705983865e-23
agent_vs_bypass_loc,cc_max,bypass,1091,-0.023998027135484143,0.42843814240638967,-0.29143974961332514,8.40666705983865e-23
agent_vs_gt_diff_total_change,cc_total,ground_truth,1097,0.023973373268242813,0.42764346838717715,0.28418000912802877,7.9784972416774395e-22
agent_vs_bypass_diff_lines_added,h_difficulty,agent,1091,0.023936501692996763,0.42962331665035003,-0.06781577887970894,0.025091826618779685
agent_vs_gt_diff_total_change,cc_max,ground_truth,1097,0.023553995643359662,0.43577334632425957,0.25208196886792644,2.3117738037202534e-17
agent_vs_gt_diff_total_change,h_bugs,ground_truth,1097,0.02350852483837386,0.43666014118911967,0.31106783377558095,4.8646119560205815e-26
agent_vs_bypass_loc,lloc,ground_truth,1091,-0.022828155560105923,0.45129707295638033,-0.410216767089453,1.5723503329911262e-45
agent_vs_bypass_loc_delta,lloc,ground_truth,1091,-0.022828155560105923,0.45129707295638033,-0.410216767089453,1.5723503329911262e-45
agent_vs_bypass_diff_lines_removed,cc_avg,agent,1091,0.021713821251102664,0.4736974246130221,-0.08522996617898418,0.004846389323673775
agent_vs_bypass_diff_total_change,h_difficulty,agent,1091,0.021689941316975006,0.47418404862152397,-0.083658772115332,0.005693084246151356
n_commits_b,h_difficulty,agent,1100,0.018986075829030485,0.5293244037273641,-0.020235537019559904,0.5025757950103481
agent_vs_gt_diff_total_change,cc_avg,bypass,1097,0.018984730364562958,0.5299169403193614,0.04711488385739603,0.11885948176676461
agent_vs_gt_sloc_delta,cc_max,agent,1097,-0.018704207337220204,0.5360153573105937,0.01792923636302587,0.5530441456195266
agent_vs_gt_sloc,cc_max,agent,1097,-0.018704207337220204,0.5360153573105937,0.01792923636302587,0.5530441456195266
n_commits_b,cc_max,agent,1100,-0.017584790654242618,0.5601602662105996,-0.013621168316503812,0.6517947161363634
agent_vs_gt_loc,cc_avg,bypass,1097,-0.017534733882713007,0.5618133080531382,-0.02356633034204966,0.4355329676872333
agent_vs_gt_loc_delta,cc_avg,bypass,1097,-0.017534733882713007,0.5618133080531382,-0.02356633034204966,0.4355329676872333
agent_vs_gt_diff_hunks,mi_score,ground_truth,1097,0.01742068212932405,0.5643609464146158,0.09028508920814078,0.0027621646884126985
agent_vs_gt_diff_hunks,cc_avg,ground_truth,1097,0.01741934463248977,0.5643908557498201,-0.0050491766280053064,0.8673353205026332
agent_vs_gt_diff_lines_added,sloc,agent,1097,-0.017265487464934854,0.567836511077308,-0.09841296951614933,0.0010995031158782605
n_commits_total,cc_max,agent,1100,-0.017264771255347824,0.567322459939972,-0.05615453793153398,0.06263312151322958
n_commits_total,cc_total,agent,1100,0.015277897736998829,0.6127415419923297,-0.02187907622029699,0.46850810044583735
agent_vs_gt_loc_delta,cc_max,agent,1097,-0.014746119563552006,0.6256378221845597,0.020837401162931195,0.4905442853705434
agent_vs_gt_loc,cc_max,agent,1097,-0.014746119563552006,0.6256378221845597,0.020837401162931195,0.4905442853705434
agent_vs_gt_loc,cc_avg,agent,1097,0.014544563756881868,0.6303696689913867,0.07232729175185225,0.01657694778236062
agent_vs_gt_loc_delta,cc_avg,agent,1097,0.014544563756881868,0.6303696689913867,0.07232729175185225,0.01657694778236062
agent_vs_gt_diff_hunks,mi_score,bypass,1097,-0.01432572687239978,0.6355244100547423,0.08570458793922749,0.004502698920828443
agent_vs_gt_diff_hunks,cc_total,bypass,1097,0.013710656071615798,0.6501065957575841,-0.2262779369567632,3.335412509897273e-14
agent_vs_gt_diff_hunks,lloc,ground_truth,1097,0.012359621471004795,0.6826043748687008,-0.16318412911666344,5.47567820531831e-08
agent_vs_bypass_sloc_delta,cc_avg,bypass,1091,-0.012109705477093686,0.6894929986723026,-0.022243003383771606,0.4629844395900317
agent_vs_bypass_sloc,cc_avg,bypass,1091,-0.012109705477093686,0.6894929986723026,-0.022243003383771606,0.4629844395900317
agent_vs_gt_diff_hunks,cc_max,bypass,1097,0.011777858494916436,0.696785672766077,-0.2092679377900775,2.5429472459655003e-12
agent_vs_gt_diff_hunks,cc_total,agent,1097,0.011481888934592987,0.7040415500514009,-0.041981293606105086,0.16468398891664976
agent_vs_gt_diff_hunks,h_bugs,ground_truth,1097,0.011456375085435226,0.7046683106595786,-0.2549643566144805,9.722036929905396e-18
agent_vs_bypass_loc,mi_score,agent,1091,-0.010565981108931486,0.7273843183731048,0.12331723514298781,4.424182683516632e-05
agent_vs_bypass_loc_delta,mi_score,agent,1091,-0.010565981108931486,0.7273843183731048,0.12331723514298781,4.424182683516632e-05
agent_vs_bypass_sloc,mi_score,ground_truth,1091,0.010014281787620238,0.7410949261434654,0.17037720723541036,1.490895114062264e-08
agent_vs_bypass_sloc_delta,mi_score,ground_truth,1091,0.010014281787620238,0.7410949261434654,0.17037720723541036,1.490895114062264e-08
agent_vs_bypass_loc,cc_avg,ground_truth,1091,-0.009950703523840594,0.742680331761735,-0.021146098506762395,0.48534037885992515
agent_vs_bypass_loc_delta,cc_avg,ground_truth,1091,-0.009950703523840594,0.742680331761735,-0.021146098506762395,0.48534037885992515
n_commits_b,cc_total,agent,1100,0.009456486902055366,0.7540629280063134,-0.004772305210217402,0.8743776847913707
agent_vs_gt_sloc,cc_avg,agent,1097,0.009206682478382388,0.7606759614893321,0.06681531984714323,0.026901795428107993
agent_vs_gt_sloc_delta,cc_avg,agent,1097,0.009206682478382388,0.7606759614893321,0.06681531984714323,0.026901795428107993
agent_vs_gt_sloc_delta,h_difficulty,agent,1097,-0.00919191569120051,0.761048136807795,0.028734011382147043,0.3417007184323521
agent_vs_gt_sloc,h_difficulty,agent,1097,-0.00919191569120051,0.761048136807795,0.028734011382147043,0.3417007184323521
n_commits_a,cc_max,agent,1100,-0.008626285775816811,0.7750454292948781,-0.05496911918431243,0.06839058407687466
agent_vs_bypass_diff_total_change,cc_avg,agent,1091,0.008611252453285438,0.7763250344775487,-0.07824184951005994,0.009727948659112083
n_commits_a,h_bugs,agent,1100,0.008504271783221549,0.7781434971723008,-0.011965192072197366,0.6918073661190054
agent_vs_gt_diff_hunks,h_difficulty,ground_truth,1097,0.007409212186966496,0.8063603924319418,-0.12932260611343127,1.735447593738203e-05
n_commits_b,h_bugs,agent,1100,0.007141891402592012,0.8129644457127498,0.008339741312416965,0.7823266783870128
agent_vs_gt_sloc,cc_total,agent,1097,-0.006903240360343077,0.8193475633528619,-0.08602200545794646,0.00435583799943106
agent_vs_gt_sloc_delta,cc_total,agent,1097,-0.006903240360343077,0.8193475633528619,-0.08602200545794646,0.00435583799943106
agent_vs_gt_diff_hunks,sloc,ground_truth,1097,0.006431156236681302,0.8315097795902924,-0.19720375808656596,4.429649903613305e-11
agent_vs_gt_loc,h_difficulty,agent,1097,-0.005651612421159051,0.8516801658810139,0.025430157379853303,0.4000971033363784
agent_vs_gt_loc_delta,h_difficulty,agent,1097,-0.005651612421159051,0.8516801658810139,0.025430157379853303,0.4000971033363784
agent_vs_gt_diff_total_change,cc_avg,ground_truth,1097,0.005506645045619087,0.855442263507717,0.05288838166943812,0.0799555529952303
agent_vs_gt_sloc_delta,h_bugs,agent,1097,-0.00512396700197576,0.8653888282182884,-0.09999902189145217,0.0009111770435381208
agent_vs_gt_sloc,h_bugs,agent,1097,-0.00512396700197576,0.8653888282182884,-0.09999902189145217,0.0009111770435381208
agent_vs_gt_loc_delta,cc_total,agent,1097,-0.004517474005618397,0.881195881997772,-0.09751191147136673,0.001221900285517043
agent_vs_gt_loc,cc_total,agent,1097,-0.004517474005618397,0.881195881997772,-0.09751191147136673,0.001221900285517043
agent_vs_bypass_loc,cc_avg,bypass,1091,0.0045036490372897565,0.881879486565692,-0.021281760514897993,0.4825442086550923
agent_vs_bypass_loc_delta,cc_avg,bypass,1091,0.0045036490372897565,0.881879486565692,-0.021281760514897993,0.4825442086550923
agent_vs_gt_diff_hunks,mi_score,agent,1097,-0.004419385543126967,0.8837569828844395,0.07056018112711095,0.019425028160199885
n_commits_total,h_difficulty,agent,1100,0.003798888565423269,0.899849013135297,-0.07389497473095724,0.014230781034380623
agent_vs_bypass_loc_delta,mi_score,ground_truth,1091,-0.003442923663081931,0.9095622300152257,0.17850383319654958,2.902511911477331e-09
agent_vs_bypass_loc,mi_score,ground_truth,1091,-0.003442923663081931,0.9095622300152257,0.17850383319654958,2.902511911477331e-09
n_commits_a,h_difficulty,agent,1100,0.0033387612624577014,0.9119267339823616,-0.07162121691941344,0.017512955308431714
agent_vs_gt_diff_hunks,cc_max,ground_truth,1097,0.0030697137537051456,0.9191088789081219,-0.18587057422532463,5.528034221703046e-10
agent_vs_bypass_sloc_delta,mi_score,agent,1091,-0.0028032049570736696,0.9263129377549932,0.11783943375343396,9.563446380222101e-05
agent_vs_bypass_sloc,mi_score,agent,1091,-0.0028032049570736696,0.9263129377549932,0.11783943375343396,9.563446380222101e-05
n_commits_total,h_bugs,agent,1100,0.002564294525696029,0.9322999712699207,-0.008909863205401712,0.7678589674823462
agent_vs_gt_diff_hunks,cc_total,ground_truth,1097,0.0021672387564273797,0.942841179291011,-0.23642077229535574,2.116745039147654e-15
agent_vs_gt_loc,h_bugs,agent,1097,-0.0010694784644107783,0.9717752873537526,-0.10805260197164022,0.00033678065916129034
agent_vs_gt_loc_delta,h_bugs,agent,1097,-0.0010694784644107783,0.9717752873537526,-0.10805260197164022,0.00033678065916129034
agent_vs_gt_diff_lines_added,mi_score,agent,1097,-9.401322871241108e-05,0.9975183745414764,0.007124213500366985,0.8136693613074599
