sample_id,agent_vs_gt_loc,agent_vs_gt_sloc,agent_vs_gt_loc_delta,agent_vs_gt_sloc_delta,agent_vs_gt_diff_lines_added,agent_vs_gt_diff_lines_removed,agent_vs_gt_diff_total_change,agent_vs_gt_diff_hunks,bypass_vs_gt_loc,bypass_vs_gt_sloc,bypass_vs_gt_loc_delta,bypass_vs_gt_sloc_delta,bypass_vs_gt_diff_lines_added,bypass_vs_gt_diff_lines_removed,bypass_vs_gt_diff_total_change,bypass_vs_gt_diff_hunks,agent_vs_bypass_loc,agent_vs_bypass_sloc,agent_vs_bypass_loc_delta,agent_vs_bypass_sloc_delta,agent_vs_bypass_diff_lines_added,agent_vs_bypass_diff_lines_removed,agent_vs_bypass_diff_total_change,agent_vs_bypass_diff_hunks,gt_loc,gt_sloc,gt_loc_delta,gt_sloc_delta,gt_diff_lines_added,gt_diff_lines_removed,gt_diff_total_change,gt_diff_hunks,n_commits_a,n_commits_b,n_commits_total
103656426411-1,-24.0,-24.0,-24.0,-24.0,-44.0,-20.0,-64.0,-1.0,-25.0,-25.0,-25.0,-25.0,-47.0,-22.0,-69.0,-3.0,1.0,1.0,1.0,1.0,3.0,2.0,5.0,2.0,225.0,219.0,27.0,27.0,49.0,22.0,71.0,5.0,1,1,2
106151546310-1,31.0,30.0,31.0,30.0,-43.0,-74.0,-117.0,-1.0,-215.0,-195.0,-215.0,-195.0,-290.0,-75.0,-365.0,1.0,246.0,225.0,246.0,225.0,247.0,1.0,248.0,-2.0,986.0,830.0,304.0,267.0,409.0,105.0,514.0,13.0,5,8,13
107501480065-1,16.0,8.0,16.0,8.0,22.0,6.0,28.0,3.0,13.0,5.0,13.0,5.0,7.0,-6.0,1.0,1.0,3.0,3.0,3.0,3.0,15.0,12.0,27.0,2.0,268.0,231.0,-6.0,-4.0,2.0,8.0,10.0,2.0,6,1,7
115058474542-1,0.0,0.0,0.0,0.0,0.0,0.0,0.0,0.0,,,,,,,,,,,,,,,,,369.0,304.0,369.0,304.0,369.0,0.0,369.0,1.0,1,1,2
118214162527-1,-3.0,0.0,-3.0,0.0,-2.0,1.0,-1.0,1.0,-13.0,-10.0,-13.0,-10.0,-13.0,0.0,-13.0,0.0,10.0,10.0,10.0,10.0,11.0,1.0,12.0,1.0,336.0,228.0,15.0,12.0,15.0,0.0,15.0,2.0,2,3,5
125568505545-1,-240.0,-199.0,-240.0,-199.0,-243.0,-3.0,-246.0,1.0,-1.0,0.0,-1.0,0.0,-1.0,0.0,-1.0,0.0,-239.0,-199.0,-239.0,-199.0,-242.0,-3.0,-245.0,1.0,1098.0,876.0,263.0,220.0,272.0,9.0,281.0,5.0,21,19,40
126658010330-1,-2.0,0.0,-2.0,0.0,-2.0,0.0,-2.0,2.0,-4.0,-2.0,-4.0,-2.0,-9.0,-5.0,-14.0,1.0,2.0,2.0,2.0,2.0,7.0,5.0,12.0,1.0,227.0,167.0,5.0,1.0,17.0,12.0,29.0,5.0,1,1,2
127442621803-1,0.0,0.0,0.0,0.0,4.0,4.0,8.0,2.0,0.0,0.0,0.0,0.0,-1.0,-1.0,-2.0,-1.0,0.0,0.0,0.0,0.0,5.0,5.0,10.0,3.0,2097.0,1681.0,0.0,0.0,2.0,2.0,4.0,2.0,10,1,11
133313355306-1,1.0,1.0,1.0,1.0,3.0,2.0,5.0,3.0,0.0,0.0,0.0,0.0,0.0,0.0,0.0,0.0,1.0,1.0,1.0,1.0,3.0,2.0,5.0,3.0,481.0,419.0,1.0,1.0,2.0,1.0,3.0,1.0,1,1,2
134296232550-1,-2.0,2.0,-2.0,2.0,-2.0,0.0,-2.0,2.0,9.0,8.0,9.0,8.0,-20.0,-29.0,-49.0,-1.0,-11.0,-6.0,-11.0,-6.0,18.0,29.0,47.0,3.0,666.0,414.0,-14.0,-12.0,26.0,40.0,66.0,3.0,3,1,4
135757895111-1,78.0,50.0,78.0,50.0,-71.0,-149.0,-220.0,1.0,25.0,11.0,25.0,11.0,-61.0,-86.0,-147.0,-1.0,53.0,39.0,53.0,39.0,-10.0,-63.0,-73.0,2.0,1193.0,885.0,-44.0,-21.0,115.0,159.0,274.0,3.0,2,3,5
136304482098-1,-24.0,-23.0,-24.0,-23.0,-39.0,-15.0,-54.0,3.0,-27.0,-15.0,-27.0,-15.0,-44.0,-17.0,-61.0,-1.0,3.0,-8.0,3.0,-8.0,5.0,2.0,7.0,4.0,900.0,612.0,55.0,45.0,116.0,61.0,177.0,10.0,10,8,18
140532355399-1,-95.0,-57.0,-95.0,-57.0,-277.0,-182.0,-459.0,-4.0,-110.0,-69.0,-110.0,-69.0,-291.0,-181.0,-472.0,-3.0,15.0,12.0,15.0,12.0,14.0,-1.0,13.0,-1.0,413.0,317.0,112.0,71.0,294.0,182.0,476.0,6.0,1,1,2
141616630456-1,-46.0,-32.0,-46.0,-32.0,-27.0,19.0,-8.0,-1.0,-3.0,7.0,-3.0,7.0,-25.0,-22.0,-47.0,-10.0,-43.0,-39.0,-43.0,-39.0,-2.0,41.0,39.0,9.0,2147.0,1775.0,50.0,35.0,72.0,22.0,94.0,13.0,7,2,9
147440192254-1,7.0,13.0,7.0,13.0,-11.0,-19.0,-30.0,-3.0,8.0,14.0,8.0,14.0,-15.0,-24.0,-39.0,-3.0,-1.0,-1.0,-1.0,-1.0,4.0,5.0,9.0,0.0,251.0,189.0,-23.0,-29.0,39.0,63.0,102.0,12.0,1,2,3
153867800458-1,129.0,93.0,129.0,93.0,-90.0,-219.0,-309.0,1.0,184.0,130.0,184.0,130.0,-27.0,-211.0,-238.0,-12.0,-55.0,-37.0,-55.0,-37.0,-63.0,-8.0,-71.0,13.0,980.0,731.0,-131.0,-95.0,121.0,252.0,373.0,14.0,17,1,18
157321321819-1,-8.0,-7.0,-8.0,-7.0,-10.0,-2.0,-12.0,-1.0,-2.0,-1.0,-2.0,-1.0,-3.0,-1.0,-4.0,0.0,-6.0,-6.0,-6.0,-6.0,-7.0,-1.0,-8.0,-1.0,534.0,453.0,14.0,13.0,28.0,14.0,42.0,8.0,1,1,2
157961687120-1,2.0,0.0,2.0,0.0,4.0,2.0,6.0,-1.0,-45.0,-42.0,-45.0,-42.0,-56.0,-11.0,-67.0,-4.0,47.0,42.0,47.0,42.0,60.0,13.0,73.0,3.0,175.0,148.0,45.0,42.0,58.0,13.0,71.0,6.0,1,4,5
160767656621-1,-2.0,-2.0,-2.0,-2.0,-1.0,1.0,0.0,1.0,-10.0,-10.0,-10.0,-10.0,-16.0,-6.0,-22.0,-2.0,8.0,8.0,8.0,8.0,15.0,7.0,22.0,3.0,662.0,572.0,10.0,11.0,17.0,7.0,24.0,4.0,2,14,16
164866621823-1,-27.0,-15.0,-27.0,-15.0,-26.0,1.0,-25.0,-2.0,-20.0,-12.0,-20.0,-12.0,-20.0,0.0,-20.0,-1.0,-7.0,-3.0,-7.0,-3.0,-6.0,1.0,-5.0,-1.0,337.0,242.0,90.0,60.0,96.0,6.0,102.0,6.0,24,6,30
165342132729-1,-31.0,-27.0,-31.0,-27.0,-35.0,-4.0,-39.0,2.0,-31.0,-26.0,-31.0,-26.0,-44.0,-13.0,-57.0,-4.0,0.0,-1.0,0.0,-1.0,9.0,9.0,18.0,6.0,397.0,331.0,40.0,35.0,59.0,19.0,78.0,6.0,2,24,26
172409570361-1,-3.0,0.0,-3.0,0.0,-3.0,0.0,-3.0,0.0,-34.0,-27.0,-34.0,-27.0,-35.0,-1.0,-36.0,-3.0,31.0,27.0,31.0,27.0,32.0,1.0,33.0,3.0,869.0,631.0,34.0,27.0,37.0,3.0,40.0,4.0,3,1,4
173479270170-1,386.0,263.0,386.0,263.0,329.0,-57.0,272.0,-19.0,-36.0,-23.0,-36.0,-23.0,-43.0,-7.0,-50.0,-1.0,422.0,286.0,422.0,286.0,372.0,-50.0,322.0,-18.0,1200.0,837.0,74.0,61.0,141.0,67.0,208.0,29.0,6,4,10
173524980836-1,-2.0,-2.0,-2.0,-2.0,-1.0,1.0,0.0,1.0,14.0,14.0,14.0,14.0,-7.0,-21.0,-28.0,-4.0,-16.0,-16.0,-16.0,-16.0,6.0,22.0,28.0,5.0,212.0,180.0,-7.0,-7.0,14.0,21.0,35.0,6.0,6,1,7
181756214525-1,-2.0,0.0,-2.0,0.0,-1.0,1.0,0.0,0.0,-9.0,-7.0,-9.0,-7.0,-21.0,-12.0,-33.0,1.0,7.0,7.0,7.0,7.0,20.0,13.0,33.0,-1.0,131.0,107.0,83.0,69.0,97.0,14.0,111.0,2.0,1,5,6
18212518336-1,4.0,3.0,4.0,3.0,25.0,21.0,46.0,-1.0,-32.0,-22.0,-32.0,-22.0,-33.0,-1.0,-34.0,-5.0,36.0,25.0,36.0,25.0,58.0,22.0,80.0,4.0,259.0,193.0,36.0,26.0,38.0,2.0,40.0,8.0,2,3,5
192421305001-1,5.0,2.0,5.0,2.0,4.0,-1.0,3.0,-1.0,4.0,1.0,4.0,1.0,4.0,0.0,4.0,-1.0,1.0,1.0,1.0,1.0,0.0,-1.0,-1.0,0.0,421.0,335.0,2.0,-1.0,25.0,23.0,48.0,7.0,3,2,5
192668479653-1,0.0,0.0,0.0,0.0,1.0,1.0,2.0,1.0,0.0,0.0,0.0,0.0,0.0,0.0,0.0,0.0,0.0,0.0,0.0,0.0,1.0,1.0,2.0,1.0,221.0,190.0,0.0,0.0,1.0,1.0,2.0,1.0,13,1,14
192974181015-1,-16.0,-18.0,-16.0,-18.0,4.0,20.0,24.0,0.0,-48.0,-42.0,-48.0,-42.0,-55.0,-7.0,-62.0,-7.0,32.0,24.0,32.0,24.0,59.0,27.0,86.0,7.0,573.0,477.0,49.0,43.0,56.0,7.0,63.0,8.0,6,1,7
193733771823-1,0.0,1.0,0.0,1.0,-2.0,-2.0,-4.0,-1.0,-29.0,-27.0,-29.0,-27.0,-50.0,-21.0,-71.0,-11.0,29.0,28.0,29.0,28.0,48.0,19.0,67.0,10.0,451.0,379.0,46.0,42.0,69.0,23.0,92.0,16.0,1,3,4
195941536019-1,3.0,2.0,3.0,2.0,7.0,4.0,11.0,0.0,-9.0,-6.0,-9.0,-6.0,-28.0,-19.0,-47.0,-10.0,12.0,8.0,12.0,8.0,35.0,23.0,58.0,10.0,338.0,241.0,35.0,26.0,55.0,20.0,75.0,14.0,3,2,5
199378705901-1,12.0,134.0,12.0,134.0,0.0,-12.0,-12.0,-1.0,-325.0,-83.0,-325.0,-83.0,-338.0,-13.0,-351.0,-2.0,337.0,217.0,337.0,217.0,338.0,1.0,339.0,1.0,463.0,186.0,325.0,83.0,339.0,14.0,353.0,3.0,3,1,4
20234665134-1,-8.0,-5.0,-8.0,-5.0,1.0,9.0,10.0,1.0,-12.0,-9.0,-12.0,-9.0,-12.0,0.0,-12.0,-1.0,4.0,4.0,4.0,4.0,13.0,9.0,22.0,2.0,400.0,293.0,29.0,21.0,38.0,9.0,47.0,3.0,3,5,8
202587321267-1,0.0,0.0,0.0,0.0,1.0,1.0,2.0,1.0,-1.0,-1.0,-1.0,-1.0,-5.0,-4.0,-9.0,-3.0,1.0,1.0,1.0,1.0,6.0,5.0,11.0,4.0,568.0,442.0,16.0,13.0,30.0,14.0,44.0,7.0,15,1,16
203339145749-1,-4.0,-1.0,-4.0,-1.0,1.0,5.0,6.0,4.0,0.0,0.0,0.0,0.0,-1.0,-1.0,-2.0,-1.0,-4.0,-1.0,-4.0,-1.0,2.0,6.0,8.0,5.0,1013.0,819.0,0.0,0.0,3.0,3.0,6.0,2.0,2,1,3
206266701606-1,0.0,0.0,0.0,0.0,0.0,0.0,0.0,0.0,-39.0,-25.0,-39.0,-25.0,-39.0,0.0,-39.0,0.0,39.0,25.0,39.0,25.0,39.0,0.0,39.0,0.0,72.0,45.0,58.0,37.0,60.0,2.0,62.0,2.0,3,1,4
207238523129-1,6.0,2.0,6.0,2.0,5.0,-1.0,4.0,2.0,-13.0,-16.0,-13.0,-16.0,-31.0,-18.0,-49.0,-8.0,19.0,18.0,19.0,18.0,36.0,17.0,53.0,10.0,968.0,790.0,16.0,19.0,40.0,24.0,64.0,10.0,3,5,8
221307964536-1,5.0,3.0,5.0,3.0,-15.0,-20.0,-35.0,0.0,9.0,9.0,9.0,9.0,-17.0,-26.0,-43.0,-3.0,-4.0,-6.0,-4.0,-6.0,2.0,6.0,8.0,3.0,337.0,221.0,-9.0,-9.0,29.0,38.0,67.0,6.0,1,1,2
223868938267-1,-3.0,-1.0,-3.0,-1.0,-7.0,-4.0,-11.0,-3.0,-4.0,-2.0,-4.0,-2.0,-22.0,-18.0,-40.0,-16.0,1.0,1.0,1.0,1.0,15.0,14.0,29.0,13.0,1087.0,839.0,6.0,4.0,24.0,18.0,42.0,18.0,2,11,13
225336541252-1,0.0,0.0,0.0,0.0,1.0,1.0,2.0,1.0,0.0,0.0,0.0,0.0,-1.0,-1.0,-2.0,-1.0,0.0,0.0,0.0,0.0,2.0,2.0,4.0,2.0,21.0,20.0,0.0,0.0,2.0,2.0,4.0,2.0,20,2,22
231040798896-1,-10.0,0.0,-10.0,0.0,12.0,22.0,34.0,2.0,-455.0,-312.0,-455.0,-312.0,-589.0,-135.0,-724.0,-14.0,445.0,312.0,445.0,312.0,601.0,157.0,758.0,16.0,1021.0,766.0,517.0,362.0,673.0,157.0,830.0,17.0,2,1,3
236822274021-1,-3.0,-2.0,-3.0,-2.0,-12.0,-9.0,-21.0,-3.0,-11.0,-10.0,-11.0,-10.0,-60.0,-49.0,-109.0,-10.0,8.0,8.0,8.0,8.0,48.0,40.0,88.0,7.0,253.0,183.0,11.0,10.0,61.0,50.0,111.0,11.0,1,1,2
237229484642-1,-128.0,-94.0,-128.0,-94.0,-167.0,-39.0,-206.0,1.0,-24.0,-20.0,-24.0,-20.0,-25.0,-1.0,-26.0,-1.0,-104.0,-74.0,-104.0,-74.0,-142.0,-38.0,-180.0,2.0,294.0,213.0,143.0,106.0,200.0,57.0,257.0,4.0,6,2,8
239379983732-1,0.0,0.0,0.0,0.0,0.0,0.0,0.0,0.0,0.0,0.0,0.0,0.0,0.0,0.0,0.0,0.0,0.0,0.0,0.0,0.0,0.0,0.0,0.0,0.0,1.0,1.0,0.0,0.0,1.0,1.0,2.0,1.0,331,2,333
240107024706-1,3.0,1.0,3.0,1.0,2.0,-1.0,1.0,1.0,-13.0,-9.0,-13.0,-9.0,-20.0,-7.0,-27.0,-5.0,16.0,10.0,16.0,10.0,22.0,6.0,28.0,6.0,300.0,230.0,43.0,36.0,52.0,9.0,61.0,10.0,6,1,7
240343331150-1,59.0,44.0,59.0,44.0,105.0,46.0,151.0,-3.0,-102.0,-81.0,-102.0,-81.0,-102.0,0.0,-102.0,-2.0,161.0,125.0,161.0,125.0,207.0,46.0,253.0,-1.0,554.0,455.0,97.0,77.0,114.0,17.0,131.0,10.0,2,3,5
247272567499-1,0.0,1.0,0.0,1.0,1.0,1.0,2.0,1.0,32.0,30.0,32.0,30.0,-4.0,-36.0,-40.0,-4.0,-32.0,-29.0,-32.0,-29.0,5.0,37.0,42.0,5.0,158.0,136.0,-34.0,-32.0,6.0,40.0,46.0,6.0,1,3,4
247402917526-1,1.0,0.0,1.0,0.0,2.0,1.0,3.0,0.0,-3.0,-4.0,-3.0,-4.0,-4.0,-1.0,-5.0,-1.0,4.0,4.0,4.0,4.0,6.0,2.0,8.0,1.0,250.0,217.0,3.0,4.0,5.0,2.0,7.0,2.0,1,1,2
255106664924-1,-5.0,-6.0,-5.0,-6.0,-11.0,-6.0,-17.0,1.0,-18.0,-15.0,-18.0,-15.0,-39.0,-21.0,-60.0,-10.0,13.0,9.0,13.0,9.0,28.0,15.0,43.0,11.0,1902.0,1487.0,34.0,25.0,71.0,37.0,108.0,14.0,2,6,8
257344572820-1,-3.0,-4.0,-3.0,-4.0,-7.0,-4.0,-11.0,0.0,-26.0,-26.0,-26.0,-26.0,-36.0,-10.0,-46.0,-2.0,23.0,22.0,23.0,22.0,29.0,6.0,35.0,2.0,1002.0,857.0,39.0,39.0,52.0,13.0,65.0,6.0,2,6,8
258610168409-1,2.0,2.0,2.0,2.0,136.0,134.0,270.0,-8.0,-8.0,-8.0,-8.0,-8.0,-42.0,-34.0,-76.0,-11.0,10.0,10.0,10.0,10.0,178.0,168.0,346.0,3.0,265.0,245.0,12.0,12.0,57.0,45.0,102.0,14.0,1,2,3
260153519765-1,-21.0,-16.0,-21.0,-16.0,-1.0,20.0,19.0,1.0,-64.0,-49.0,-64.0,-49.0,-64.0,0.0,-64.0,-1.0,43.0,33.0,43.0,33.0,63.0,20.0,83.0,2.0,387.0,296.0,78.0,60.0,78.0,0.0,78.0,4.0,1,1,2
26064677954-1,0.0,0.0,0.0,0.0,0.0,0.0,0.0,0.0,0.0,0.0,0.0,0.0,0.0,0.0,0.0,0.0,0.0,0.0,0.0,0.0,0.0,0.0,0.0,0.0,1.0,1.0,0.0,0.0,1.0,1.0,2.0,1.0,329,1,330
263056810-1,0.0,0.0,0.0,0.0,-3.0,-3.0,-6.0,-1.0,-109.0,-83.0,-109.0,-83.0,-116.0,-7.0,-123.0,-4.0,109.0,83.0,109.0,83.0,113.0,4.0,117.0,3.0,197.0,146.0,109.0,83.0,117.0,8.0,125.0,5.0,5,1,6
26340290741-1,0.0,0.0,0.0,0.0,0.0,0.0,0.0,1.0,-17.0,-11.0,-17.0,-11.0,-23.0,-6.0,-29.0,-3.0,17.0,11.0,17.0,11.0,23.0,6.0,29.0,4.0,811.0,653.0,24.0,16.0,30.0,6.0,36.0,4.0,1,3,4
27785054052-1,0.0,5.0,0.0,5.0,2.0,2.0,4.0,0.0,-39.0,-29.0,-39.0,-29.0,-46.0,-7.0,-53.0,-8.0,39.0,34.0,39.0,34.0,48.0,9.0,57.0,8.0,1284.0,1019.0,40.0,30.0,47.0,7.0,54.0,9.0,3,1,4
283771574796-1,-1.0,0.0,-1.0,0.0,2.0,3.0,5.0,0.0,-2.0,-1.0,-2.0,-1.0,-3.0,-1.0,-4.0,-1.0,1.0,1.0,1.0,1.0,5.0,4.0,9.0,1.0,105.0,84.0,8.0,6.0,16.0,8.0,24.0,3.0,1,2,3
285547976270-1,0.0,-1.0,0.0,-1.0,-2.0,-2.0,-4.0,-1.0,-8.0,-8.0,-8.0,-8.0,-18.0,-10.0,-28.0,-7.0,8.0,7.0,8.0,7.0,16.0,8.0,24.0,6.0,142.0,127.0,7.0,8.0,19.0,12.0,31.0,8.0,2,15,17
288458015299-1,-1.0,-1.0,-1.0,-1.0,-2.0,-1.0,-3.0,-1.0,-2.0,-1.0,-2.0,-1.0,-9.0,-7.0,-16.0,-2.0,1.0,0.0,1.0,0.0,7.0,6.0,13.0,1.0,231.0,175.0,74.0,60.0,86.0,12.0,98.0,8.0,1,1,2
289830531066-1,4.0,3.0,4.0,3.0,5.0,1.0,6.0,1.0,-27.0,-26.0,-27.0,-26.0,-38.0,-11.0,-49.0,-5.0,31.0,29.0,31.0,29.0,43.0,12.0,55.0,6.0,511.0,452.0,27.0,26.0,41.0,14.0,55.0,7.0,1,2,3
291724734374-1,5.0,5.0,5.0,5.0,7.0,2.0,9.0,1.0,-47.0,-40.0,-47.0,-40.0,-47.0,0.0,-47.0,-1.0,52.0,45.0,52.0,45.0,54.0,2.0,56.0,2.0,823.0,693.0,57.0,49.0,59.0,2.0,61.0,3.0,1,2,3
293493941862-1,-8.0,-5.0,-8.0,-5.0,-10.0,-2.0,-12.0,1.0,-21.0,-18.0,-21.0,-18.0,-116.0,-95.0,-211.0,-6.0,13.0,13.0,13.0,13.0,106.0,93.0,199.0,7.0,244.0,216.0,21.0,19.0,118.0,97.0,215.0,7.0,2,11,13
294497416859-1,80.0,63.0,80.0,63.0,48.0,-32.0,16.0,-17.0,-61.0,-60.0,-61.0,-60.0,-116.0,-55.0,-171.0,-35.0,141.0,123.0,141.0,123.0,164.0,23.0,187.0,18.0,3458.0,3091.0,86.0,83.0,143.0,57.0,200.0,38.0,2,7,9
29794561326-1,-380.0,-326.0,-380.0,-326.0,-16.0,364.0,348.0,-3.0,-41.0,-27.0,-41.0,-27.0,-105.0,-64.0,-169.0,-8.0,-339.0,-299.0,-339.0,-299.0,89.0,428.0,517.0,5.0,698.0,599.0,43.0,27.0,109.0,66.0,175.0,11.0,3,23,26
299612273952-1,-9.0,-9.0,-9.0,-9.0,-5.0,4.0,-1.0,0.0,-8.0,-8.0,-8.0,-8.0,-8.0,0.0,-8.0,-1.0,-1.0,-1.0,-1.0,-1.0,3.0,4.0,7.0,1.0,552.0,510.0,9.0,10.0,11.0,2.0,13.0,5.0,1,4,5
300283092576-1,-3.0,-3.0,-3.0,-3.0,0.0,3.0,3.0,0.0,-68.0,-65.0,-68.0,-65.0,-67.0,1.0,-66.0,-2.0,65.0,62.0,65.0,62.0,67.0,2.0,69.0,2.0,188.0,150.0,89.0,82.0,89.0,0.0,89.0,4.0,177,30,207
304231110873-1,-706.0,-564.0,-706.0,-564.0,-360.0,346.0,-14.0,-77.0,-101.0,-82.0,-101.0,-82.0,-334.0,-233.0,-567.0,-80.0,-605.0,-482.0,-605.0,-482.0,-26.0,579.0,553.0,3.0,5449.0,4329.0,114.0,94.0,374.0,260.0,634.0,90.0,4,85,89
31104414942-1,-1.0,-1.0,-1.0,-1.0,7.0,8.0,15.0,6.0,-2.0,-2.0,-2.0,-2.0,-2.0,0.0,-2.0,0.0,1.0,1.0,1.0,1.0,9.0,8.0,17.0,6.0,1423.0,1126.0,2.0,2.0,5.0,3.0,8.0,2.0,2,1,3
311713717407-1,10.0,8.0,10.0,8.0,-2.0,-12.0,-14.0,-6.0,10.0,8.0,10.0,8.0,-19.0,-29.0,-48.0,-8.0,0.0,0.0,0.0,0.0,17.0,17.0,34.0,2.0,548.0,386.0,4.0,3.0,37.0,33.0,70.0,9.0,4,2,6
319938361487-1,0.0,0.0,0.0,0.0,1.0,1.0,2.0,1.0,-1.0,-1.0,-1.0,-1.0,-1.0,0.0,-1.0,0.0,1.0,1.0,1.0,1.0,2.0,1.0,3.0,1.0,275.0,228.0,5.0,5.0,5.0,0.0,5.0,4.0,1,1,2
320227862460-1,-3.0,-12.0,-3.0,-12.0,-18.0,-15.0,-33.0,-7.0,-18.0,-25.0,-18.0,-25.0,-35.0,-17.0,-52.0,-12.0,15.0,13.0,15.0,13.0,17.0,2.0,19.0,5.0,959.0,775.0,80.0,75.0,97.0,17.0,114.0,15.0,12,3,15
325089916934-1,-2.0,-2.0,-2.0,-2.0,-2.0,0.0,-2.0,0.0,,,,,,,,,,,,,,,,,277.0,235.0,277.0,235.0,277.0,0.0,277.0,1.0,1,1,2
326847022784-1,-32.0,0.0,-32.0,0.0,-29.0,3.0,-26.0,-4.0,0.0,0.0,0.0,0.0,0.0,0.0,0.0,0.0,-32.0,0.0,-32.0,0.0,-29.0,3.0,-26.0,-4.0,1306.0,941.0,33.0,2.0,36.0,3.0,39.0,10.0,2,3,5
327844608780-1,2.0,2.0,2.0,2.0,1.0,-1.0,0.0,1.0,-3.0,-3.0,-3.0,-3.0,-18.0,-15.0,-33.0,-2.0,5.0,5.0,5.0,5.0,19.0,14.0,33.0,3.0,307.0,245.0,2.0,2.0,25.0,23.0,48.0,8.0,6,4,10
330249272931-1,0.0,0.0,0.0,0.0,1.0,1.0,2.0,0.0,-3.0,-3.0,-3.0,-3.0,-3.0,0.0,-3.0,0.0,3.0,3.0,3.0,3.0,4.0,1.0,5.0,0.0,138.0,105.0,9.0,9.0,9.0,0.0,9.0,2.0,2,4,6
33086999729-1,-3.0,-3.0,-3.0,-3.0,-6.0,-3.0,-9.0,-2.0,1.0,3.0,1.0,3.0,-14.0,-15.0,-29.0,-4.0,-4.0,-6.0,-4.0,-6.0,8.0,12.0,20.0,2.0,271.0,208.0,66.0,53.0,81.0,15.0,96.0,6.0,1,2,3
331306179534-1,0.0,0.0,0.0,0.0,0.0,0.0,0.0,0.0,-7.0,-5.0,-7.0,-5.0,-7.0,0.0,-7.0,0.0,7.0,5.0,7.0,5.0,7.0,0.0,7.0,0.0,203.0,155.0,203.0,155.0,203.0,0.0,203.0,1.0,1,1,2
334522083487-1,-16.0,0.0,-16.0,0.0,-19.0,-3.0,-22.0,0.0,1.0,0.0,1.0,0.0,1.0,0.0,1.0,0.0,-17.0,0.0,-17.0,0.0,-20.0,-3.0,-23.0,0.0,167.0,111.0,27.0,3.0,47.0,20.0,67.0,9.0,1,1,2
334950146121-1,-71.0,-63.0,-71.0,-63.0,-85.0,-14.0,-99.0,-2.0,-72.0,-64.0,-72.0,-64.0,-74.0,-2.0,-76.0,0.0,1.0,1.0,1.0,1.0,-11.0,-12.0,-23.0,-2.0,245.0,178.0,72.0,63.0,95.0,23.0,118.0,9.0,1,2,3
335757919983-1,-4.0,832.0,-4.0,832.0,-1312.0,-1308.0,-2620.0,0.0,-12.0,804.0,-12.0,804.0,-1372.0,-1360.0,-2732.0,-2.0,8.0,28.0,8.0,28.0,60.0,52.0,112.0,2.0,1658.0,245.0,16.0,-802.0,1379.0,1363.0,2742.0,4.0,1,1,2
343704493553-1,-39.0,-40.0,-39.0,-40.0,-86.0,-47.0,-133.0,-4.0,-42.0,-36.0,-42.0,-36.0,-60.0,-18.0,-78.0,-6.0,3.0,-4.0,3.0,-4.0,-26.0,-29.0,-55.0,2.0,882.0,699.0,52.0,46.0,173.0,121.0,294.0,16.0,16,11,27
347639123651-1,-10.0,0.0,-10.0,0.0,-8.0,2.0,-6.0,1.0,-51.0,-22.0,-51.0,-22.0,-55.0,-4.0,-59.0,-2.0,41.0,22.0,41.0,22.0,47.0,6.0,53.0,3.0,2226.0,1695.0,54.0,23.0,58.0,4.0,62.0,3.0,1,8,9
34764634804-1,0.0,0.0,0.0,0.0,1.0,1.0,2.0,0.0,-8.0,-8.0,-8.0,-8.0,-8.0,0.0,-8.0,0.0,8.0,8.0,8.0,8.0,9.0,1.0,10.0,0.0,27.0,26.0,12.0,12.0,12.0,0.0,12.0,1.0,4,2,6
35571962588-1,3.0,3.0,3.0,3.0,0.0,-3.0,-3.0,0.0,5.0,4.0,5.0,4.0,-22.0,-27.0,-49.0,-4.0,-2.0,-1.0,-2.0,-1.0,22.0,24.0,46.0,4.0,537.0,395.0,-7.0,-6.0,23.0,30.0,53.0,5.0,1,2,3
356744499920-1,4.0,4.0,4.0,4.0,4.0,0.0,4.0,3.0,0.0,0.0,0.0,0.0,-7.0,-7.0,-14.0,-1.0,4.0,4.0,4.0,4.0,11.0,7.0,18.0,4.0,145.0,135.0,13.0,13.0,24.0,11.0,35.0,5.0,1,2,3
366654765884-1,0.0,0.0,0.0,0.0,1.0,1.0,2.0,1.0,18.0,15.0,18.0,15.0,1.0,-17.0,-16.0,0.0,-18.0,-15.0,-18.0,-15.0,0.0,18.0,18.0,1.0,53.0,39.0,-12.0,-11.0,8.0,20.0,28.0,3.0,1,1,2
369786533796-1,58.0,51.0,58.0,51.0,-109.0,-168.0,-277.0,2.0,60.0,50.0,60.0,50.0,-106.0,-167.0,-273.0,1.0,-2.0,1.0,-2.0,1.0,-3.0,-1.0,-4.0,1.0,205.0,168.0,-43.0,-38.0,127.0,171.0,298.0,3.0,2,8,10
371824998441-1,-24.0,-16.0,-24.0,-16.0,-82.0,-58.0,-140.0,-2.0,-33.0,-24.0,-33.0,-24.0,-93.0,-60.0,-153.0,-5.0,9.0,8.0,9.0,8.0,11.0,2.0,13.0,3.0,758.0,570.0,33.0,24.0,97.0,64.0,161.0,8.0,7,2,9
377849635108-1,0.0,0.0,0.0,0.0,1.0,1.0,2.0,1.0,-1.0,-1.0,-1.0,-1.0,-1.0,0.0,-1.0,0.0,1.0,1.0,1.0,1.0,2.0,1.0,3.0,1.0,136.0,95.0,2.0,2.0,2.0,0.0,2.0,1.0,1,1,2
380378091414-1,3.0,0.0,3.0,0.0,3.0,0.0,3.0,1.0,0.0,0.0,0.0,0.0,0.0,0.0,0.0,0.0,3.0,0.0,3.0,0.0,3.0,0.0,3.0,1.0,412.0,350.0,15.0,15.0,28.0,13.0,41.0,2.0,2,1,3
383851257846-1,34.0,22.0,34.0,22.0,-62.0,-96.0,-158.0,0.0,-18.0,-15.0,-18.0,-15.0,-45.0,-27.0,-72.0,3.0,52.0,37.0,52.0,37.0,-17.0,-69.0,-86.0,-3.0,1239.0,961.0,-72.0,-57.0,135.0,207.0,342.0,7.0,1,1,2
387387732626-1,-152.0,-127.0,-152.0,-127.0,-330.0,-178.0,-508.0,-15.0,7.0,-2.0,7.0,-2.0,-162.0,-169.0,-331.0,-10.0,-159.0,-125.0,-159.0,-125.0,-168.0,-9.0,-177.0,-5.0,3822.0,2828.0,161.0,136.0,346.0,185.0,531.0,25.0,3,1,4
39763624666-1,-11.0,-12.0,-11.0,-12.0,-87.0,-76.0,-163.0,-29.0,32.0,36.0,32.0,36.0,-87.0,-119.0,-206.0,-20.0,-43.0,-48.0,-43.0,-48.0,0.0,43.0,43.0,-9.0,1759.0,1420.0,99.0,95.0,237.0,138.0,375.0,38.0,10,15,25
398726730431-1,-10.0,-6.0,-10.0,-6.0,-157.0,-147.0,-304.0,-38.0,-6.0,-6.0,-6.0,-6.0,-160.0,-154.0,-314.0,-37.0,-4.0,0.0,-4.0,0.0,3.0,7.0,10.0,-1.0,3361.0,2647.0,7.0,3.0,167.0,160.0,327.0,41.0,6,36,42
403639451004-1,-2.0,-1.0,-2.0,-1.0,-1.0,1.0,0.0,-2.0,-85.0,-72.0,-85.0,-72.0,-103.0,-18.0,-121.0,-17.0,83.0,71.0,83.0,71.0,102.0,19.0,121.0,15.0,938.0,704.0,187.0,135.0,206.0,19.0,225.0,19.0,7,1,8
409327940943-1,0.0,-3.0,0.0,-3.0,2.0,2.0,4.0,-2.0,21.0,19.0,21.0,19.0,-8.0,-29.0,-37.0,-4.0,-21.0,-22.0,-21.0,-22.0,10.0,31.0,41.0,2.0,848.0,650.0,-10.0,-13.0,20.0,30.0,50.0,7.0,21,3,24
409702885303-1,0.0,0.0,0.0,0.0,7.0,7.0,14.0,2.0,-2.0,-2.0,-2.0,-2.0,-2.0,0.0,-2.0,-1.0,2.0,2.0,2.0,2.0,9.0,7.0,16.0,3.0,408.0,337.0,-1.0,-1.0,11.0,12.0,23.0,6.0,1,1,2
410944372777-1,1.0,1.0,1.0,1.0,-5.0,-6.0,-11.0,0.0,-13.0,-13.0,-13.0,-13.0,-67.0,-54.0,-121.0,-5.0,14.0,14.0,14.0,14.0,62.0,48.0,110.0,5.0,177.0,123.0,14.0,14.0,69.0,55.0,124.0,6.0,3,1,4
412536199125-1,0.0,0.0,0.0,0.0,1.0,1.0,2.0,1.0,-2.0,-2.0,-2.0,-2.0,-2.0,0.0,-2.0,-1.0,2.0,2.0,2.0,2.0,3.0,1.0,4.0,2.0,133.0,104.0,4.0,4.0,4.0,0.0,4.0,3.0,1,1,2
413716776851-1,-1.0,-1.0,-1.0,-1.0,0.0,1.0,1.0,2.0,-4.0,-3.0,-4.0,-3.0,-18.0,-14.0,-32.0,-1.0,3.0,2.0,3.0,2.0,18.0,15.0,33.0,3.0,483.0,421.0,7.0,6.0,24.0,17.0,41.0,3.0,13,10,23
414324359168-1,-110.0,-45.0,-110.0,-45.0,-253.0,-143.0,-396.0,-9.0,-120.0,-59.0,-120.0,-59.0,-262.0,-142.0,-404.0,-18.0,10.0,14.0,10.0,14.0,9.0,-1.0,8.0,9.0,1095.0,738.0,137.0,73.0,299.0,162.0,461.0,24.0,8,4,12
416581719268-1,-168.0,-133.0,-168.0,-133.0,-169.0,-1.0,-170.0,-1.0,-32.0,-25.0,-32.0,-25.0,-160.0,-128.0,-288.0,-1.0,-136.0,-108.0,-136.0,-108.0,-9.0,127.0,118.0,0.0,578.0,473.0,33.0,28.0,180.0,147.0,327.0,3.0,1,1,2
416634263862-1,-15.0,-18.0,-15.0,-18.0,-44.0,-29.0,-73.0,-4.0,-17.0,-17.0,-17.0,-17.0,-57.0,-40.0,-97.0,-18.0,2.0,-1.0,2.0,-1.0,13.0,11.0,24.0,14.0,523.0,472.0,34.0,32.0,75.0,41.0,116.0,20.0,3,3,6
416718946157-1,24.0,14.0,24.0,14.0,19.0,-5.0,14.0,-1.0,-26.0,-24.0,-26.0,-24.0,-35.0,-9.0,-44.0,-2.0,50.0,38.0,50.0,38.0,54.0,4.0,58.0,1.0,225.0,181.0,32.0,27.0,43.0,11.0,54.0,4.0,1,1,2
41736855244-1,-2.0,0.0,-2.0,0.0,-1.0,1.0,0.0,0.0,-1.0,0.0,-1.0,0.0,-1.0,0.0,-1.0,0.0,-1.0,0.0,-1.0,0.0,0.0,1.0,1.0,0.0,265.0,195.0,26.0,19.0,28.0,2.0,30.0,4.0,1,4,5
418296772343-1,0.0,0.0,0.0,0.0,1.0,1.0,2.0,1.0,-3.0,-2.0,-3.0,-2.0,-4.0,-1.0,-5.0,-2.0,3.0,2.0,3.0,2.0,5.0,2.0,7.0,3.0,1074.0,802.0,4.0,3.0,5.0,1.0,6.0,3.0,1,1,2
426139487356-1,271.0,195.0,271.0,195.0,106.0,-165.0,-59.0,-12.0,21.0,7.0,21.0,7.0,-142.0,-163.0,-305.0,-4.0,250.0,188.0,250.0,188.0,248.0,-2.0,246.0,-8.0,1699.0,1377.0,100.0,93.0,277.0,177.0,454.0,20.0,34,9,43
426624007482-1,33.0,24.0,33.0,24.0,29.0,-4.0,25.0,0.0,-149.0,-115.0,-149.0,-115.0,-180.0,-31.0,-211.0,-9.0,182.0,139.0,182.0,139.0,209.0,27.0,236.0,9.0,582.0,483.0,149.0,117.0,188.0,39.0,227.0,14.0,6,1,7
428709047342-1,92.0,63.0,92.0,63.0,-29.0,-121.0,-150.0,-10.0,95.0,65.0,95.0,65.0,-28.0,-123.0,-151.0,-10.0,-3.0,-2.0,-3.0,-2.0,-1.0,2.0,1.0,0.0,679.0,552.0,-92.0,-63.0,32.0,124.0,156.0,13.0,1,14,15
431213158576-1,50.0,38.0,50.0,38.0,22.0,-28.0,-6.0,3.0,23.0,17.0,23.0,17.0,-6.0,-29.0,-35.0,1.0,27.0,21.0,27.0,21.0,28.0,1.0,29.0,2.0,452.0,315.0,-5.0,-1.0,37.0,42.0,79.0,12.0,2,1,3
431914205617-1,0.0,0.0,0.0,0.0,0.0,0.0,0.0,0.0,-1.0,-1.0,-1.0,-1.0,-1.0,0.0,-1.0,0.0,1.0,1.0,1.0,1.0,1.0,0.0,1.0,0.0,10.0,8.0,2.0,2.0,3.0,1.0,4.0,1.0,2,9,11
434933580719-1,0.0,0.0,0.0,0.0,2.0,2.0,4.0,2.0,12.0,12.0,12.0,12.0,-17.0,-29.0,-46.0,-3.0,-12.0,-12.0,-12.0,-12.0,19.0,31.0,50.0,5.0,784.0,692.0,-14.0,-14.0,19.0,33.0,52.0,6.0,1,1,2
435705564173-1,-4.0,-1.0,-4.0,-1.0,-2.0,2.0,0.0,0.0,-19.0,-12.0,-19.0,-12.0,-26.0,-7.0,-33.0,-2.0,15.0,11.0,15.0,11.0,24.0,9.0,33.0,2.0,77.0,60.0,19.0,12.0,27.0,8.0,35.0,3.0,1,1,2
43632899249-1,13.0,7.0,13.0,7.0,2.0,-11.0,-9.0,1.0,-16.0,-16.0,-16.0,-16.0,-25.0,-9.0,-34.0,-3.0,29.0,23.0,29.0,23.0,27.0,-2.0,25.0,4.0,660.0,531.0,35.0,28.0,62.0,27.0,89.0,11.0,5,2,7
436366465098-1,1.0,0.0,1.0,0.0,1.0,0.0,1.0,0.0,-5.0,-5.0,-5.0,-5.0,-25.0,-20.0,-45.0,-1.0,6.0,5.0,6.0,5.0,26.0,20.0,46.0,1.0,226.0,187.0,11.0,11.0,31.0,20.0,51.0,6.0,1,1,2
443254717292-1,0.0,-1.0,0.0,-1.0,1.0,1.0,2.0,2.0,-10.0,-8.0,-10.0,-8.0,-10.0,0.0,-10.0,0.0,10.0,7.0,10.0,7.0,11.0,1.0,12.0,2.0,391.0,289.0,22.0,17.0,23.0,1.0,24.0,6.0,1,2,3
447829790275-1,0.0,0.0,0.0,0.0,0.0,0.0,0.0,0.0,-1.0,-1.0,-1.0,-1.0,-1.0,0.0,-1.0,0.0,1.0,1.0,1.0,1.0,1.0,0.0,1.0,0.0,2.0,2.0,2.0,2.0,2.0,0.0,2.0,1.0,2,1,3
45020413971-1,0.0,0.0,0.0,0.0,1.0,1.0,2.0,1.0,0.0,0.0,0.0,0.0,-1.0,-1.0,-2.0,-1.0,0.0,0.0,0.0,0.0,2.0,2.0,4.0,2.0,101.0,73.0,0.0,0.0,2.0,2.0,4.0,2.0,1,3,4
45123200806-1,-213.0,-175.0,-213.0,-175.0,-14.0,199.0,185.0,-5.0,120.0,58.0,120.0,58.0,48.0,-72.0,-24.0,-6.0,-333.0,-233.0,-333.0,-233.0,-62.0,271.0,209.0,1.0,804.0,626.0,-107.0,-94.0,17.0,124.0,141.0,9.0,2,6,8
453683683380-1,0.0,0.0,0.0,0.0,1.0,1.0,2.0,1.0,5.0,5.0,5.0,5.0,-1.0,-6.0,-7.0,-2.0,-5.0,-5.0,-5.0,-5.0,2.0,7.0,9.0,3.0,591.0,540.0,-5.0,-5.0,2.0,7.0,9.0,3.0,1,1,2
455519918518-1,-1.0,-1.0,-1.0,-1.0,2.0,3.0,5.0,2.0,-9.0,-7.0,-9.0,-7.0,-18.0,-9.0,-27.0,-4.0,8.0,6.0,8.0,6.0,20.0,12.0,32.0,6.0,220.0,183.0,8.0,6.0,19.0,11.0,30.0,5.0,4,1,5
457742052412-1,-18.0,-15.0,-18.0,-15.0,-14.0,4.0,-10.0,1.0,-50.0,-51.0,-50.0,-51.0,-54.0,-4.0,-58.0,-1.0,32.0,36.0,32.0,36.0,40.0,8.0,48.0,2.0,186.0,153.0,115.0,97.0,130.0,15.0,145.0,3.0,12,4,16
464900646413-1,-423.0,-382.0,-423.0,-382.0,-460.0,-37.0,-497.0,-21.0,-108.0,-125.0,-108.0,-125.0,-462.0,-354.0,-816.0,-23.0,-315.0,-257.0,-315.0,-257.0,2.0,317.0,319.0,2.0,1910.0,1550.0,108.0,125.0,464.0,356.0,820.0,25.0,13,2,15
465076645771-1,-7.0,-2.0,-7.0,-2.0,0.0,7.0,7.0,0.0,-119.0,-101.0,-119.0,-101.0,-138.0,-19.0,-157.0,-4.0,112.0,99.0,112.0,99.0,138.0,26.0,164.0,4.0,387.0,325.0,123.0,105.0,168.0,45.0,213.0,8.0,7,1,8
465318928594-1,0.0,0.0,0.0,0.0,-1.0,-1.0,-2.0,-1.0,3.0,3.0,3.0,3.0,3.0,0.0,3.0,1.0,-3.0,-3.0,-3.0,-3.0,-4.0,-1.0,-5.0,-2.0,421.0,321.0,-5.0,-2.0,6.0,11.0,17.0,5.0,4,2,6
469334552230-1,-1.0,0.0,-1.0,0.0,-1.0,0.0,-1.0,0.0,-11.0,-9.0,-11.0,-9.0,-11.0,0.0,-11.0,0.0,10.0,9.0,10.0,9.0,10.0,0.0,10.0,0.0,58.0,40.0,58.0,40.0,58.0,0.0,58.0,1.0,22,2,24
471473055317-1,-22.0,-22.0,-22.0,-22.0,-23.0,-1.0,-24.0,-1.0,-11.0,-11.0,-11.0,-11.0,-13.0,-2.0,-15.0,0.0,-11.0,-11.0,-11.0,-11.0,-10.0,1.0,-9.0,-1.0,202.0,189.0,26.0,26.0,28.0,2.0,30.0,4.0,3,1,4
471979962580-1,-8.0,5.0,-8.0,5.0,-22.0,-14.0,-36.0,-2.0,-96.0,-69.0,-96.0,-69.0,-123.0,-27.0,-150.0,-4.0,88.0,74.0,88.0,74.0,101.0,13.0,114.0,2.0,357.0,300.0,134.0,106.0,164.0,30.0,194.0,9.0,1,9,10
472663786750-1,-1.0,-1.0,-1.0,-1.0,-2.0,-1.0,-3.0,-2.0,-4.0,-4.0,-4.0,-4.0,-8.0,-4.0,-12.0,-1.0,3.0,3.0,3.0,3.0,6.0,3.0,9.0,-1.0,453.0,350.0,21.0,17.0,34.0,13.0,47.0,8.0,1,2,3
472873765214-1,16.0,13.0,16.0,13.0,16.0,0.0,16.0,-1.0,-12.0,-9.0,-12.0,-9.0,-16.0,-4.0,-20.0,-3.0,28.0,22.0,28.0,22.0,32.0,4.0,36.0,2.0,745.0,617.0,13.0,10.0,25.0,12.0,37.0,8.0,3,2,5
475948833413-1,-1.0,0.0,-1.0,0.0,-1.0,0.0,-1.0,0.0,-75.0,-65.0,-75.0,-65.0,-87.0,-12.0,-99.0,-1.0,74.0,65.0,74.0,65.0,86.0,12.0,98.0,1.0,110.0,92.0,76.0,66.0,88.0,12.0,100.0,2.0,8,3,11
484078980058-1,-144.0,-122.0,-144.0,-122.0,-170.0,-26.0,-196.0,-7.0,-283.0,-218.0,-283.0,-218.0,-328.0,-45.0,-373.0,-2.0,139.0,96.0,139.0,96.0,158.0,19.0,177.0,-5.0,1346.0,1069.0,335.0,260.0,398.0,63.0,461.0,15.0,8,4,12
487745008256-1,-9.0,-11.0,-9.0,-11.0,0.0,9.0,9.0,-2.0,4.0,7.0,4.0,7.0,-112.0,-116.0,-228.0,-5.0,-13.0,-18.0,-13.0,-18.0,112.0,125.0,237.0,3.0,398.0,331.0,3.0,0.0,123.0,120.0,243.0,9.0,5,11,16
488112880526-1,2.0,0.0,2.0,0.0,2.0,0.0,2.0,1.0,-5.0,-6.0,-5.0,-6.0,-10.0,-5.0,-15.0,-4.0,7.0,6.0,7.0,6.0,12.0,5.0,17.0,5.0,192.0,151.0,5.0,6.0,11.0,6.0,17.0,5.0,3,8,11
492094294886-1,-2.0,0.0,-2.0,0.0,-1.0,1.0,0.0,1.0,-6.0,-3.0,-6.0,-3.0,-6.0,0.0,-6.0,0.0,4.0,3.0,4.0,3.0,5.0,1.0,6.0,1.0,213.0,166.0,10.0,6.0,10.0,0.0,10.0,1.0,10,2,12
495583195657-1,0.0,1.0,0.0,1.0,1.0,1.0,2.0,0.0,0.0,1.0,0.0,1.0,0.0,0.0,0.0,0.0,0.0,0.0,0.0,0.0,1.0,1.0,2.0,0.0,40.0,38.0,2.0,1.0,2.0,0.0,2.0,2.0,3,1,4
506396780306-1,0.0,0.0,0.0,0.0,1.0,1.0,2.0,0.0,8.0,-2.0,8.0,-2.0,-6.0,-14.0,-20.0,-1.0,-8.0,2.0,-8.0,2.0,7.0,15.0,22.0,1.0,50.0,41.0,-10.0,2.0,6.0,16.0,22.0,2.0,1,2,3
50897849942-1,0.0,0.0,0.0,0.0,1.0,1.0,2.0,1.0,-2.0,-2.0,-2.0,-2.0,-2.0,0.0,-2.0,0.0,2.0,2.0,2.0,2.0,3.0,1.0,4.0,1.0,70.0,57.0,4.0,4.0,4.0,0.0,4.0,2.0,3,1,4
511088739143-1,-27.0,-20.0,-27.0,-20.0,-13.0,14.0,1.0,4.0,-12.0,-11.0,-12.0,-11.0,-25.0,-13.0,-38.0,-3.0,-15.0,-9.0,-15.0,-9.0,12.0,27.0,39.0,7.0,523.0,379.0,31.0,23.0,52.0,21.0,73.0,7.0,2,2,4
511196211160-1,212.0,192.0,212.0,192.0,16.0,-196.0,-180.0,3.0,221.0,196.0,221.0,196.0,23.0,-198.0,-175.0,2.0,-9.0,-4.0,-9.0,-4.0,-7.0,2.0,-5.0,1.0,162.0,84.0,-177.0,-161.0,24.0,201.0,225.0,6.0,15,1,16
511600122325-1,0.0,0.0,0.0,0.0,1.0,1.0,2.0,1.0,0.0,0.0,0.0,0.0,0.0,0.0,0.0,0.0,0.0,0.0,0.0,0.0,1.0,1.0,2.0,1.0,269.0,217.0,2.0,2.0,4.0,2.0,6.0,3.0,2,2,4
514749726947-1,-54.0,-36.0,-54.0,-36.0,-22.0,32.0,10.0,0.0,-104.0,-79.0,-104.0,-79.0,-125.0,-21.0,-146.0,-4.0,50.0,43.0,50.0,43.0,103.0,53.0,156.0,4.0,599.0,499.0,105.0,80.0,132.0,27.0,159.0,9.0,3,1,4
514967041401-1,46.0,57.0,46.0,57.0,16.0,-30.0,-14.0,-2.0,380.0,325.0,380.0,325.0,-33.0,-413.0,-446.0,-12.0,-334.0,-268.0,-334.0,-268.0,49.0,383.0,432.0,10.0,686.0,581.0,-376.0,-321.0,39.0,415.0,454.0,14.0,5,9,14
516357586965-1,-174.0,-133.0,-174.0,-133.0,-181.0,-7.0,-188.0,-11.0,-46.0,-33.0,-46.0,-33.0,-164.0,-118.0,-282.0,-8.0,-128.0,-100.0,-128.0,-100.0,-17.0,111.0,94.0,-3.0,1843.0,1549.0,54.0,41.0,182.0,128.0,310.0,12.0,21,1,22
519281069297-1,277.0,311.0,277.0,311.0,923.0,646.0,1569.0,-24.0,-48.0,-42.0,-48.0,-42.0,-80.0,-32.0,-112.0,-15.0,325.0,353.0,325.0,353.0,1003.0,678.0,1681.0,-9.0,921.0,729.0,48.0,48.0,248.0,200.0,448.0,25.0,1,4,5
522196544727-1,-14.0,0.0,-14.0,0.0,-15.0,-1.0,-16.0,0.0,-86.0,-58.0,-86.0,-58.0,-116.0,-30.0,-146.0,0.0,72.0,58.0,72.0,58.0,101.0,29.0,130.0,0.0,158.0,102.0,86.0,58.0,118.0,32.0,150.0,1.0,2,1,3
526181689064-1,227.0,182.0,227.0,182.0,234.0,7.0,241.0,5.0,-73.0,-59.0,-73.0,-59.0,-109.0,-36.0,-145.0,-4.0,300.0,241.0,300.0,241.0,343.0,43.0,386.0,9.0,1465.0,1171.0,30.0,24.0,134.0,104.0,238.0,12.0,2,4,6
530425607472-1,4.0,8.0,4.0,8.0,-53.0,-57.0,-110.0,-9.0,-13.0,-8.0,-13.0,-8.0,-77.0,-64.0,-141.0,-19.0,17.0,16.0,17.0,16.0,24.0,7.0,31.0,10.0,577.0,465.0,13.0,8.0,79.0,66.0,145.0,20.0,1,8,9
532004246108-1,-17.0,-17.0,-17.0,-17.0,-5.0,12.0,7.0,-2.0,-18.0,-18.0,-18.0,-18.0,-31.0,-13.0,-44.0,-9.0,1.0,1.0,1.0,1.0,26.0,25.0,51.0,7.0,419.0,313.0,18.0,18.0,34.0,16.0,50.0,12.0,1,1,2
532071276310-1,-28.0,-3.0,-28.0,-3.0,-26.0,2.0,-24.0,0.0,-159.0,-103.0,-159.0,-103.0,-170.0,-11.0,-181.0,0.0,131.0,100.0,131.0,100.0,144.0,13.0,157.0,0.0,196.0,133.0,159.0,103.0,171.0,12.0,183.0,1.0,1,4,5
532784401343-1,266.0,156.0,266.0,156.0,-245.0,-511.0,-756.0,-11.0,282.0,170.0,282.0,170.0,-226.0,-508.0,-734.0,-6.0,-16.0,-14.0,-16.0,-14.0,-19.0,-3.0,-22.0,-5.0,576.0,487.0,-266.0,-156.0,246.0,512.0,758.0,12.0,11,4,15
533140668739-1,0.0,0.0,0.0,0.0,1.0,1.0,2.0,1.0,-1.0,-1.0,-1.0,-1.0,-2.0,-1.0,-3.0,-1.0,1.0,1.0,1.0,1.0,3.0,2.0,5.0,2.0,118.0,96.0,2.0,2.0,4.0,2.0,6.0,2.0,1,1,2
534740447932-1,0.0,0.0,0.0,0.0,1.0,1.0,2.0,1.0,0.0,0.0,0.0,0.0,0.0,0.0,0.0,0.0,0.0,0.0,0.0,0.0,1.0,1.0,2.0,1.0,2193.0,1753.0,0.0,0.0,1.0,1.0,2.0,1.0,4,1,5
535144797436-1,0.0,0.0,0.0,0.0,1.0,1.0,2.0,1.0,3.0,3.0,3.0,3.0,-1.0,-4.0,-5.0,-2.0,-3.0,-3.0,-3.0,-3.0,2.0,5.0,7.0,3.0,756.0,573.0,-3.0,-3.0,2.0,5.0,7.0,3.0,8,1,9
535354647515-1,1328.0,1106.0,1328.0,1106.0,1392.0,65.0,1457.0,6.0,-34.0,-24.0,-34.0,-24.0,-45.0,-11.0,-56.0,-8.0,1362.0,1130.0,1362.0,1130.0,1437.0,76.0,1513.0,14.0,2257.0,1820.0,40.0,27.0,57.0,17.0,74.0,13.0,1,3,4
537970847603-1,3.0,0.0,3.0,0.0,1.0,-2.0,-1.0,2.0,-15.0,-14.0,-15.0,-14.0,-43.0,-28.0,-71.0,-3.0,18.0,14.0,18.0,14.0,44.0,26.0,70.0,5.0,499.0,400.0,21.0,19.0,50.0,29.0,79.0,6.0,1,1,2
542594122866-1,-36.0,-28.0,-36.0,-28.0,-11.0,25.0,14.0,1.0,1.0,1.0,1.0,1.0,0.0,-1.0,-1.0,0.0,-37.0,-29.0,-37.0,-29.0,-11.0,26.0,15.0,1.0,181.0,129.0,35.0,25.0,36.0,1.0,37.0,2.0,31,7,38
54373966743-1,4.0,3.0,4.0,3.0,2.0,-2.0,0.0,1.0,-9.0,-8.0,-9.0,-8.0,-24.0,-15.0,-39.0,-9.0,13.0,11.0,13.0,11.0,26.0,13.0,39.0,10.0,271.0,225.0,9.0,8.0,25.0,16.0,41.0,10.0,1,5,6
548700815296-1,5.0,5.0,5.0,5.0,-6.0,-11.0,-17.0,-9.0,-18.0,-15.0,-18.0,-15.0,-23.0,-5.0,-28.0,-2.0,23.0,20.0,23.0,20.0,17.0,-6.0,11.0,-7.0,1032.0,769.0,-27.0,-27.0,51.0,78.0,129.0,22.0,36,5,41
552143295550-1,-13.0,-9.0,-13.0,-9.0,-13.0,0.0,-13.0,0.0,-13.0,-9.0,-13.0,-9.0,-13.0,0.0,-13.0,0.0,0.0,0.0,0.0,0.0,0.0,0.0,0.0,0.0,299.0,208.0,299.0,208.0,299.0,0.0,299.0,1.0,22,2,24
555381121741-1,-121.0,-104.0,-121.0,-104.0,-167.0,-46.0,-213.0,2.0,-79.0,-77.0,-79.0,-77.0,-120.0,-41.0,-161.0,1.0,-42.0,-27.0,-42.0,-27.0,-47.0,-5.0,-52.0,1.0,274.0,212.0,69.0,58.0,246.0,177.0,423.0,1.0,3,15,18
560535484520-1,4.0,1.0,4.0,1.0,-1.0,-5.0,-6.0,1.0,-8.0,-10.0,-8.0,-10.0,-21.0,-13.0,-34.0,-1.0,12.0,11.0,12.0,11.0,20.0,8.0,28.0,2.0,312.0,240.0,8.0,10.0,24.0,16.0,40.0,4.0,1,1,2
565830903795-1,0.0,0.0,0.0,0.0,0.0,0.0,0.0,0.0,0.0,0.0,0.0,0.0,0.0,0.0,0.0,0.0,0.0,0.0,0.0,0.0,0.0,0.0,0.0,0.0,19.0,4.0,0.0,0.0,1.0,1.0,2.0,1.0,1,1,2
569274523594-1,-436.0,0.0,-436.0,0.0,16.0,439.0,455.0,-5.0,6.0,3.0,6.0,3.0,9.0,-10.0,-1.0,-2.0,-442.0,-3.0,-442.0,-3.0,7.0,449.0,456.0,-3.0,872.0,384.0,26.0,10.0,25.0,12.0,37.0,6.0,7,1,8
575333688393-1,54.0,55.0,54.0,55.0,760.0,706.0,1466.0,-17.0,-24.0,-19.0,-24.0,-19.0,-30.0,-6.0,-36.0,-9.0,78.0,74.0,78.0,74.0,790.0,712.0,1502.0,-8.0,750.0,652.0,-1.0,-2.0,43.0,44.0,87.0,18.0,1,6,7
575884605337-1,18.0,17.0,18.0,17.0,15.0,-3.0,12.0,0.0,-7.0,-4.0,-7.0,-4.0,-7.0,0.0,-7.0,-2.0,25.0,21.0,25.0,21.0,22.0,-3.0,19.0,2.0,654.0,520.0,16.0,7.0,34.0,18.0,52.0,11.0,5,2,7
585789884320-1,-18.0,-16.0,-18.0,-16.0,-67.0,-49.0,-116.0,-12.0,-19.0,-17.0,-19.0,-17.0,-54.0,-35.0,-89.0,-17.0,1.0,1.0,1.0,1.0,-13.0,-14.0,-27.0,5.0,3165.0,2757.0,52.0,35.0,117.0,65.0,182.0,24.0,4,3,7
591583863134-1,-305.0,-248.0,-305.0,-248.0,-8.0,292.0,284.0,-5.0,-72.0,-63.0,-72.0,-63.0,-72.0,0.0,-72.0,-1.0,-233.0,-185.0,-233.0,-185.0,64.0,292.0,356.0,-4.0,659.0,554.0,75.0,66.0,82.0,7.0,89.0,9.0,1,2,3
59244557910-1,-3.0,-3.0,-3.0,-3.0,0.0,3.0,3.0,2.0,50.0,50.0,50.0,50.0,-1.0,-51.0,-52.0,0.0,-53.0,-53.0,-53.0,-53.0,1.0,54.0,55.0,2.0,235.0,218.0,-81.0,-80.0,2.0,83.0,85.0,3.0,2,2,4
592539767353-1,0.0,0.0,0.0,0.0,0.0,0.0,0.0,0.0,-2.0,-2.0,-2.0,-2.0,-2.0,0.0,-2.0,0.0,2.0,2.0,2.0,2.0,2.0,0.0,2.0,0.0,3.0,3.0,2.0,2.0,3.0,1.0,4.0,1.0,6,40,46
593078780227-1,-5.0,-3.0,-5.0,-3.0,-5.0,0.0,-5.0,0.0,,,,,,,,,,,,,,,,,608.0,535.0,608.0,535.0,608.0,0.0,608.0,1.0,6,1,7
594353169005-1,2.0,1.0,2.0,1.0,-2.0,-4.0,-6.0,0.0,8.0,1.0,8.0,1.0,4.0,-4.0,0.0,0.0,-6.0,0.0,-6.0,0.0,-6.0,0.0,-6.0,0.0,45.0,33.0,11.0,9.0,16.0,5.0,21.0,2.0,11,20,31
597032650655-1,-264.0,-223.0,-264.0,-223.0,22.0,286.0,308.0,5.0,2.0,1.0,2.0,1.0,-6.0,-8.0,-14.0,-3.0,-266.0,-224.0,-266.0,-224.0,28.0,294.0,322.0,8.0,1910.0,1519.0,1.0,3.0,31.0,30.0,61.0,8.0,1,1,2
607976624665-1,-1776.0,-1432.0,-1776.0,-1432.0,-121.0,1655.0,1534.0,9.0,-49.0,-38.0,-49.0,-38.0,-52.0,-3.0,-55.0,-2.0,-1727.0,-1394.0,-1727.0,-1394.0,-69.0,1658.0,1589.0,11.0,4302.0,3367.0,181.0,146.0,184.0,3.0,187.0,4.0,2,2,4
609571880024-1,5.0,5.0,5.0,5.0,3.0,-2.0,1.0,1.0,-1.0,-1.0,-1.0,-1.0,-1.0,0.0,-1.0,0.0,6.0,6.0,6.0,6.0,4.0,-2.0,2.0,1.0,1276.0,976.0,-1.0,-1.0,2.0,3.0,5.0,2.0,4,3,7
610166884431-1,0.0,0.0,0.0,0.0,0.0,0.0,0.0,0.0,0.0,0.0,0.0,0.0,0.0,0.0,0.0,0.0,0.0,0.0,0.0,0.0,0.0,0.0,0.0,0.0,1.0,1.0,0.0,0.0,1.0,1.0,2.0,1.0,328,1,329
61514164703-1,5.0,13.0,5.0,13.0,-41.0,-46.0,-87.0,-1.0,-37.0,-18.0,-37.0,-18.0,-94.0,-57.0,-151.0,-5.0,42.0,31.0,42.0,31.0,53.0,11.0,64.0,4.0,541.0,365.0,58.0,27.0,154.0,96.0,250.0,21.0,18,3,21
615959405420-1,-34.0,-24.0,-34.0,-24.0,-15.0,19.0,4.0,-1.0,-70.0,-50.0,-70.0,-50.0,-97.0,-27.0,-124.0,-6.0,36.0,26.0,36.0,26.0,82.0,46.0,128.0,5.0,317.0,279.0,91.0,70.0,119.0,28.0,147.0,8.0,1,2,3
623723613625-1,-16.0,-19.0,-16.0,-19.0,17.0,33.0,50.0,0.0,87.0,53.0,87.0,53.0,-63.0,-150.0,-213.0,-11.0,-103.0,-72.0,-103.0,-72.0,80.0,183.0,263.0,11.0,359.0,329.0,-84.0,-50.0,68.0,152.0,220.0,14.0,1,6,7
625741132951-1,-1.0,-8.0,-1.0,-8.0,5.0,6.0,11.0,-3.0,-2.0,-4.0,-2.0,-4.0,-22.0,-20.0,-42.0,-6.0,1.0,-4.0,1.0,-4.0,27.0,26.0,53.0,3.0,1006.0,877.0,1.0,3.0,24.0,23.0,47.0,8.0,1,1,2
62583018238-1,9.0,8.0,9.0,8.0,7.0,-2.0,5.0,1.0,-5.0,-6.0,-5.0,-6.0,-19.0,-14.0,-33.0,-5.0,14.0,14.0,14.0,14.0,26.0,12.0,38.0,6.0,210.0,161.0,5.0,6.0,21.0,16.0,37.0,7.0,2,2,4
629642901831-1,150.0,135.0,150.0,135.0,-190.0,-339.0,-529.0,-4.0,-49.0,-19.0,-49.0,-19.0,-183.0,-134.0,-317.0,-9.0,199.0,154.0,199.0,154.0,-7.0,-205.0,-212.0,5.0,2216.0,1794.0,8.0,-8.0,389.0,381.0,770.0,17.0,5,3,8
632809182375-1,-13.0,-14.0,-13.0,-14.0,-18.0,-5.0,-23.0,-1.0,-85.0,-70.0,-85.0,-70.0,-95.0,-10.0,-105.0,-17.0,72.0,56.0,72.0,56.0,77.0,5.0,82.0,16.0,1969.0,1656.0,102.0,87.0,118.0,16.0,134.0,27.0,21,2,23
633246057513-1,45.0,39.0,45.0,39.0,-18.0,-63.0,-81.0,-6.0,86.0,70.0,86.0,70.0,-104.0,-190.0,-294.0,-10.0,-41.0,-31.0,-41.0,-31.0,86.0,127.0,213.0,4.0,323.0,254.0,-86.0,-70.0,106.0,192.0,298.0,12.0,2,1,3
635498437105-1,-32.0,-14.0,-32.0,-14.0,-66.0,-34.0,-100.0,0.0,-92.0,-65.0,-92.0,-65.0,-110.0,-18.0,-128.0,-4.0,60.0,51.0,60.0,51.0,44.0,-16.0,28.0,4.0,206.0,151.0,71.0,48.0,128.0,57.0,185.0,7.0,7,1,8
640504300320-1,0.0,0.0,0.0,0.0,1.0,1.0,2.0,1.0,0.0,0.0,0.0,0.0,-5.0,-5.0,-10.0,-2.0,0.0,0.0,0.0,0.0,6.0,6.0,12.0,3.0,192.0,155.0,2.0,2.0,7.0,5.0,12.0,4.0,1,3,4
644391574614-1,-3.0,-1.0,-3.0,-1.0,-1.0,2.0,1.0,0.0,-6.0,-3.0,-6.0,-3.0,-4.0,2.0,-2.0,0.0,3.0,2.0,3.0,2.0,3.0,0.0,3.0,0.0,45.0,32.0,-4.0,-6.0,9.0,13.0,22.0,2.0,1,1,2
646490606670-1,-1128.0,-305.0,-1128.0,-305.0,-949.0,179.0,-770.0,-84.0,-21.0,-14.0,-21.0,-14.0,-79.0,-58.0,-137.0,-6.0,-1107.0,-291.0,-1107.0,-291.0,-870.0,237.0,-633.0,-78.0,6535.0,4967.0,923.0,125.0,993.0,70.0,1063.0,103.0,3,5,8
647710087674-1,-1.0,3.0,-1.0,3.0,-3.0,-2.0,-5.0,-1.0,-60.0,-49.0,-60.0,-49.0,-69.0,-9.0,-78.0,-5.0,59.0,52.0,59.0,52.0,66.0,7.0,73.0,4.0,458.0,361.0,59.0,48.0,75.0,16.0,91.0,8.0,4,7,11
651031498269-1,-1382.0,-1079.0,-1382.0,-1079.0,-213.0,1169.0,956.0,-1.0,39.0,33.0,39.0,33.0,-192.0,-231.0,-423.0,-19.0,-1421.0,-1112.0,-1421.0,-1112.0,-21.0,1400.0,1379.0,18.0,11877.0,9228.0,12.0,9.0,254.0,242.0,496.0,28.0,20,2,22
663221431289-1,-252.0,-182.0,-252.0,-182.0,-277.0,-25.0,-302.0,-19.0,-104.0,-81.0,-104.0,-81.0,-161.0,-57.0,-218.0,-12.0,-148.0,-101.0,-148.0,-101.0,-116.0,32.0,-84.0,-7.0,2483.0,2064.0,215.0,156.0,299.0,84.0,383.0,29.0,16,15,31
663957355663-1,-77.0,-68.0,-77.0,-68.0,-140.0,-63.0,-203.0,-11.0,-54.0,-42.0,-54.0,-42.0,-98.0,-44.0,-142.0,-14.0,-23.0,-26.0,-23.0,-26.0,-42.0,-19.0,-61.0,3.0,1500.0,1312.0,107.0,90.0,187.0,80.0,267.0,18.0,11,6,17
664190296136-1,0.0,0.0,0.0,0.0,1.0,1.0,2.0,1.0,0.0,0.0,0.0,0.0,0.0,0.0,0.0,0.0,0.0,0.0,0.0,0.0,1.0,1.0,2.0,1.0,2193.0,1753.0,0.0,0.0,1.0,1.0,2.0,1.0,2,1,3
671638652582-1,3.0,4.0,3.0,4.0,-4.0,-7.0,-11.0,0.0,3.0,4.0,3.0,4.0,-5.0,-8.0,-13.0,-1.0,0.0,0.0,0.0,0.0,1.0,1.0,2.0,1.0,479.0,332.0,-3.0,-4.0,6.0,9.0,15.0,2.0,1,4,5
673047778423-1,-11.0,-12.0,-11.0,-12.0,-20.0,-9.0,-29.0,-3.0,-52.0,-44.0,-52.0,-44.0,-89.0,-37.0,-126.0,-8.0,41.0,32.0,41.0,32.0,69.0,28.0,97.0,5.0,570.0,448.0,54.0,46.0,100.0,46.0,146.0,11.0,3,1,4
673559769890-1,-8.0,-8.0,-8.0,-8.0,-10.0,-2.0,-12.0,1.0,-28.0,-24.0,-28.0,-24.0,-43.0,-15.0,-58.0,-3.0,20.0,16.0,20.0,16.0,33.0,13.0,46.0,4.0,135.0,116.0,43.0,39.0,60.0,17.0,77.0,4.0,1,2,3
673955933836-1,-1108.0,-849.0,-1108.0,-849.0,-1145.0,-37.0,-1182.0,-4.0,-1099.0,-841.0,-1099.0,-841.0,-1138.0,-39.0,-1177.0,-5.0,-9.0,-8.0,-9.0,-8.0,-7.0,2.0,-5.0,1.0,1576.0,1242.0,1109.0,850.0,1148.0,39.0,1187.0,7.0,1,5,6
675921593113-1,-4.0,-8.0,-4.0,-8.0,-5.0,-1.0,-6.0,-4.0,-48.0,-43.0,-48.0,-43.0,-65.0,-17.0,-82.0,-13.0,44.0,35.0,44.0,35.0,60.0,16.0,76.0,9.0,688.0,551.0,50.0,44.0,69.0,19.0,88.0,16.0,11,6,17
678168735747-1,-3.0,-2.0,-3.0,-2.0,-4.0,-1.0,-5.0,-1.0,-1.0,0.0,-1.0,0.0,-4.0,-3.0,-7.0,-3.0,-2.0,-2.0,-2.0,-2.0,0.0,2.0,2.0,2.0,282.0,250.0,1.0,0.0,7.0,6.0,13.0,4.0,1,1,2
681409393008-1,-144.0,-103.0,-144.0,-103.0,-166.0,-22.0,-188.0,-13.0,-50.0,-40.0,-50.0,-40.0,-58.0,-8.0,-66.0,-5.0,-94.0,-63.0,-94.0,-63.0,-108.0,-14.0,-122.0,-8.0,675.0,494.0,136.0,96.0,175.0,39.0,214.0,19.0,9,2,11
682118651221-1,1.0,-1.0,1.0,-1.0,-10.0,-11.0,-21.0,0.0,0.0,0.0,0.0,0.0,0.0,0.0,0.0,0.0,1.0,-1.0,1.0,-1.0,-10.0,-11.0,-21.0,0.0,414.0,348.0,53.0,47.0,106.0,53.0,159.0,14.0,2,1,3
691128606145-1,16.0,15.0,16.0,15.0,17.0,1.0,18.0,1.0,0.0,0.0,0.0,0.0,0.0,0.0,0.0,0.0,16.0,15.0,16.0,15.0,17.0,1.0,18.0,1.0,212.0,168.0,0.0,0.0,1.0,1.0,2.0,1.0,1,1,2
703586668030-1,0.0,-1.0,0.0,-1.0,15.0,15.0,30.0,-2.0,-34.0,-29.0,-34.0,-29.0,-48.0,-14.0,-62.0,-3.0,34.0,28.0,34.0,28.0,63.0,29.0,92.0,1.0,301.0,237.0,34.0,29.0,49.0,15.0,64.0,4.0,5,1,6
707608676459-1,-3.0,-3.0,-3.0,-3.0,-2.0,1.0,-1.0,1.0,-3.0,-3.0,-3.0,-3.0,-3.0,0.0,-3.0,0.0,0.0,0.0,0.0,0.0,1.0,1.0,2.0,1.0,171.0,137.0,39.0,39.0,39.0,0.0,39.0,4.0,37,16,53
707880098889-1,-182.0,-167.0,-182.0,-167.0,-170.0,12.0,-158.0,-12.0,-131.0,-131.0,-131.0,-131.0,-150.0,-19.0,-169.0,-18.0,-51.0,-36.0,-51.0,-36.0,-20.0,31.0,11.0,6.0,1791.0,1456.0,280.0,257.0,304.0,24.0,328.0,25.0,7,7,14
70855665513-1,-24.0,-18.0,-24.0,-18.0,0.0,24.0,24.0,-2.0,-71.0,-57.0,-71.0,-57.0,-64.0,7.0,-57.0,-2.0,47.0,39.0,47.0,39.0,64.0,17.0,81.0,0.0,120.0,91.0,45.0,37.0,65.0,20.0,85.0,4.0,5,1,6
714623862778-1,14.0,15.0,14.0,15.0,-11.0,-25.0,-36.0,-4.0,14.0,16.0,14.0,16.0,-34.0,-48.0,-82.0,-12.0,0.0,-1.0,0.0,-1.0,23.0,23.0,46.0,8.0,960.0,812.0,-13.0,-15.0,42.0,55.0,97.0,16.0,1,2,3
715487243634-1,-78.0,-66.0,-78.0,-66.0,13.0,91.0,104.0,2.0,-47.0,-35.0,-47.0,-35.0,-55.0,-8.0,-63.0,-4.0,-31.0,-31.0,-31.0,-31.0,68.0,99.0,167.0,6.0,444.0,320.0,45.0,34.0,61.0,16.0,77.0,7.0,3,1,4
717165363979-1,49.0,47.0,49.0,47.0,-126.0,-175.0,-301.0,-11.0,49.0,48.0,49.0,48.0,-102.0,-151.0,-253.0,-6.0,0.0,-1.0,0.0,-1.0,-24.0,-24.0,-48.0,-5.0,1015.0,822.0,-47.0,-46.0,130.0,177.0,307.0,14.0,8,1,9
719279406899-1,-4.0,-4.0,-4.0,-4.0,-4.0,0.0,-4.0,0.0,-16.0,-16.0,-16.0,-16.0,-38.0,-22.0,-60.0,1.0,12.0,12.0,12.0,12.0,34.0,22.0,56.0,-1.0,72.0,64.0,20.0,20.0,42.0,22.0,64.0,1.0,2,4,6
722989476529-1,1.0,-2.0,1.0,-2.0,0.0,-1.0,-1.0,1.0,2.0,0.0,2.0,0.0,-3.0,-5.0,-8.0,-1.0,-1.0,-2.0,-1.0,-2.0,3.0,4.0,7.0,2.0,207.0,141.0,-2.0,0.0,5.0,7.0,12.0,3.0,1,1,2
731412667487-1,2.0,2.0,2.0,2.0,3.0,1.0,4.0,1.0,-4.0,-4.0,-4.0,-4.0,-7.0,-3.0,-10.0,-3.0,6.0,6.0,6.0,6.0,10.0,4.0,14.0,4.0,150.0,111.0,4.0,4.0,9.0,5.0,14.0,5.0,8,9,17
731677227344-1,1.0,0.0,1.0,0.0,2.0,1.0,3.0,1.0,-7.0,-7.0,-7.0,-7.0,-7.0,0.0,-7.0,-1.0,8.0,7.0,8.0,7.0,9.0,1.0,10.0,2.0,182.0,154.0,15.0,15.0,15.0,0.0,15.0,3.0,4,1,5
731986363195-1,-15.0,1.0,-15.0,1.0,-10.0,5.0,-5.0,4.0,0.0,4.0,0.0,4.0,-5.0,-5.0,-10.0,-2.0,-15.0,-3.0,-15.0,-3.0,-5.0,10.0,5.0,6.0,2224.0,1695.0,52.0,19.0,62.0,10.0,72.0,6.0,7,2,9
734603544380-1,0.0,0.0,0.0,0.0,1.0,1.0,2.0,1.0,1.0,0.0,1.0,0.0,1.0,0.0,1.0,0.0,-1.0,0.0,-1.0,0.0,0.0,1.0,1.0,1.0,390.0,304.0,29.0,24.0,60.0,31.0,91.0,11.0,1,1,2
735231114446-1,133.0,107.0,133.0,107.0,121.0,-12.0,109.0,-1.0,-1.0,-1.0,-1.0,-1.0,-1.0,0.0,-1.0,-1.0,134.0,108.0,134.0,108.0,122.0,-12.0,110.0,0.0,329.0,249.0,29.0,21.0,53.0,24.0,77.0,8.0,6,5,11
735879312643-1,-5.0,-4.0,-5.0,-4.0,-4.0,1.0,-3.0,1.0,-27.0,-25.0,-27.0,-25.0,-32.0,-5.0,-37.0,-1.0,22.0,21.0,22.0,21.0,28.0,6.0,34.0,2.0,234.0,185.0,30.0,27.0,37.0,7.0,44.0,2.0,5,1,6
738093286140-1,3.0,0.0,3.0,0.0,-3.0,-6.0,-9.0,-1.0,-13.0,-13.0,-13.0,-13.0,-67.0,-54.0,-121.0,-5.0,16.0,13.0,16.0,13.0,64.0,48.0,112.0,4.0,177.0,123.0,14.0,14.0,69.0,55.0,124.0,6.0,3,1,4
740269697209-1,26.0,24.0,26.0,24.0,35.0,9.0,44.0,0.0,13.0,19.0,13.0,19.0,-63.0,-76.0,-139.0,-6.0,13.0,5.0,13.0,5.0,98.0,85.0,183.0,6.0,531.0,394.0,31.0,24.0,116.0,85.0,201.0,11.0,5,2,7
744222733865-1,0.0,0.0,0.0,0.0,0.0,0.0,0.0,0.0,0.0,0.0,0.0,0.0,-1.0,-1.0,-2.0,0.0,0.0,0.0,0.0,0.0,1.0,1.0,2.0,0.0,152.0,122.0,2.0,2.0,3.0,1.0,4.0,2.0,1,1,2
744412747774-1,0.0,0.0,0.0,0.0,1.0,1.0,2.0,2.0,-4.0,-2.0,-4.0,-2.0,-11.0,-7.0,-18.0,-2.0,4.0,2.0,4.0,2.0,12.0,8.0,20.0,4.0,441.0,356.0,-48.0,-42.0,11.0,59.0,70.0,7.0,1,2,3
744790156574-1,-21.0,-15.0,-21.0,-15.0,-13.0,8.0,-5.0,-3.0,-108.0,-78.0,-108.0,-78.0,-112.0,-4.0,-116.0,-4.0,87.0,63.0,87.0,63.0,99.0,12.0,111.0,1.0,234.0,165.0,122.0,87.0,139.0,17.0,156.0,7.0,2,1,3
745011378403-1,-478.0,-409.0,-478.0,-409.0,3.0,481.0,484.0,2.0,0.0,0.0,0.0,0.0,-1.0,-1.0,-2.0,0.0,-478.0,-409.0,-478.0,-409.0,4.0,482.0,486.0,2.0,2107.0,1688.0,10.0,7.0,13.0,3.0,16.0,3.0,11,3,14
753991249289-1,-788.0,-610.0,-788.0,-610.0,-523.0,265.0,-258.0,-32.0,-561.0,-453.0,-561.0,-453.0,-590.0,-29.0,-619.0,-47.0,-227.0,-157.0,-227.0,-157.0,67.0,294.0,361.0,15.0,3353.0,2641.0,561.0,451.0,592.0,31.0,623.0,48.0,2,20,22
757497039796-1,-75.0,-62.0,-75.0,-62.0,-120.0,-45.0,-165.0,-9.0,-194.0,-159.0,-194.0,-159.0,-192.0,2.0,-190.0,0.0,119.0,97.0,119.0,97.0,72.0,-47.0,25.0,-9.0,996.0,760.0,226.0,178.0,280.0,54.0,334.0,18.0,6,4,10
758024463737-1,-195.0,-157.0,-195.0,-157.0,10.0,205.0,215.0,0.0,26.0,27.0,26.0,27.0,1.0,-25.0,-24.0,1.0,-221.0,-184.0,-221.0,-184.0,9.0,230.0,239.0,-1.0,802.0,658.0,136.0,107.0,170.0,34.0,204.0,9.0,23,1,24
758171840124-1,0.0,0.0,0.0,0.0,1.0,1.0,2.0,1.0,0.0,0.0,0.0,0.0,-1.0,-1.0,-2.0,0.0,0.0,0.0,0.0,0.0,2.0,2.0,4.0,1.0,43.0,41.0,1.0,1.0,2.0,1.0,3.0,1.0,3,1,4
760531777836-1,-82.0,-50.0,-82.0,-50.0,-238.0,-156.0,-394.0,3.0,-65.0,-39.0,-65.0,-39.0,-216.0,-151.0,-367.0,1.0,-17.0,-11.0,-17.0,-11.0,-22.0,-5.0,-27.0,2.0,312.0,237.0,83.0,51.0,248.0,165.0,413.0,3.0,23,2,25
763264056063-1,-8.0,-4.0,-8.0,-4.0,-14.0,-6.0,-20.0,-1.0,-88.0,-69.0,-88.0,-69.0,-167.0,-79.0,-246.0,-13.0,80.0,65.0,80.0,65.0,153.0,73.0,226.0,12.0,530.0,410.0,90.0,71.0,170.0,80.0,250.0,15.0,2,30,32
764566398366-1,-2.0,-2.0,-2.0,-2.0,-5.0,-3.0,-8.0,1.0,-9.0,-7.0,-9.0,-7.0,-52.0,-43.0,-95.0,-6.0,7.0,5.0,7.0,5.0,47.0,40.0,87.0,7.0,248.0,203.0,9.0,8.0,54.0,45.0,99.0,7.0,3,3,6
767230921903-1,-2537.0,-2095.0,-2537.0,-2095.0,-122.0,2415.0,2293.0,-28.0,643.0,517.0,643.0,517.0,-118.0,-761.0,-879.0,-25.0,-3180.0,-2612.0,-3180.0,-2612.0,-4.0,3176.0,3172.0,-3.0,2538.0,2096.0,-642.0,-516.0,123.0,765.0,888.0,29.0,12,3,15
771840893862-1,15.0,8.0,15.0,8.0,-31.0,-46.0,-77.0,-7.0,11.0,9.0,11.0,9.0,-60.0,-71.0,-131.0,-15.0,4.0,-1.0,4.0,-1.0,29.0,25.0,54.0,8.0,698.0,592.0,-7.0,-6.0,65.0,72.0,137.0,19.0,4,8,12
771909458032-1,-18.0,-18.0,-18.0,-18.0,-8.0,10.0,2.0,-2.0,-6.0,-6.0,-6.0,-6.0,-19.0,-13.0,-32.0,-2.0,-12.0,-12.0,-12.0,-12.0,11.0,23.0,34.0,0.0,231.0,225.0,33.0,33.0,68.0,35.0,103.0,7.0,6,3,9
772159538212-1,420.0,364.0,420.0,364.0,288.0,-131.0,157.0,-4.0,-17.0,-3.0,-17.0,-3.0,-137.0,-120.0,-257.0,-11.0,437.0,367.0,437.0,367.0,425.0,-11.0,414.0,7.0,2238.0,1821.0,71.0,46.0,348.0,277.0,625.0,17.0,7,3,10
775788536799-1,-1.0,0.0,-1.0,0.0,0.0,1.0,1.0,1.0,-7.0,-5.0,-7.0,-5.0,-7.0,0.0,-7.0,0.0,6.0,5.0,6.0,5.0,7.0,1.0,8.0,1.0,508.0,457.0,9.0,6.0,9.0,0.0,9.0,1.0,9,1,10
778418369842-1,-8.0,0.0,-8.0,0.0,-7.0,1.0,-6.0,1.0,-43.0,-31.0,-43.0,-31.0,-53.0,-10.0,-63.0,-1.0,35.0,31.0,35.0,31.0,46.0,11.0,57.0,2.0,355.0,293.0,82.0,66.0,99.0,17.0,116.0,4.0,2,12,14
780836304186-1,-19.0,-6.0,-19.0,-6.0,-22.0,-3.0,-25.0,-3.0,-21.0,-16.0,-21.0,-16.0,-34.0,-13.0,-47.0,-7.0,2.0,10.0,2.0,10.0,12.0,10.0,22.0,4.0,1135.0,851.0,96.0,45.0,113.0,17.0,130.0,19.0,14,10,24
783289052658-1,-1.0,1.0,-1.0,1.0,2.0,3.0,5.0,1.0,-3.0,-3.0,-3.0,-3.0,-28.0,-25.0,-53.0,-4.0,2.0,4.0,2.0,4.0,30.0,28.0,58.0,5.0,179.0,143.0,10.0,9.0,36.0,26.0,62.0,8.0,1,1,2
783844654434-1,-78.0,-58.0,-78.0,-58.0,-112.0,-34.0,-146.0,-1.0,-86.0,-66.0,-86.0,-66.0,-114.0,-28.0,-142.0,-3.0,8.0,8.0,8.0,8.0,2.0,-6.0,-4.0,2.0,648.0,466.0,93.0,70.0,138.0,45.0,183.0,8.0,1,1,2
784518178277-1,-1.0,-5.0,-1.0,-5.0,4.0,5.0,9.0,1.0,-149.0,-115.0,-149.0,-115.0,-181.0,-32.0,-213.0,-8.0,148.0,110.0,148.0,110.0,185.0,37.0,222.0,9.0,584.0,485.0,151.0,119.0,192.0,41.0,233.0,16.0,6,2,8
785366207525-1,0.0,0.0,0.0,0.0,1.0,1.0,2.0,1.0,0.0,0.0,0.0,0.0,0.0,0.0,0.0,0.0,0.0,0.0,0.0,0.0,1.0,1.0,2.0,1.0,115.0,81.0,3.0,1.0,3.0,0.0,3.0,1.0,1,2,3
787944817684-1,2.0,0.0,2.0,0.0,3.0,1.0,4.0,1.0,-8.0,-8.0,-8.0,-8.0,-8.0,0.0,-8.0,-1.0,10.0,8.0,10.0,8.0,11.0,1.0,12.0,2.0,416.0,365.0,16.0,16.0,16.0,0.0,16.0,3.0,5,1,6
788190794177-1,-15.0,-9.0,-15.0,-9.0,-9.0,6.0,-3.0,4.0,-16.0,-9.0,-16.0,-9.0,-16.0,0.0,-16.0,-1.0,1.0,0.0,1.0,0.0,7.0,6.0,13.0,5.0,3244.0,2350.0,19.0,12.0,20.0,1.0,21.0,3.0,4,1,5
789753888745-1,-166.0,-119.0,-166.0,-119.0,-166.0,0.0,-166.0,0.0,,,,,,,,,,,,,,,,,1498.0,1222.0,1498.0,1222.0,1498.0,0.0,1498.0,1.0,3,1,4
790659170151-1,-1.0,0.0,-1.0,0.0,-1.0,0.0,-1.0,0.0,-79.0,-57.0,-79.0,-57.0,-79.0,0.0,-79.0,-1.0,78.0,57.0,78.0,57.0,78.0,0.0,78.0,1.0,196.0,156.0,85.0,62.0,89.0,4.0,93.0,4.0,3,1,4
791503251376-1,-2.0,-2.0,-2.0,-2.0,-1.0,1.0,0.0,0.0,-3.0,-2.0,-3.0,-2.0,-3.0,0.0,-3.0,-1.0,1.0,0.0,1.0,0.0,2.0,1.0,3.0,1.0,250.0,183.0,3.0,2.0,4.0,1.0,5.0,2.0,2,1,3
791684313047-1,1.0,-1.0,1.0,-1.0,2.0,1.0,3.0,0.0,-8.0,-5.0,-8.0,-5.0,-8.0,0.0,-8.0,0.0,9.0,4.0,9.0,4.0,10.0,1.0,11.0,0.0,37.0,33.0,10.0,7.0,12.0,2.0,14.0,1.0,3,2,5
794687372331-1,-1.0,0.0,-1.0,0.0,-1.0,0.0,-1.0,0.0,-1.0,-1.0,-1.0,-1.0,-1.0,0.0,-1.0,0.0,0.0,1.0,0.0,1.0,0.0,0.0,0.0,0.0,110.0,92.0,75.0,65.0,88.0,13.0,101.0,2.0,11,3,14
802604061177-1,-56.0,-41.0,-56.0,-41.0,-60.0,-4.0,-64.0,0.0,-43.0,-39.0,-43.0,-39.0,-45.0,-2.0,-47.0,1.0,-13.0,-2.0,-13.0,-2.0,-15.0,-2.0,-17.0,-1.0,276.0,199.0,76.0,48.0,146.0,70.0,216.0,6.0,5,1,6
809670489924-1,-43.0,-36.0,-43.0,-36.0,-72.0,-29.0,-101.0,1.0,-7.0,-7.0,-7.0,-7.0,111.0,118.0,229.0,-4.0,-36.0,-29.0,-36.0,-29.0,-183.0,-147.0,-330.0,5.0,1479.0,1230.0,78.0,65.0,112.0,34.0,146.0,10.0,19,5,24
813663433969-1,-4.0,-3.0,-4.0,-3.0,-7.0,-3.0,-10.0,0.0,-16.0,-13.0,-16.0,-13.0,-22.0,-6.0,-28.0,-4.0,12.0,10.0,12.0,10.0,15.0,3.0,18.0,4.0,563.0,441.0,16.0,13.0,24.0,8.0,32.0,6.0,24,1,25
813848322160-1,-33.0,-10.0,-33.0,-10.0,-33.0,0.0,-33.0,0.0,-28.0,-10.0,-28.0,-10.0,-28.0,0.0,-28.0,0.0,-5.0,0.0,-5.0,0.0,-5.0,0.0,-5.0,0.0,535.0,415.0,535.0,415.0,535.0,0.0,535.0,1.0,7,1,8
818605577439-1,-71.0,-55.0,-71.0,-55.0,1.0,72.0,73.0,0.0,0.0,0.0,0.0,0.0,-1.0,-1.0,-2.0,0.0,-71.0,-55.0,-71.0,-55.0,2.0,73.0,75.0,0.0,233.0,186.0,31.0,28.0,38.0,7.0,45.0,4.0,5,5,10
820296913979-1,-3.0,0.0,-3.0,0.0,326.0,329.0,655.0,-16.0,-56.0,-56.0,-56.0,-56.0,-66.0,-10.0,-76.0,-16.0,53.0,56.0,53.0,56.0,392.0,339.0,731.0,0.0,403.0,400.0,56.0,56.0,71.0,15.0,86.0,17.0,10,1,11
82032698342-1,-5.0,-3.0,-5.0,-3.0,-8.0,-3.0,-11.0,2.0,-121.0,-100.0,-121.0,-100.0,-138.0,-17.0,-155.0,-8.0,116.0,97.0,116.0,97.0,130.0,14.0,144.0,10.0,591.0,441.0,121.0,100.0,140.0,19.0,159.0,9.0,1,2,3
823672850127-1,0.0,0.0,0.0,0.0,1.0,1.0,2.0,0.0,2.0,1.0,2.0,1.0,-8.0,-10.0,-18.0,-1.0,-2.0,-1.0,-2.0,-1.0,9.0,11.0,20.0,1.0,78.0,50.0,-2.0,-1.0,9.0,11.0,20.0,2.0,7,2,9
831394978257-1,-8.0,6.0,-8.0,6.0,-10.0,-2.0,-12.0,1.0,-59.0,-48.0,-59.0,-48.0,-62.0,-3.0,-65.0,0.0,51.0,54.0,51.0,54.0,52.0,1.0,53.0,1.0,310.0,219.0,68.0,51.0,83.0,15.0,98.0,3.0,1,1,2
831842541379-1,-72.0,-73.0,-72.0,-73.0,-112.0,-40.0,-152.0,1.0,-235.0,-199.0,-235.0,-199.0,-228.0,7.0,-221.0,0.0,163.0,126.0,163.0,126.0,116.0,-47.0,69.0,1.0,274.0,233.0,214.0,184.0,259.0,45.0,304.0,1.0,10,5,15
838393602727-1,-11.0,0.0,-11.0,0.0,2.0,14.0,16.0,1.0,0.0,0.0,0.0,0.0,-1.0,-1.0,-2.0,-1.0,-11.0,0.0,-11.0,0.0,3.0,15.0,18.0,2.0,494.0,379.0,13.0,13.0,15.0,2.0,17.0,2.0,1,1,2
846237170206-1,5.0,0.0,5.0,0.0,-24.0,-29.0,-53.0,-9.0,-90.0,-79.0,-90.0,-79.0,-123.0,-33.0,-156.0,-18.0,95.0,79.0,95.0,79.0,99.0,4.0,103.0,9.0,1453.0,1274.0,97.0,86.0,131.0,34.0,165.0,19.0,2,20,22
846833881465-1,-154.0,-112.0,-154.0,-112.0,-314.0,-160.0,-474.0,-35.0,-169.0,-127.0,-169.0,-127.0,-172.0,-3.0,-175.0,-5.0,15.0,15.0,15.0,15.0,-142.0,-157.0,-299.0,-30.0,1746.0,1289.0,149.0,107.0,321.0,172.0,493.0,42.0,8,1,9
849984213250-1,71.0,62.0,71.0,62.0,-59.0,-130.0,-189.0,-13.0,91.0,80.0,91.0,80.0,-33.0,-124.0,-157.0,-11.0,-20.0,-18.0,-20.0,-18.0,-26.0,-6.0,-32.0,-2.0,319.0,281.0,-58.0,-52.0,80.0,138.0,218.0,15.0,24,8,32
850065405582-1,0.0,0.0,0.0,0.0,1.0,1.0,2.0,0.0,-1.0,-1.0,-1.0,-1.0,-1.0,0.0,-1.0,0.0,1.0,1.0,1.0,1.0,2.0,1.0,3.0,0.0,64.0,58.0,3.0,3.0,4.0,1.0,5.0,3.0,6,6,12
851165947685-1,-92.0,-81.0,-92.0,-81.0,-12.0,80.0,68.0,-5.0,-36.0,-30.0,-36.0,-30.0,-42.0,-6.0,-48.0,-3.0,-56.0,-51.0,-56.0,-51.0,30.0,86.0,116.0,-2.0,594.0,504.0,95.0,82.0,101.0,6.0,107.0,11.0,4,7,11
853894369870-1,0.0,0.0,0.0,0.0,-13.0,-13.0,-26.0,-1.0,-3.0,-3.0,-3.0,-3.0,-15.0,-12.0,-27.0,-4.0,3.0,3.0,3.0,3.0,2.0,-1.0,1.0,3.0,527.0,424.0,21.0,21.0,56.0,35.0,91.0,12.0,17,1,18
854418523194-1,9.0,6.0,9.0,6.0,9.0,0.0,9.0,0.0,-10.0,-8.0,-10.0,-8.0,-11.0,-1.0,-12.0,-8.0,19.0,14.0,19.0,14.0,20.0,1.0,21.0,8.0,509.0,408.0,50.0,35.0,88.0,38.0,126.0,9.0,1,1,2
85667584588-1,-12.0,-9.0,-12.0,-9.0,-10.0,2.0,-8.0,1.0,-119.0,-88.0,-119.0,-88.0,-122.0,-3.0,-125.0,-4.0,107.0,79.0,107.0,79.0,112.0,5.0,117.0,5.0,510.0,420.0,132.0,99.0,136.0,4.0,140.0,9.0,3,1,4
861045220386-1,168.0,147.0,168.0,147.0,-101.0,-269.0,-370.0,-15.0,186.0,166.0,186.0,166.0,-52.0,-238.0,-290.0,-14.0,-18.0,-19.0,-18.0,-19.0,-49.0,-31.0,-80.0,-1.0,1315.0,1135.0,-168.0,-147.0,102.0,270.0,372.0,16.0,5,1,6
864915051134-1,-26.0,-20.0,-26.0,-20.0,-38.0,-12.0,-50.0,-1.0,-55.0,-43.0,-55.0,-43.0,-77.0,-22.0,-99.0,-9.0,29.0,23.0,29.0,23.0,39.0,10.0,49.0,8.0,430.0,287.0,55.0,43.0,78.0,23.0,101.0,10.0,1,13,14
86811399170-1,-1.0,0.0,-1.0,0.0,1.0,2.0,3.0,0.0,-12.0,-8.0,-12.0,-8.0,-16.0,-4.0,-20.0,-2.0,11.0,8.0,11.0,8.0,17.0,6.0,23.0,2.0,254.0,166.0,12.0,8.0,17.0,5.0,22.0,3.0,4,1,5
873013605380-1,-6.0,-6.0,-6.0,-6.0,-3.0,3.0,0.0,0.0,-39.0,-33.0,-39.0,-33.0,-49.0,-10.0,-59.0,1.0,33.0,27.0,33.0,27.0,46.0,13.0,59.0,-1.0,117.0,95.0,39.0,33.0,52.0,13.0,65.0,2.0,1,4,5
875339766147-1,-878.0,-751.0,-878.0,-751.0,-1489.0,-611.0,-2100.0,-5.0,-894.0,-764.0,-894.0,-764.0,-1508.0,-614.0,-2122.0,-10.0,16.0,13.0,16.0,13.0,19.0,3.0,22.0,5.0,2414.0,2054.0,900.0,769.0,1520.0,620.0,2140.0,17.0,24,1,25
879341243018-1,-15.0,-9.0,-15.0,-9.0,-61.0,-46.0,-107.0,-1.0,-20.0,-14.0,-20.0,-14.0,-71.0,-51.0,-122.0,-3.0,5.0,5.0,5.0,5.0,10.0,5.0,15.0,2.0,434.0,364.0,50.0,42.0,122.0,72.0,194.0,18.0,10,2,12
880669871854-1,0.0,0.0,0.0,0.0,0.0,0.0,0.0,1.0,-28.0,-28.0,-28.0,-28.0,-32.0,-4.0,-36.0,-4.0,28.0,28.0,28.0,28.0,32.0,4.0,36.0,5.0,379.0,313.0,31.0,31.0,36.0,5.0,41.0,7.0,1,7,8
883129389234-1,0.0,0.0,0.0,0.0,0.0,0.0,0.0,-1.0,0.0,0.0,0.0,0.0,-1.0,-1.0,-2.0,-1.0,0.0,0.0,0.0,0.0,1.0,1.0,2.0,0.0,510.0,387.0,18.0,14.0,24.0,6.0,30.0,2.0,1,1,2
885802345950-1,-5.0,-3.0,-5.0,-3.0,-5.0,0.0,-5.0,0.0,-2.0,-3.0,-2.0,-3.0,-2.0,0.0,-2.0,0.0,-3.0,0.0,-3.0,0.0,-3.0,0.0,-3.0,0.0,538.0,419.0,538.0,419.0,538.0,0.0,538.0,1.0,6,1,7
887454276560-1,0.0,0.0,0.0,0.0,1.0,1.0,2.0,0.0,-3.0,-3.0,-3.0,-3.0,-4.0,-1.0,-5.0,0.0,3.0,3.0,3.0,3.0,5.0,2.0,7.0,0.0,30.0,27.0,4.0,4.0,5.0,1.0,6.0,1.0,16,11,27
888355842122-1,-1.0,-5.0,-1.0,-5.0,-14.0,-13.0,-27.0,-3.0,-19.0,-19.0,-19.0,-19.0,-82.0,-63.0,-145.0,-11.0,18.0,14.0,18.0,14.0,68.0,50.0,118.0,8.0,466.0,314.0,62.0,47.0,125.0,63.0,188.0,13.0,4,1,5
889155854283-1,1.0,1.0,1.0,1.0,1.0,0.0,1.0,0.0,1.0,1.0,1.0,1.0,1.0,0.0,1.0,0.0,0.0,0.0,0.0,0.0,0.0,0.0,0.0,0.0,60.0,42.0,60.0,42.0,60.0,0.0,60.0,1.0,2,1,3
8911998967-1,7.0,9.0,7.0,9.0,7.0,0.0,7.0,0.0,-17.0,-12.0,-17.0,-12.0,-17.0,0.0,-17.0,0.0,24.0,21.0,24.0,21.0,24.0,0.0,24.0,0.0,124.0,101.0,124.0,101.0,124.0,0.0,124.0,1.0,3,3,6
89582342552-1,0.0,0.0,0.0,0.0,1.0,1.0,2.0,1.0,-3.0,-3.0,-3.0,-3.0,-4.0,-1.0,-5.0,0.0,3.0,3.0,3.0,3.0,5.0,2.0,7.0,1.0,70.0,48.0,5.0,5.0,7.0,2.0,9.0,1.0,1,1,2
900822826659-1,-1.0,-4.0,-1.0,-4.0,-138.0,-137.0,-275.0,-5.0,-5.0,-8.0,-5.0,-8.0,-149.0,-144.0,-293.0,-10.0,4.0,4.0,4.0,4.0,11.0,7.0,18.0,5.0,1133.0,905.0,3.0,6.0,155.0,152.0,307.0,16.0,14,15,29
902212975621-1,-5.0,0.0,-5.0,0.0,-5.0,0.0,-5.0,0.0,-6.0,0.0,-6.0,0.0,-6.0,0.0,-6.0,0.0,1.0,0.0,1.0,0.0,1.0,0.0,1.0,0.0,176.0,145.0,47.0,38.0,47.0,0.0,47.0,1.0,1,1,2
904238908888-1,8.0,6.0,8.0,6.0,1.0,-7.0,-6.0,0.0,92.0,76.0,92.0,76.0,-8.0,-100.0,-108.0,-3.0,-84.0,-70.0,-84.0,-70.0,9.0,93.0,102.0,3.0,649.0,532.0,-88.0,-75.0,16.0,104.0,120.0,7.0,3,2,5
904562058207-1,24.0,17.0,24.0,17.0,20.0,-4.0,16.0,-3.0,-28.0,-22.0,-28.0,-22.0,-49.0,-21.0,-70.0,-14.0,52.0,39.0,52.0,39.0,69.0,17.0,86.0,11.0,437.0,353.0,39.0,28.0,61.0,22.0,83.0,17.0,7,1,8
905126134507-1,-2.0,-1.0,-2.0,-1.0,4.0,6.0,10.0,1.0,-26.0,-22.0,-26.0,-22.0,-27.0,-1.0,-28.0,-2.0,24.0,21.0,24.0,21.0,31.0,7.0,38.0,3.0,197.0,159.0,38.0,34.0,40.0,2.0,42.0,6.0,14,16,30
906108155094-1,563.0,402.0,563.0,402.0,-56.0,-619.0,-675.0,-23.0,557.0,401.0,557.0,401.0,-63.0,-620.0,-683.0,-24.0,6.0,1.0,6.0,1.0,7.0,1.0,8.0,1.0,1130.0,836.0,-538.0,-385.0,83.0,621.0,704.0,30.0,2,1,3
91018899649-1,0.0,0.0,0.0,0.0,0.0,0.0,0.0,0.0,0.0,0.0,0.0,0.0,0.0,0.0,0.0,0.0,0.0,0.0,0.0,0.0,0.0,0.0,0.0,0.0,43.0,34.0,43.0,34.0,43.0,0.0,43.0,1.0,1,3,4
910673739950-1,0.0,0.0,0.0,0.0,0.0,0.0,0.0,0.0,0.0,0.0,0.0,0.0,-1.0,-1.0,-2.0,-1.0,0.0,0.0,0.0,0.0,1.0,1.0,2.0,1.0,271.0,203.0,1.0,0.0,3.0,2.0,5.0,2.0,1,2,3
911925353872-1,4.0,3.0,4.0,3.0,2.0,-2.0,0.0,-1.0,-73.0,-55.0,-73.0,-55.0,-88.0,-16.0,-104.0,-9.0,77.0,58.0,77.0,58.0,90.0,14.0,104.0,8.0,301.0,234.0,80.0,60.0,98.0,19.0,117.0,10.0,5,3,8
912411629049-1,1.0,-5.0,1.0,-5.0,1.0,0.0,1.0,0.0,-72.0,-61.0,-72.0,-61.0,-136.0,-64.0,-200.0,-5.0,73.0,56.0,73.0,56.0,137.0,64.0,201.0,5.0,471.0,359.0,78.0,67.0,143.0,65.0,208.0,6.0,2,4,6
912666015156-1,1.0,0.0,1.0,0.0,2.0,1.0,3.0,0.0,-41.0,-38.0,-41.0,-38.0,-42.0,-1.0,-43.0,0.0,42.0,38.0,42.0,38.0,44.0,2.0,46.0,0.0,471.0,410.0,81.0,74.0,82.0,1.0,83.0,5.0,3,2,5
923023936419-1,-1.0,0.0,-1.0,0.0,0.0,1.0,1.0,1.0,-9.0,-6.0,-9.0,-6.0,-9.0,0.0,-9.0,-1.0,8.0,6.0,8.0,6.0,9.0,1.0,10.0,2.0,88.0,67.0,10.0,7.0,10.0,0.0,10.0,2.0,3,6,9
924088283913-1,18.0,1.0,18.0,1.0,-22.0,-40.0,-62.0,-3.0,36.0,-7.0,36.0,-7.0,-82.0,-118.0,-200.0,-29.0,-18.0,8.0,-18.0,8.0,60.0,78.0,138.0,26.0,722.0,529.0,-25.0,14.0,94.0,119.0,213.0,32.0,34,2,36
925594200960-1,0.0,3.0,0.0,3.0,1.0,1.0,2.0,2.0,-19.0,-17.0,-19.0,-17.0,-26.0,-7.0,-33.0,3.0,19.0,20.0,19.0,20.0,27.0,8.0,35.0,-1.0,228.0,186.0,147.0,121.0,155.0,8.0,163.0,2.0,4,1,5
927112591243-1,-517.0,-289.0,-517.0,-289.0,-561.0,-44.0,-605.0,-12.0,-538.0,-302.0,-538.0,-302.0,-544.0,-6.0,-550.0,-7.0,21.0,13.0,21.0,13.0,-17.0,-38.0,-55.0,-5.0,1501.0,1030.0,512.0,282.0,571.0,59.0,630.0,19.0,3,5,8
928799450478-1,,,,,,,,,-67.0,-53.0,-67.0,-53.0,-68.0,-1.0,-69.0,-7.0,,,,,,,,,2452.0,2001.0,193.0,179.0,220.0,27.0,247.0,31.0,1,6,7
936511886051-1,-15.0,-14.0,-15.0,-14.0,-1.0,14.0,13.0,1.0,4.0,4.0,4.0,4.0,-1.0,-5.0,-6.0,-2.0,-19.0,-18.0,-19.0,-18.0,0.0,19.0,19.0,3.0,169.0,151.0,-3.0,-3.0,2.0,5.0,7.0,3.0,7,3,10
939240923914-1,4.0,1.0,4.0,1.0,3.0,-1.0,2.0,1.0,42.0,34.0,42.0,34.0,-2.0,-44.0,-46.0,1.0,-38.0,-33.0,-38.0,-33.0,5.0,43.0,48.0,0.0,49.0,36.0,-30.0,-25.0,18.0,48.0,66.0,2.0,4,1,5
947550465599-1,-505.0,-458.0,-505.0,-458.0,-102.0,403.0,301.0,-14.0,376.0,351.0,376.0,351.0,-78.0,-454.0,-532.0,-19.0,-881.0,-809.0,-881.0,-809.0,-24.0,857.0,833.0,5.0,4654.0,4085.0,-355.0,-331.0,119.0,474.0,593.0,21.0,1,13,14
959479366750-1,0.0,0.0,0.0,0.0,0.0,0.0,0.0,0.0,0.0,0.0,0.0,0.0,0.0,0.0,0.0,0.0,0.0,0.0,0.0,0.0,0.0,0.0,0.0,0.0,1.0,1.0,0.0,0.0,1.0,1.0,2.0,1.0,292,1,293
964336776848-1,35.0,27.0,35.0,27.0,35.0,0.0,35.0,-1.0,-40.0,-32.0,-40.0,-32.0,-41.0,-1.0,-42.0,-3.0,75.0,59.0,75.0,59.0,76.0,1.0,77.0,2.0,310.0,255.0,61.0,51.0,62.0,1.0,63.0,5.0,1,1,2
965325250429-1,3.0,0.0,3.0,0.0,2.0,-1.0,1.0,0.0,-5.0,-2.0,-5.0,-2.0,-8.0,-3.0,-11.0,-2.0,8.0,2.0,8.0,2.0,10.0,2.0,12.0,2.0,120.0,74.0,16.0,9.0,19.0,3.0,22.0,3.0,2,3,5
968032133756-1,-17.0,-18.0,-17.0,-18.0,7.0,24.0,31.0,0.0,-5.0,-3.0,-5.0,-3.0,-14.0,-9.0,-23.0,-2.0,-12.0,-15.0,-12.0,-15.0,21.0,33.0,54.0,2.0,1187.0,1032.0,60.0,54.0,69.0,9.0,78.0,4.0,1,1,2
968687634347-1,-10.0,-8.0,-10.0,-8.0,-14.0,-4.0,-18.0,-1.0,6.0,7.0,6.0,7.0,-19.0,-25.0,-44.0,-10.0,-16.0,-15.0,-16.0,-15.0,5.0,21.0,26.0,9.0,883.0,732.0,16.0,12.0,44.0,28.0,72.0,17.0,6,3,9
97321414157-1,-62.0,-48.0,-62.0,-48.0,-38.0,24.0,-14.0,-8.0,-56.0,-46.0,-56.0,-46.0,-190.0,-134.0,-324.0,-16.0,-6.0,-2.0,-6.0,-2.0,152.0,158.0,310.0,8.0,1395.0,1032.0,34.0,26.0,217.0,183.0,400.0,20.0,8,12,20
973399694447-1,0.0,0.0,0.0,0.0,0.0,0.0,0.0,0.0,0.0,0.0,0.0,0.0,0.0,0.0,0.0,0.0,0.0,0.0,0.0,0.0,0.0,0.0,0.0,0.0,93.0,78.0,93.0,78.0,93.0,0.0,93.0,1.0,1,2,3
977322491634-1,-23.0,-12.0,-23.0,-12.0,-12.0,11.0,-1.0,0.0,-12.0,-12.0,-12.0,-12.0,-11.0,1.0,-10.0,0.0,-11.0,0.0,-11.0,0.0,-1.0,10.0,9.0,0.0,1213.0,976.0,22.0,20.0,23.0,1.0,24.0,2.0,1,28,29
977417744289-1,-1.0,-1.0,-1.0,-1.0,1.0,2.0,3.0,0.0,2.0,2.0,2.0,2.0,-14.0,-16.0,-30.0,-1.0,-3.0,-3.0,-3.0,-3.0,15.0,18.0,33.0,1.0,792.0,595.0,-2.0,-2.0,15.0,17.0,32.0,2.0,1,1,2
979223868068-1,-65.0,-39.0,-65.0,-39.0,-76.0,-11.0,-87.0,-19.0,-65.0,-45.0,-65.0,-45.0,-84.0,-19.0,-103.0,-21.0,0.0,6.0,0.0,6.0,8.0,8.0,16.0,2.0,1735.0,1367.0,90.0,58.0,113.0,23.0,136.0,25.0,5,1,6
986150056849-1,0.0,0.0,0.0,0.0,1.0,1.0,2.0,1.0,0.0,0.0,0.0,0.0,0.0,0.0,0.0,0.0,0.0,0.0,0.0,0.0,1.0,1.0,2.0,1.0,57.0,47.0,-13.0,-13.0,3.0,16.0,19.0,3.0,8,1,9
995639086955-1,-117.0,-94.0,-117.0,-94.0,-132.0,-15.0,-147.0,-2.0,-27.0,-14.0,-27.0,-14.0,-47.0,-20.0,-67.0,-1.0,-90.0,-80.0,-90.0,-80.0,-85.0,5.0,-80.0,-1.0,838.0,615.0,186.0,141.0,223.0,37.0,260.0,14.0,4,7,11
110606214242-1,-8.0,-11.0,-8.0,-11.0,-154.0,-146.0,-300.0,-8.0,0.0,0.0,0.0,0.0,0.0,0.0,0.0,0.0,-8.0,-11.0,-8.0,-11.0,-154.0,-146.0,-300.0,-8.0,1133.0,905.0,9.0,12.0,159.0,150.0,309.0,13.0,27,1,28
111549708192-1,-19.0,15.0,-19.0,15.0,-19.0,0.0,-19.0,0.0,0.0,0.0,0.0,0.0,0.0,0.0,0.0,0.0,-19.0,15.0,-19.0,15.0,-19.0,0.0,-19.0,0.0,128.0,48.0,128.0,48.0,128.0,0.0,128.0,1.0,2,3,5
112177815245-1,0.0,-1.0,0.0,-1.0,0.0,0.0,0.0,1.0,0.0,0.0,0.0,0.0,0.0,0.0,0.0,0.0,0.0,-1.0,0.0,-1.0,0.0,0.0,0.0,1.0,138.0,106.0,17.0,16.0,23.0,6.0,29.0,5.0,2,1,3
126300906186-1,0.0,0.0,0.0,0.0,2.0,2.0,4.0,2.0,0.0,0.0,0.0,0.0,0.0,0.0,0.0,0.0,0.0,0.0,0.0,0.0,2.0,2.0,4.0,2.0,210.0,155.0,-2.0,-2.0,0.0,2.0,2.0,1.0,1,1,2
128880763285-1,-487.0,-382.0,-487.0,-382.0,28.0,515.0,543.0,1.0,0.0,0.0,0.0,0.0,0.0,0.0,0.0,0.0,-487.0,-382.0,-487.0,-382.0,28.0,515.0,543.0,1.0,1178.0,949.0,-5.0,-1.0,12.0,17.0,29.0,5.0,5,4,9
139754256322-1,0.0,0.0,0.0,0.0,1.0,1.0,2.0,0.0,-11.0,-8.0,-11.0,-8.0,-11.0,0.0,-11.0,-1.0,11.0,8.0,11.0,8.0,12.0,1.0,13.0,1.0,110.0,76.0,31.0,28.0,31.0,0.0,31.0,3.0,97,2,99
150759969909-1,1.0,-1.0,1.0,-1.0,2.0,1.0,3.0,0.0,-20.0,-15.0,-20.0,-15.0,-45.0,-25.0,-70.0,-2.0,21.0,14.0,21.0,14.0,47.0,26.0,73.0,2.0,92.0,73.0,17.0,14.0,45.0,28.0,73.0,3.0,3,3,6
156461963067-1,4.0,-2.0,4.0,-2.0,-6.0,-10.0,-16.0,0.0,0.0,0.0,0.0,0.0,0.0,0.0,0.0,0.0,4.0,-2.0,4.0,-2.0,-6.0,-10.0,-16.0,0.0,963.0,676.0,-3.0,3.0,16.0,19.0,35.0,3.0,1,1,2
156891706841-1,6.0,7.0,6.0,7.0,-15.0,-21.0,-36.0,-1.0,-40.0,-28.0,-40.0,-28.0,-66.0,-26.0,-92.0,-5.0,46.0,35.0,46.0,35.0,51.0,5.0,56.0,4.0,533.0,428.0,63.0,48.0,105.0,42.0,147.0,14.0,23,16,39
164353380250-1,0.0,0.0,0.0,0.0,0.0,0.0,0.0,0.0,0.0,0.0,0.0,0.0,0.0,0.0,0.0,0.0,0.0,0.0,0.0,0.0,0.0,0.0,0.0,0.0,290.0,226.0,290.0,226.0,290.0,0.0,290.0,1.0,12,2,14
164791755641-1,-252.0,-202.0,-252.0,-202.0,-259.0,-7.0,-266.0,-1.0,0.0,0.0,0.0,0.0,0.0,0.0,0.0,0.0,-252.0,-202.0,-252.0,-202.0,-259.0,-7.0,-266.0,-1.0,433.0,348.0,252.0,202.0,262.0,10.0,272.0,4.0,5,1,6
173529495030-1,0.0,0.0,0.0,0.0,0.0,0.0,0.0,0.0,0.0,0.0,0.0,0.0,0.0,0.0,0.0,0.0,0.0,0.0,0.0,0.0,0.0,0.0,0.0,0.0,109.0,76.0,109.0,76.0,109.0,0.0,109.0,1.0,2,1,3
184491340872-1,0.0,0.0,0.0,0.0,0.0,0.0,0.0,0.0,-72.0,-59.0,-72.0,-59.0,-72.0,0.0,-72.0,0.0,72.0,59.0,72.0,59.0,72.0,0.0,72.0,0.0,139.0,111.0,139.0,111.0,139.0,0.0,139.0,1.0,10,1,11
19494670087-1,6.0,6.0,6.0,6.0,7.0,1.0,8.0,0.0,0.0,0.0,0.0,0.0,0.0,0.0,0.0,0.0,6.0,6.0,6.0,6.0,7.0,1.0,8.0,0.0,12.0,9.0,0.0,0.0,2.0,2.0,4.0,1.0,1,1,2
203965744358-1,-3.0,-2.0,-3.0,-2.0,0.0,3.0,3.0,0.0,0.0,0.0,0.0,0.0,0.0,0.0,0.0,0.0,-3.0,-2.0,-3.0,-2.0,0.0,3.0,3.0,0.0,12.0,7.0,-566.0,-463.0,2.0,568.0,570.0,1.0,7,1,8
20517112572-1,-3.0,0.0,-3.0,0.0,-3.0,0.0,-3.0,0.0,0.0,0.0,0.0,0.0,0.0,0.0,0.0,0.0,-3.0,0.0,-3.0,0.0,-3.0,0.0,-3.0,0.0,222.0,105.0,222.0,105.0,222.0,0.0,222.0,1.0,16,1,17
210922017947-1,1.0,2.0,1.0,2.0,1.0,0.0,1.0,0.0,0.0,0.0,0.0,0.0,0.0,0.0,0.0,0.0,1.0,2.0,1.0,2.0,1.0,0.0,1.0,0.0,442.0,369.0,442.0,369.0,442.0,0.0,442.0,1.0,2,2,4
211841636747-1,1.0,0.0,1.0,0.0,3.0,2.0,5.0,1.0,0.0,0.0,0.0,0.0,0.0,0.0,0.0,0.0,1.0,0.0,1.0,0.0,3.0,2.0,5.0,1.0,437.0,312.0,-8.0,-8.0,4.0,12.0,16.0,3.0,5,1,6
219250483082-1,11.0,0.0,11.0,0.0,-1.0,-12.0,-13.0,0.0,0.0,0.0,0.0,0.0,0.0,0.0,0.0,0.0,11.0,0.0,11.0,0.0,-1.0,-12.0,-13.0,0.0,515.0,398.0,-5.0,4.0,10.0,15.0,25.0,4.0,2,1,3
220102821649-1,131.0,108.0,131.0,108.0,127.0,-4.0,123.0,-2.0,137.0,113.0,137.0,113.0,137.0,0.0,137.0,0.0,-6.0,-5.0,-6.0,-5.0,-10.0,-4.0,-14.0,-2.0,944.0,795.0,530.0,445.0,552.0,22.0,574.0,10.0,21,7,28
233897411715-1,-22.0,-14.0,-22.0,-14.0,1.0,23.0,24.0,1.0,0.0,0.0,0.0,0.0,0.0,0.0,0.0,0.0,-22.0,-14.0,-22.0,-14.0,1.0,23.0,24.0,1.0,78.0,52.0,1.0,1.0,1.0,0.0,1.0,1.0,2,2,4
238292551428-1,-10.0,-10.0,-10.0,-10.0,5.0,15.0,20.0,0.0,0.0,0.0,0.0,0.0,0.0,0.0,0.0,0.0,-10.0,-10.0,-10.0,-10.0,5.0,15.0,20.0,0.0,17.0,16.0,0.0,0.0,1.0,1.0,2.0,1.0,5,7,12
246442576932-1,-38.0,2.0,-38.0,2.0,-41.0,-3.0,-44.0,1.0,-1.0,-1.0,-1.0,-1.0,-1.0,0.0,-1.0,0.0,-37.0,3.0,-37.0,3.0,-40.0,-3.0,-43.0,1.0,109.0,48.0,-23.0,-15.0,56.0,79.0,135.0,2.0,8,15,23
256863197619-1,1.0,1.0,1.0,1.0,2.0,1.0,3.0,1.0,0.0,0.0,0.0,0.0,0.0,0.0,0.0,0.0,1.0,1.0,1.0,1.0,2.0,1.0,3.0,1.0,656.0,523.0,4.0,4.0,6.0,2.0,8.0,1.0,4,1,5
25764051800-1,-206.0,-9.0,-206.0,-9.0,-80.0,116.0,36.0,-6.0,0.0,0.0,0.0,0.0,65.0,55.0,120.0,6.0,-206.0,-9.0,-206.0,-9.0,-145.0,61.0,-84.0,-12.0,396.0,155.0,20.0,9.0,87.0,77.0,164.0,7.0,1,1,2
264841662615-1,0.0,0.0,0.0,0.0,0.0,0.0,0.0,0.0,0.0,0.0,0.0,0.0,0.0,0.0,0.0,0.0,0.0,0.0,0.0,0.0,0.0,0.0,0.0,0.0,19.0,4.0,0.0,0.0,1.0,1.0,2.0,1.0,2,1,3
267252009234-1,0.0,0.0,0.0,0.0,0.0,0.0,0.0,0.0,0.0,0.0,0.0,0.0,0.0,0.0,0.0,0.0,0.0,0.0,0.0,0.0,0.0,0.0,0.0,0.0,52.0,42.0,0.0,15.0,15.0,15.0,30.0,1.0,1,1,2
268999482638-1,76.0,56.0,76.0,56.0,-70.0,-146.0,-216.0,1.0,0.0,0.0,0.0,0.0,0.0,0.0,0.0,0.0,76.0,56.0,76.0,56.0,-70.0,-146.0,-216.0,1.0,1221.0,946.0,-99.0,-80.0,91.0,190.0,281.0,12.0,2,3,5
280725884319-1,-11.0,-10.0,-11.0,-10.0,-14.0,-3.0,-17.0,2.0,0.0,0.0,0.0,0.0,-5.0,-5.0,-10.0,-1.0,-11.0,-10.0,-11.0,-10.0,-9.0,2.0,-7.0,3.0,2946.0,2012.0,85.0,53.0,103.0,18.0,121.0,2.0,1,2,3
289090664580-1,1.0,0.0,1.0,0.0,4.0,3.0,7.0,3.0,0.0,0.0,0.0,0.0,0.0,0.0,0.0,0.0,1.0,0.0,1.0,0.0,4.0,3.0,7.0,3.0,462.0,326.0,3.0,1.0,11.0,8.0,19.0,3.0,4,2,6
297554581599-1,,,,,,,,,0.0,0.0,0.0,0.0,0.0,0.0,0.0,0.0,,,,,,,,,3936.0,3454.0,151.0,144.0,176.0,25.0,201.0,6.0,5,3,8
298747295667-1,13.0,11.0,13.0,11.0,13.0,0.0,13.0,0.0,0.0,0.0,0.0,0.0,0.0,0.0,0.0,0.0,13.0,11.0,13.0,11.0,13.0,0.0,13.0,0.0,219.0,191.0,219.0,191.0,219.0,0.0,219.0,1.0,1,1,2
301020949221-1,36.0,0.0,36.0,0.0,1.0,-35.0,-34.0,0.0,36.0,0.0,36.0,0.0,0.0,-36.0,-36.0,-1.0,0.0,0.0,0.0,0.0,1.0,1.0,2.0,1.0,167.0,144.0,5.0,33.0,41.0,36.0,77.0,2.0,4,2,6
306886657625-1,-40.0,-29.0,-40.0,-29.0,-279.0,-239.0,-518.0,-21.0,18.0,25.0,18.0,25.0,-13.0,-31.0,-44.0,1.0,-58.0,-54.0,-58.0,-54.0,-266.0,-208.0,-474.0,-22.0,1035.0,765.0,40.0,29.0,281.0,241.0,522.0,23.0,39,73,112
308257511116-1,-110.0,-76.0,-110.0,-76.0,-235.0,-125.0,-360.0,-11.0,0.0,0.0,0.0,0.0,0.0,0.0,0.0,0.0,-110.0,-76.0,-110.0,-76.0,-235.0,-125.0,-360.0,-11.0,546.0,413.0,60.0,35.0,236.0,176.0,412.0,12.0,6,1,7
313864474780-1,0.0,0.0,0.0,0.0,2.0,2.0,4.0,0.0,0.0,0.0,0.0,0.0,-3.0,-3.0,-6.0,0.0,0.0,0.0,0.0,0.0,5.0,5.0,10.0,0.0,105.0,78.0,1.0,1.0,10.0,9.0,19.0,4.0,13,10,23
318891865679-1,0.0,0.0,0.0,0.0,0.0,0.0,0.0,0.0,0.0,0.0,0.0,0.0,0.0,0.0,0.0,0.0,0.0,0.0,0.0,0.0,0.0,0.0,0.0,0.0,4.0,4.0,1.0,1.0,1.0,1.0,2.0,1.0,1,1,2
331185676281-1,-95.0,-82.0,-95.0,-82.0,-97.0,-2.0,-99.0,-5.0,0.0,0.0,0.0,0.0,0.0,0.0,0.0,0.0,-95.0,-82.0,-95.0,-82.0,-97.0,-2.0,-99.0,-5.0,549.0,456.0,271.0,235.0,319.0,48.0,367.0,15.0,36,8,44
345971295844-1,2.0,1.0,2.0,1.0,2.0,0.0,2.0,0.0,0.0,0.0,0.0,0.0,0.0,0.0,0.0,0.0,2.0,1.0,2.0,1.0,2.0,0.0,2.0,0.0,494.0,408.0,494.0,408.0,494.0,0.0,494.0,1.0,1,1,2
35906434848-1,0.0,0.0,0.0,0.0,1.0,1.0,2.0,1.0,0.0,0.0,0.0,0.0,0.0,0.0,0.0,0.0,0.0,0.0,0.0,0.0,1.0,1.0,2.0,1.0,57.0,40.0,0.0,1.0,7.0,7.0,14.0,2.0,3,1,4
362431974993-1,0.0,0.0,0.0,0.0,5.0,5.0,10.0,5.0,0.0,0.0,0.0,0.0,0.0,0.0,0.0,0.0,0.0,0.0,0.0,0.0,5.0,5.0,10.0,5.0,1416.0,991.0,3.0,1.0,3.0,0.0,3.0,1.0,5,1,6
371015791792-1,0.0,0.0,0.0,0.0,0.0,0.0,0.0,0.0,0.0,0.0,0.0,0.0,0.0,0.0,0.0,0.0,0.0,0.0,0.0,0.0,0.0,0.0,0.0,0.0,19.0,4.0,0.0,0.0,1.0,1.0,2.0,1.0,2,4,6
39207980038-1,0.0,0.0,0.0,0.0,1.0,1.0,2.0,1.0,0.0,0.0,0.0,0.0,0.0,0.0,0.0,0.0,0.0,0.0,0.0,0.0,1.0,1.0,2.0,1.0,616.0,425.0,2.0,2.0,5.0,3.0,8.0,3.0,2,2,4
393438257861-1,0.0,0.0,0.0,0.0,0.0,0.0,0.0,0.0,0.0,0.0,0.0,0.0,0.0,0.0,0.0,0.0,0.0,0.0,0.0,0.0,0.0,0.0,0.0,0.0,374.0,285.0,374.0,285.0,374.0,0.0,374.0,1.0,11,2,13
395695899302-1,0.0,0.0,0.0,0.0,0.0,0.0,0.0,0.0,0.0,0.0,0.0,0.0,0.0,0.0,0.0,0.0,0.0,0.0,0.0,0.0,0.0,0.0,0.0,0.0,20.0,14.0,4.0,2.0,5.0,1.0,6.0,1.0,7,1,8
397314445398-1,0.0,0.0,0.0,0.0,1.0,1.0,2.0,0.0,1.0,0.0,1.0,0.0,-3.0,-4.0,-7.0,-4.0,-1.0,0.0,-1.0,0.0,4.0,5.0,9.0,4.0,243.0,164.0,0.0,1.0,4.0,4.0,8.0,5.0,11,2,13
400273830246-1,69.0,54.0,69.0,54.0,69.0,0.0,69.0,1.0,0.0,0.0,0.0,0.0,0.0,0.0,0.0,0.0,69.0,54.0,69.0,54.0,69.0,0.0,69.0,1.0,1718.0,1448.0,0.0,0.0,3.0,3.0,6.0,3.0,3,3,6
420939304922-1,71.0,62.0,71.0,62.0,70.0,-1.0,69.0,2.0,11.0,9.0,11.0,9.0,-8.0,-19.0,-27.0,-2.0,60.0,53.0,60.0,53.0,78.0,18.0,96.0,4.0,3854.0,3454.0,-10.0,-8.0,10.0,20.0,30.0,3.0,7,1,8
438987608117-1,2.0,0.0,2.0,0.0,0.0,-2.0,-2.0,0.0,0.0,0.0,0.0,0.0,0.0,0.0,0.0,0.0,2.0,0.0,2.0,0.0,0.0,-2.0,-2.0,0.0,104.0,81.0,32.0,26.0,49.0,17.0,66.0,4.0,6,1,7
444606339331-1,366.0,278.0,366.0,278.0,373.0,7.0,380.0,0.0,-6.0,-4.0,-6.0,-4.0,-6.0,0.0,-6.0,-2.0,372.0,282.0,372.0,282.0,379.0,7.0,386.0,2.0,2467.0,1880.0,98.0,75.0,109.0,11.0,120.0,15.0,5,7,12
451363994106-1,-74.0,-66.0,-74.0,-66.0,-9.0,65.0,56.0,-2.0,0.0,0.0,0.0,0.0,0.0,0.0,0.0,0.0,-74.0,-66.0,-74.0,-66.0,-9.0,65.0,56.0,-2.0,629.0,520.0,-91.0,-68.0,24.0,115.0,139.0,8.0,1,2,3
45626539229-1,2.0,0.0,2.0,0.0,3.0,1.0,4.0,1.0,0.0,0.0,0.0,0.0,0.0,0.0,0.0,0.0,2.0,0.0,2.0,0.0,3.0,1.0,4.0,1.0,325.0,262.0,118.0,104.0,121.0,3.0,124.0,2.0,4,2,6
456666028139-1,5.0,1.0,5.0,1.0,1.0,-4.0,-3.0,2.0,0.0,0.0,0.0,0.0,0.0,0.0,0.0,0.0,5.0,1.0,5.0,1.0,1.0,-4.0,-3.0,2.0,759.0,574.0,-24.0,-2.0,3.0,27.0,30.0,3.0,1,1,2
46282597280-1,0.0,0.0,0.0,0.0,1.0,1.0,2.0,1.0,0.0,0.0,0.0,0.0,0.0,0.0,0.0,0.0,0.0,0.0,0.0,0.0,1.0,1.0,2.0,1.0,141.0,104.0,7.0,6.0,8.0,1.0,9.0,1.0,7,6,13
46568911574-1,2.0,0.0,2.0,0.0,3.0,1.0,4.0,1.0,0.0,0.0,0.0,0.0,0.0,0.0,0.0,0.0,2.0,0.0,2.0,0.0,3.0,1.0,4.0,1.0,400.0,289.0,53.0,37.0,53.0,0.0,53.0,2.0,6,16,22
4886326609-1,-7.0,-11.0,-7.0,-11.0,-11.0,-4.0,-15.0,0.0,0.0,0.0,0.0,0.0,0.0,0.0,0.0,0.0,-7.0,-11.0,-7.0,-11.0,-11.0,-4.0,-15.0,0.0,1664.0,1204.0,9.0,9.0,44.0,35.0,79.0,25.0,8,3,11
508630874783-1,-70.0,-48.0,-70.0,-48.0,-216.0,-146.0,-362.0,0.0,0.0,0.0,0.0,0.0,0.0,0.0,0.0,0.0,-70.0,-48.0,-70.0,-48.0,-216.0,-146.0,-362.0,0.0,333.0,258.0,86.0,60.0,238.0,152.0,390.0,3.0,30,2,32
521682576584-1,2.0,2.0,2.0,2.0,2.0,0.0,2.0,0.0,0.0,0.0,0.0,0.0,0.0,0.0,0.0,0.0,2.0,2.0,2.0,2.0,2.0,0.0,2.0,0.0,11.0,9.0,2.0,2.0,2.0,0.0,2.0,1.0,1,1,2
526012981031-1,-2.0,2.0,-2.0,2.0,-1.0,1.0,0.0,2.0,0.0,0.0,0.0,0.0,0.0,0.0,0.0,0.0,-2.0,2.0,-2.0,2.0,-1.0,1.0,0.0,2.0,231.0,185.0,3.0,3.0,28.0,25.0,53.0,5.0,2,1,3
548379081725-1,0.0,0.0,0.0,0.0,1.0,1.0,2.0,1.0,0.0,0.0,0.0,0.0,0.0,0.0,0.0,0.0,0.0,0.0,0.0,0.0,1.0,1.0,2.0,1.0,174.0,139.0,0.0,0.0,2.0,2.0,4.0,2.0,1,2,3
549297201996-1,-185.0,-161.0,-185.0,-161.0,-118.0,67.0,-51.0,16.0,-152.0,-129.0,-152.0,-129.0,-166.0,-14.0,-180.0,-13.0,-33.0,-32.0,-33.0,-32.0,48.0,81.0,129.0,29.0,4367.0,3841.0,169.0,144.0,183.0,14.0,197.0,22.0,8,135,143
567935925978-1,0.0,0.0,0.0,0.0,0.0,0.0,0.0,0.0,0.0,0.0,0.0,0.0,0.0,0.0,0.0,0.0,0.0,0.0,0.0,0.0,0.0,0.0,0.0,0.0,175.0,147.0,175.0,147.0,175.0,0.0,175.0,1.0,2,1,3
579233834964-1,1.0,2.0,1.0,2.0,3.0,2.0,5.0,1.0,0.0,0.0,0.0,0.0,0.0,0.0,0.0,0.0,1.0,2.0,1.0,2.0,3.0,2.0,5.0,1.0,231.0,204.0,4.0,4.0,4.0,0.0,4.0,1.0,1,1,2
588781189110-1,0.0,0.0,0.0,0.0,0.0,0.0,0.0,0.0,0.0,0.0,0.0,0.0,0.0,0.0,0.0,0.0,0.0,0.0,0.0,0.0,0.0,0.0,0.0,0.0,736.0,578.0,73.0,63.0,73.0,0.0,73.0,1.0,19,1,20
598327271439-1,-1.0,0.0,-1.0,0.0,0.0,1.0,1.0,1.0,0.0,0.0,0.0,0.0,0.0,0.0,0.0,0.0,-1.0,0.0,-1.0,0.0,0.0,1.0,1.0,1.0,163.0,116.0,3.0,1.0,3.0,0.0,3.0,1.0,4,1,5
623700412408-1,159.0,131.0,159.0,131.0,168.0,9.0,177.0,13.0,0.0,0.0,0.0,0.0,0.0,0.0,0.0,0.0,159.0,131.0,159.0,131.0,168.0,9.0,177.0,13.0,506.0,424.0,4.0,4.0,15.0,11.0,26.0,1.0,17,1,18
627553864039-1,-1.0,0.0,-1.0,0.0,1.0,2.0,3.0,0.0,0.0,0.0,0.0,0.0,0.0,0.0,0.0,0.0,-1.0,0.0,-1.0,0.0,1.0,2.0,3.0,0.0,14.0,10.0,-517.0,-468.0,8.0,525.0,533.0,1.0,13,17,30
639786970653-1,-316.0,-224.0,-316.0,-224.0,-36.0,280.0,244.0,-4.0,-2.0,-2.0,-2.0,-2.0,-3.0,-1.0,-4.0,-1.0,-314.0,-222.0,-314.0,-222.0,-33.0,281.0,248.0,-3.0,1321.0,1021.0,70.0,50.0,185.0,115.0,300.0,24.0,3,1,4
642118282606-1,0.0,0.0,0.0,0.0,1.0,1.0,2.0,1.0,0.0,0.0,0.0,0.0,0.0,0.0,0.0,0.0,0.0,0.0,0.0,0.0,1.0,1.0,2.0,1.0,313.0,263.0,-1.0,-1.0,5.0,6.0,11.0,2.0,1,1,2
660647692663-1,-2.0,-1.0,-2.0,-1.0,-2.0,0.0,-2.0,0.0,-59.0,-50.0,-59.0,-50.0,-59.0,0.0,-59.0,0.0,57.0,49.0,57.0,49.0,57.0,0.0,57.0,0.0,179.0,140.0,179.0,140.0,179.0,0.0,179.0,1.0,19,1,20
660673792076-1,0.0,0.0,0.0,0.0,1.0,1.0,2.0,0.0,0.0,0.0,0.0,0.0,0.0,0.0,0.0,0.0,0.0,0.0,0.0,0.0,1.0,1.0,2.0,0.0,11.0,10.0,1.0,1.0,1.0,0.0,1.0,1.0,1,2,3
681966318271-1,0.0,1.0,0.0,1.0,2.0,2.0,4.0,1.0,0.0,0.0,0.0,0.0,0.0,0.0,0.0,0.0,0.0,1.0,0.0,1.0,2.0,2.0,4.0,1.0,81.0,61.0,-4.0,-6.0,2.0,6.0,8.0,1.0,1,2,3
710066445413-1,0.0,0.0,0.0,0.0,0.0,0.0,0.0,0.0,0.0,0.0,0.0,0.0,0.0,0.0,0.0,0.0,0.0,0.0,0.0,0.0,0.0,0.0,0.0,0.0,97.0,66.0,97.0,66.0,97.0,0.0,97.0,1.0,117,4,121
71222375962-1,139.0,104.0,139.0,104.0,145.0,6.0,151.0,4.0,0.0,0.0,0.0,0.0,0.0,0.0,0.0,0.0,139.0,104.0,139.0,104.0,145.0,6.0,151.0,4.0,1017.0,876.0,89.0,69.0,109.0,20.0,129.0,6.0,9,4,13
715387869971-1,2.0,1.0,2.0,1.0,2.0,0.0,2.0,0.0,0.0,0.0,0.0,0.0,0.0,0.0,0.0,0.0,2.0,1.0,2.0,1.0,2.0,0.0,2.0,0.0,34.0,20.0,34.0,20.0,34.0,0.0,34.0,1.0,4,2,6
722274889380-1,-3.0,-1.0,-3.0,-1.0,-6.0,-3.0,-9.0,0.0,-21.0,-13.0,-21.0,-13.0,-19.0,2.0,-17.0,-1.0,18.0,12.0,18.0,12.0,13.0,-5.0,8.0,1.0,231.0,170.0,-5.0,-11.0,36.0,41.0,77.0,7.0,20,4,24
735341233792-1,3.0,2.0,3.0,2.0,23.0,20.0,43.0,2.0,0.0,0.0,0.0,0.0,0.0,0.0,0.0,0.0,3.0,2.0,3.0,2.0,23.0,20.0,43.0,2.0,623.0,526.0,3.0,2.0,4.0,1.0,5.0,2.0,1,2,3
737333157458-1,0.0,0.0,0.0,0.0,0.0,0.0,0.0,0.0,0.0,0.0,0.0,0.0,0.0,0.0,0.0,0.0,0.0,0.0,0.0,0.0,0.0,0.0,0.0,0.0,168.0,134.0,168.0,134.0,168.0,0.0,168.0,1.0,2,1,3
74198421728-1,2.0,-1.0,2.0,-1.0,3.0,1.0,4.0,1.0,0.0,0.0,0.0,0.0,0.0,0.0,0.0,0.0,2.0,-1.0,2.0,-1.0,3.0,1.0,4.0,1.0,184.0,151.0,19.0,16.0,68.0,49.0,117.0,3.0,2,1,3
74343481119-1,0.0,0.0,0.0,0.0,1.0,1.0,2.0,1.0,0.0,0.0,0.0,0.0,0.0,0.0,0.0,0.0,0.0,0.0,0.0,0.0,1.0,1.0,2.0,1.0,226.0,168.0,1.0,1.0,5.0,4.0,9.0,2.0,1,1,2
753347001855-1,1.0,0.0,1.0,0.0,2.0,1.0,3.0,1.0,0.0,0.0,0.0,0.0,0.0,0.0,0.0,0.0,1.0,0.0,1.0,0.0,2.0,1.0,3.0,1.0,198.0,162.0,9.0,9.0,12.0,3.0,15.0,3.0,1,1,2
757793917295-1,-3.0,-2.0,-3.0,-2.0,-3.0,0.0,-3.0,0.0,-3.0,-2.0,-3.0,-2.0,-3.0,0.0,-3.0,0.0,0.0,0.0,0.0,0.0,0.0,0.0,0.0,0.0,193.0,146.0,193.0,146.0,193.0,0.0,193.0,1.0,6,1,7
784967056668-1,2.0,0.0,2.0,0.0,4.0,2.0,6.0,1.0,0.0,0.0,0.0,0.0,0.0,0.0,0.0,0.0,2.0,0.0,2.0,0.0,4.0,2.0,6.0,1.0,85.0,72.0,19.0,18.0,25.0,6.0,31.0,3.0,4,1,5
78890468565-1,-109.0,-92.0,-109.0,-92.0,-8.0,101.0,93.0,0.0,0.0,0.0,0.0,0.0,0.0,0.0,0.0,0.0,-109.0,-92.0,-109.0,-92.0,-8.0,101.0,93.0,0.0,745.0,561.0,13.0,10.0,31.0,18.0,49.0,3.0,38,3,41
789952760466-1,25.0,25.0,25.0,25.0,25.0,0.0,25.0,3.0,-1.0,-1.0,-1.0,-1.0,-1.0,0.0,-1.0,0.0,26.0,26.0,26.0,26.0,26.0,0.0,26.0,3.0,419.0,318.0,88.0,66.0,104.0,16.0,120.0,8.0,14,3,17
810893186987-1,0.0,0.0,0.0,0.0,0.0,0.0,0.0,0.0,0.0,0.0,0.0,0.0,0.0,0.0,0.0,0.0,0.0,0.0,0.0,0.0,0.0,0.0,0.0,0.0,30.0,28.0,12.0,11.0,14.0,2.0,16.0,2.0,2,1,3
833417936828-1,-35.0,-27.0,-35.0,-27.0,-21.0,14.0,-7.0,1.0,0.0,0.0,0.0,0.0,0.0,0.0,0.0,0.0,-35.0,-27.0,-35.0,-27.0,-21.0,14.0,-7.0,1.0,519.0,361.0,42.0,32.0,165.0,123.0,288.0,11.0,5,1,6
861987333005-1,0.0,0.0,0.0,0.0,0.0,0.0,0.0,0.0,0.0,0.0,0.0,0.0,0.0,0.0,0.0,0.0,0.0,0.0,0.0,0.0,0.0,0.0,0.0,0.0,23.0,11.0,23.0,11.0,23.0,0.0,23.0,1.0,1,1,2
863458841911-1,1.0,0.0,1.0,0.0,1.0,0.0,1.0,1.0,0.0,0.0,0.0,0.0,0.0,0.0,0.0,0.0,1.0,0.0,1.0,0.0,1.0,0.0,1.0,1.0,525.0,453.0,2.0,3.0,4.0,2.0,6.0,1.0,3,5,8
865573084915-1,2.0,3.0,2.0,3.0,1.0,-1.0,0.0,0.0,0.0,0.0,0.0,0.0,0.0,0.0,0.0,0.0,2.0,3.0,2.0,3.0,1.0,-1.0,0.0,0.0,82.0,66.0,-187.0,-168.0,47.0,234.0,281.0,2.0,4,3,7
870389664851-1,0.0,0.0,0.0,0.0,0.0,0.0,0.0,0.0,0.0,0.0,0.0,0.0,0.0,0.0,0.0,0.0,0.0,0.0,0.0,0.0,0.0,0.0,0.0,0.0,14.0,9.0,14.0,9.0,14.0,0.0,14.0,1.0,3,1,4
880678931366-1,-5.0,-5.0,-5.0,-5.0,-5.0,0.0,-5.0,0.0,0.0,0.0,0.0,0.0,0.0,0.0,0.0,0.0,-5.0,-5.0,-5.0,-5.0,-5.0,0.0,-5.0,0.0,144.0,117.0,51.0,47.0,55.0,4.0,59.0,2.0,37,14,51
881115112368-1,0.0,0.0,0.0,0.0,1.0,1.0,2.0,1.0,0.0,0.0,0.0,0.0,0.0,0.0,0.0,0.0,0.0,0.0,0.0,0.0,1.0,1.0,2.0,1.0,33.0,23.0,0.0,0.0,1.0,1.0,2.0,1.0,4,2,6
886040393559-1,0.0,0.0,0.0,0.0,1.0,1.0,2.0,1.0,0.0,0.0,0.0,0.0,0.0,0.0,0.0,0.0,0.0,0.0,0.0,0.0,1.0,1.0,2.0,1.0,85.0,59.0,5.0,3.0,8.0,3.0,11.0,2.0,2,2,4
896303410886-1,9.0,5.0,9.0,5.0,4.0,-5.0,-1.0,1.0,-92.0,-75.0,-92.0,-75.0,-103.0,-11.0,-114.0,-7.0,101.0,80.0,101.0,80.0,107.0,6.0,113.0,8.0,817.0,715.0,93.0,76.0,106.0,13.0,119.0,8.0,8,1,9
897965791838-1,,,,,,,,,-1.0,0.0,-1.0,0.0,0.0,1.0,1.0,0.0,,,,,,,,,2327.0,1917.0,481.0,561.0,1527.0,1046.0,2573.0,5.0,10,4,14
900001676680-1,-4.0,-4.0,-4.0,-4.0,-4.0,0.0,-4.0,0.0,-4.0,-4.0,-4.0,-4.0,-4.0,0.0,-4.0,0.0,0.0,0.0,0.0,0.0,0.0,0.0,0.0,0.0,58.0,34.0,58.0,34.0,58.0,0.0,58.0,1.0,1,1,2
90998825390-1,7.0,8.0,7.0,8.0,6.0,-1.0,5.0,-1.0,-12.0,-12.0,-12.0,-12.0,-13.0,-1.0,-14.0,0.0,19.0,20.0,19.0,20.0,19.0,0.0,19.0,-1.0,382.0,293.0,194.0,153.0,200.0,6.0,206.0,9.0,23,1,24
917426426510-1,0.0,0.0,0.0,0.0,1.0,1.0,2.0,1.0,0.0,0.0,0.0,0.0,0.0,0.0,0.0,0.0,0.0,0.0,0.0,0.0,1.0,1.0,2.0,1.0,122.0,75.0,0.0,0.0,1.0,1.0,2.0,1.0,3,2,5
920866924059-1,1.0,1.0,1.0,1.0,-9.0,-10.0,-19.0,2.0,0.0,0.0,0.0,0.0,0.0,0.0,0.0,0.0,1.0,1.0,1.0,1.0,-9.0,-10.0,-19.0,2.0,412.0,350.0,15.0,15.0,28.0,13.0,41.0,2.0,1,2,3
922038930101-1,-14.0,-9.0,-14.0,-9.0,-21.0,-8.0,-29.0,-3.0,0.0,0.0,0.0,0.0,0.0,-1.0,-1.0,0.0,-14.0,-9.0,-14.0,-9.0,-21.0,-7.0,-28.0,-3.0,136.0,114.0,21.0,16.0,35.0,15.0,50.0,7.0,2,1,3
927346118635-1,22.0,22.0,22.0,22.0,26.0,4.0,30.0,-2.0,0.0,0.0,0.0,0.0,0.0,0.0,0.0,0.0,22.0,22.0,22.0,22.0,26.0,4.0,30.0,-2.0,445.0,363.0,47.0,38.0,75.0,28.0,103.0,16.0,20,14,34
929248875870-1,-90.0,-82.0,-90.0,-82.0,-44.0,46.0,2.0,1.0,0.0,0.0,0.0,0.0,0.0,0.0,0.0,0.0,-90.0,-82.0,-90.0,-82.0,-44.0,46.0,2.0,1.0,587.0,509.0,66.0,60.0,77.0,11.0,88.0,8.0,5,4,9
930100752068-1,2.0,0.0,2.0,0.0,2.0,0.0,2.0,1.0,0.0,0.0,0.0,0.0,0.0,0.0,0.0,0.0,2.0,0.0,2.0,0.0,2.0,0.0,2.0,1.0,229.0,171.0,3.0,-3.0,13.0,10.0,23.0,3.0,2,1,3
93141973279-1,-80.0,-62.0,-80.0,-62.0,7.0,87.0,94.0,4.0,0.0,0.0,0.0,0.0,0.0,0.0,0.0,0.0,-80.0,-62.0,-80.0,-62.0,7.0,87.0,94.0,4.0,1000.0,822.0,132.0,105.0,135.0,3.0,138.0,9.0,23,1,24
939726392597-1,-109.0,-88.0,-109.0,-88.0,-109.0,0.0,-109.0,-1.0,3.0,-1.0,3.0,-1.0,3.0,0.0,3.0,0.0,-112.0,-87.0,-112.0,-87.0,-112.0,0.0,-112.0,-1.0,367.0,282.0,179.0,142.0,184.0,5.0,189.0,9.0,22,1,23
962289186455-1,-18.0,-5.0,-18.0,-5.0,-4.0,6.0,2.0,0.0,-14.0,-7.0,-14.0,-7.0,-6.0,0.0,-6.0,0.0,-4.0,2.0,-4.0,2.0,2.0,6.0,8.0,0.0,26.0,12.0,16.0,8.0,10.0,2.0,12.0,1.0,7,7,14
966173677419-1,-180.0,-121.0,-180.0,-121.0,-144.0,36.0,-108.0,2.0,0.0,0.0,0.0,0.0,-1.0,-1.0,-2.0,1.0,-180.0,-121.0,-180.0,-121.0,-143.0,37.0,-106.0,1.0,3087.0,2223.0,146.0,105.0,169.0,23.0,192.0,7.0,15,2,17
974016557855-1,3.0,3.0,3.0,3.0,4.0,1.0,5.0,0.0,0.0,0.0,0.0,0.0,0.0,0.0,0.0,0.0,3.0,3.0,3.0,3.0,4.0,1.0,5.0,0.0,42.0,35.0,2.0,3.0,6.0,4.0,10.0,2.0,1,1,2
982308398779-1,-1.0,0.0,-1.0,0.0,0.0,1.0,1.0,1.0,0.0,0.0,0.0,0.0,0.0,0.0,0.0,0.0,-1.0,0.0,-1.0,0.0,0.0,1.0,1.0,1.0,245.0,195.0,2.0,1.0,7.0,5.0,12.0,3.0,17,1,18
983415352415-1,-1.0,0.0,-1.0,0.0,0.0,1.0,1.0,0.0,-11.0,-10.0,-11.0,-10.0,-12.0,-1.0,-13.0,-2.0,10.0,10.0,10.0,10.0,12.0,2.0,14.0,2.0,315.0,273.0,12.0,10.0,14.0,2.0,16.0,4.0,2,17,19
997882935345-1,2.0,1.0,2.0,1.0,-3.0,-5.0,-8.0,-3.0,0.0,0.0,0.0,0.0,0.0,0.0,0.0,0.0,2.0,1.0,2.0,1.0,-3.0,-5.0,-8.0,-3.0,380.0,298.0,14.0,12.0,31.0,17.0,48.0,9.0,8,2,10
102729026392-1,153.0,93.0,153.0,93.0,149.0,-4.0,145.0,1.0,48.0,42.0,48.0,42.0,-28.0,-76.0,-104.0,-11.0,105.0,51.0,105.0,51.0,177.0,72.0,249.0,12.0,387.0,320.0,-47.0,-41.0,29.0,76.0,105.0,12.0,1,5,6
104567777563-1,16.0,6.0,16.0,6.0,21.0,5.0,26.0,4.0,0.0,0.0,0.0,0.0,0.0,0.0,0.0,0.0,16.0,6.0,16.0,6.0,21.0,5.0,26.0,4.0,1255.0,986.0,49.0,34.0,150.0,101.0,251.0,37.0,5,1,6
105038906426-1,247.0,159.0,247.0,159.0,248.0,1.0,249.0,2.0,-28.0,-22.0,-28.0,-22.0,-38.0,-10.0,-48.0,-2.0,275.0,181.0,275.0,181.0,286.0,11.0,297.0,4.0,381.0,317.0,28.0,21.0,45.0,17.0,62.0,4.0,1,1,2
105354636072-1,25.0,16.0,25.0,16.0,33.0,8.0,41.0,6.0,0.0,5.0,0.0,5.0,0.0,0.0,0.0,0.0,25.0,11.0,25.0,11.0,33.0,8.0,41.0,6.0,1602.0,1363.0,15.0,10.0,19.0,4.0,23.0,3.0,1,1,2
106986943940-1,15.0,6.0,15.0,6.0,15.0,0.0,15.0,0.0,-11.0,-10.0,-11.0,-10.0,-11.0,0.0,-11.0,0.0,26.0,16.0,26.0,16.0,26.0,0.0,26.0,0.0,210.0,164.0,210.0,164.0,210.0,0.0,210.0,1.0,1,2,3
112872124646-1,-9.0,-26.0,-9.0,-26.0,-38.0,-29.0,-67.0,4.0,-48.0,-38.0,-48.0,-38.0,-54.0,-6.0,-60.0,2.0,39.0,12.0,39.0,12.0,16.0,-23.0,-7.0,2.0,859.0,733.0,102.0,92.0,183.0,81.0,264.0,20.0,6,3,9
113404845952-1,119.0,77.0,119.0,77.0,117.0,-2.0,115.0,-1.0,-19.0,-16.0,-19.0,-16.0,-28.0,-9.0,-37.0,-2.0,138.0,93.0,138.0,93.0,145.0,7.0,152.0,1.0,175.0,146.0,60.0,54.0,70.0,10.0,80.0,5.0,9,1,10
122070957868-1,129.0,66.0,129.0,66.0,130.0,1.0,131.0,2.0,0.0,0.0,0.0,0.0,0.0,0.0,0.0,0.0,129.0,66.0,129.0,66.0,130.0,1.0,131.0,2.0,580.0,494.0,0.0,0.0,1.0,1.0,2.0,1.0,1,1,2
12459398132-1,50.0,34.0,50.0,34.0,51.0,1.0,52.0,2.0,-1.0,0.0,-1.0,0.0,-1.0,0.0,-1.0,0.0,51.0,34.0,51.0,34.0,52.0,1.0,53.0,2.0,46.0,33.0,1.0,0.0,13.0,12.0,25.0,1.0,1,1,2
128217118808-1,116.0,77.0,116.0,77.0,101.0,-15.0,86.0,0.0,0.0,0.0,0.0,0.0,0.0,0.0,0.0,0.0,116.0,77.0,116.0,77.0,101.0,-15.0,86.0,0.0,70.0,59.0,-36.0,-20.0,56.0,92.0,148.0,1.0,7,4,11
129797159042-1,61.0,41.0,61.0,41.0,-15.0,-76.0,-91.0,-3.0,-40.0,-37.0,-40.0,-37.0,-233.0,-193.0,-426.0,-33.0,101.0,78.0,101.0,78.0,218.0,117.0,335.0,30.0,1408.0,1111.0,58.0,49.0,292.0,234.0,526.0,42.0,15,22,37
130376795108-1,50.0,28.0,50.0,28.0,53.0,3.0,56.0,1.0,-18.0,-16.0,-18.0,-16.0,-16.0,2.0,-14.0,1.0,68.0,44.0,68.0,44.0,69.0,1.0,70.0,0.0,99.0,86.0,30.0,27.0,50.0,20.0,70.0,1.0,1,1,2
133728812294-1,67.0,46.0,67.0,46.0,68.0,1.0,69.0,2.0,-2.0,-2.0,-2.0,-2.0,-4.0,-2.0,-6.0,-1.0,69.0,48.0,69.0,48.0,72.0,3.0,75.0,3.0,146.0,107.0,2.0,2.0,5.0,3.0,8.0,2.0,1,4,5
134972618836-1,-31.0,-22.0,-31.0,-22.0,116.0,147.0,263.0,49.0,-6.0,-4.0,-6.0,-4.0,-8.0,-2.0,-10.0,-2.0,-25.0,-18.0,-25.0,-18.0,124.0,149.0,273.0,51.0,3141.0,2478.0,57.0,51.0,70.0,13.0,83.0,8.0,11,1,12
137067530791-1,25.0,14.0,25.0,14.0,21.0,-4.0,17.0,-1.0,-129.0,-102.0,-129.0,-102.0,-130.0,-1.0,-131.0,-4.0,154.0,116.0,154.0,116.0,151.0,-3.0,148.0,3.0,680.0,572.0,143.0,115.0,155.0,12.0,167.0,7.0,19,3,22
139406595292-1,30.0,19.0,30.0,19.0,38.0,8.0,46.0,0.0,-23.0,-23.0,-23.0,-23.0,-24.0,-1.0,-25.0,-2.0,53.0,42.0,53.0,42.0,62.0,9.0,71.0,2.0,426.0,380.0,67.0,64.0,75.0,8.0,83.0,15.0,2,6,8
143627738161-1,67.0,43.0,67.0,43.0,69.0,1.0,70.0,2.0,-13.0,-13.0,-13.0,-13.0,-15.0,-2.0,-17.0,-5.0,80.0,56.0,80.0,56.0,84.0,3.0,87.0,7.0,431.0,385.0,32.0,32.0,64.0,33.0,97.0,15.0,1,1,2
147998253852-1,-137.0,-143.0,-137.0,-143.0,-5.0,132.0,127.0,-3.0,-120.0,-119.0,-120.0,-119.0,-369.0,-249.0,-618.0,-8.0,-17.0,-24.0,-17.0,-24.0,364.0,381.0,745.0,5.0,1042.0,899.0,121.0,121.0,389.0,268.0,657.0,20.0,3,7,10
153290721917-1,35.0,22.0,35.0,22.0,41.0,6.0,47.0,1.0,-13.0,-12.0,-13.0,-12.0,-13.0,0.0,-13.0,0.0,48.0,34.0,48.0,34.0,54.0,6.0,60.0,1.0,236.0,168.0,28.0,29.0,151.0,123.0,274.0,4.0,40,38,78
153728985754-1,58.0,42.0,58.0,42.0,58.0,0.0,58.0,0.0,0.0,0.0,0.0,0.0,0.0,0.0,0.0,0.0,58.0,42.0,58.0,42.0,58.0,0.0,58.0,0.0,487.0,308.0,487.0,308.0,487.0,0.0,487.0,1.0,3,3,6
154304387807-1,84.0,46.0,84.0,46.0,86.0,2.0,88.0,2.0,-2.0,1.0,-2.0,1.0,-4.0,-2.0,-6.0,-2.0,86.0,45.0,86.0,45.0,90.0,4.0,94.0,4.0,406.0,287.0,2.0,-1.0,5.0,3.0,8.0,3.0,1,1,2
158845296408-1,12.0,3.0,12.0,3.0,34.0,22.0,56.0,1.0,-15.0,-13.0,-15.0,-13.0,-19.0,-4.0,-23.0,-2.0,27.0,16.0,27.0,16.0,53.0,26.0,79.0,3.0,1078.0,862.0,15.0,11.0,21.0,6.0,27.0,4.0,4,2,6
159827835820-1,69.0,43.0,69.0,43.0,74.0,5.0,79.0,0.0,-1.0,-1.0,-1.0,-1.0,3.0,4.0,7.0,-1.0,70.0,44.0,70.0,44.0,71.0,1.0,72.0,1.0,344.0,278.0,15.0,15.0,22.0,7.0,29.0,6.0,6,2,8
160166433373-1,63.0,40.0,63.0,40.0,52.0,-11.0,41.0,0.0,107.0,-16.0,107.0,-16.0,-18.0,-125.0,-143.0,-5.0,-44.0,56.0,-44.0,56.0,70.0,114.0,184.0,5.0,527.0,401.0,-112.0,8.0,32.0,144.0,176.0,10.0,4,4,8
163540612069-1,46.0,26.0,46.0,26.0,42.0,-4.0,38.0,1.0,1.0,1.0,1.0,1.0,0.0,-1.0,-1.0,-1.0,45.0,25.0,45.0,25.0,42.0,-3.0,39.0,2.0,858.0,728.0,87.0,93.0,228.0,141.0,369.0,9.0,39,3,42
182290594342-1,54.0,26.0,54.0,26.0,49.0,-5.0,44.0,0.0,-73.0,-73.0,-73.0,-73.0,-145.0,-72.0,-217.0,-13.0,127.0,99.0,127.0,99.0,194.0,67.0,261.0,13.0,503.0,385.0,84.0,80.0,159.0,76.0,235.0,17.0,5,6,11
18238994042-1,137.0,95.0,137.0,95.0,141.0,4.0,145.0,1.0,-27.0,-36.0,-27.0,-36.0,-74.0,-47.0,-121.0,-6.0,164.0,131.0,164.0,131.0,215.0,51.0,266.0,7.0,732.0,634.0,69.0,68.0,126.0,57.0,183.0,15.0,7,3,10
187092660972-1,-881.0,-586.0,-881.0,-586.0,216.0,1097.0,1313.0,11.0,77.0,65.0,77.0,65.0,-164.0,-241.0,-405.0,-31.0,-958.0,-651.0,-958.0,-651.0,380.0,1338.0,1718.0,42.0,2987.0,2146.0,-56.0,-47.0,197.0,253.0,450.0,37.0,2,9,11
190161517636-1,22.0,12.0,22.0,12.0,25.0,3.0,28.0,2.0,1.0,0.0,1.0,0.0,1.0,0.0,1.0,0.0,21.0,12.0,21.0,12.0,24.0,3.0,27.0,2.0,929.0,795.0,1.0,0.0,30.0,29.0,59.0,2.0,1,1,2
190169307042-1,127.0,91.0,127.0,91.0,184.0,57.0,241.0,10.0,45.0,40.0,45.0,40.0,1.0,-44.0,-43.0,-7.0,82.0,51.0,82.0,51.0,183.0,101.0,284.0,17.0,1841.0,1521.0,-41.0,-36.0,6.0,47.0,53.0,9.0,1,1,2
200212032116-1,26.0,13.0,26.0,13.0,25.0,-1.0,24.0,-1.0,-64.0,-55.0,-64.0,-55.0,-95.0,-31.0,-126.0,-3.0,90.0,68.0,90.0,68.0,120.0,30.0,150.0,2.0,457.0,382.0,102.0,87.0,135.0,33.0,168.0,9.0,3,3,6
203539966931-1,296.0,192.0,296.0,192.0,201.0,-95.0,106.0,2.0,-108.0,-94.0,-108.0,-94.0,-204.0,-96.0,-300.0,-1.0,404.0,286.0,404.0,286.0,405.0,1.0,406.0,3.0,784.0,589.0,137.0,113.0,234.0,97.0,331.0,3.0,1,4,5
215066829348-1,-19.0,-27.0,-19.0,-27.0,31.0,50.0,81.0,-8.0,65.0,-29.0,65.0,-29.0,-399.0,-464.0,-863.0,-67.0,-84.0,2.0,-84.0,2.0,430.0,514.0,944.0,59.0,1875.0,1401.0,-60.0,33.0,405.0,465.0,870.0,68.0,24,2,26
215713840268-1,30.0,16.0,30.0,16.0,31.0,1.0,32.0,2.0,0.0,0.0,0.0,0.0,-1.0,-1.0,-2.0,0.0,30.0,16.0,30.0,16.0,32.0,2.0,34.0,2.0,362.0,296.0,14.0,14.0,16.0,2.0,18.0,5.0,1,1,2
220662483217-1,19.0,10.0,19.0,10.0,28.0,9.0,37.0,3.0,-41.0,-28.0,-41.0,-28.0,-50.0,-9.0,-59.0,-8.0,60.0,38.0,60.0,38.0,78.0,18.0,96.0,11.0,1608.0,1330.0,41.0,28.0,52.0,11.0,63.0,10.0,7,3,10
229330283794-1,112.0,63.0,112.0,63.0,136.0,24.0,160.0,9.0,12.0,12.0,12.0,12.0,-38.0,-50.0,-88.0,-13.0,100.0,51.0,100.0,51.0,174.0,74.0,248.0,22.0,2184.0,1849.0,3.0,1.0,53.0,50.0,103.0,20.0,2,10,12
229663657615-1,12.0,2.0,12.0,2.0,29.0,17.0,46.0,2.0,0.0,0.0,0.0,0.0,0.0,0.0,0.0,0.0,12.0,2.0,12.0,2.0,29.0,17.0,46.0,2.0,384.0,321.0,67.0,41.0,161.0,94.0,255.0,5.0,2,1,3
230582573383-1,-18.0,1.0,-18.0,1.0,45.0,63.0,108.0,16.0,1.0,0.0,1.0,0.0,-50.0,-51.0,-101.0,-7.0,-19.0,1.0,-19.0,1.0,95.0,114.0,209.0,23.0,2331.0,1962.0,63.0,54.0,120.0,57.0,177.0,19.0,4,8,12
238938177304-1,92.0,47.0,92.0,47.0,92.0,0.0,92.0,0.0,0.0,0.0,0.0,0.0,0.0,0.0,0.0,0.0,92.0,47.0,92.0,47.0,92.0,0.0,92.0,0.0,1.0,1.0,0.0,0.0,1.0,1.0,2.0,1.0,526,2,528
241210066237-1,-658.0,-517.0,-658.0,-517.0,33.0,691.0,724.0,4.0,0.0,0.0,0.0,0.0,0.0,0.0,0.0,0.0,-658.0,-517.0,-658.0,-517.0,33.0,691.0,724.0,4.0,2208.0,1767.0,15.0,14.0,17.0,2.0,19.0,4.0,9,1,10
242047917745-1,79.0,41.0,79.0,41.0,80.0,1.0,81.0,1.0,-29.0,-27.0,-29.0,-27.0,-33.0,-4.0,-37.0,-4.0,108.0,68.0,108.0,68.0,113.0,5.0,118.0,5.0,553.0,465.0,31.0,29.0,100.0,69.0,169.0,6.0,1,1,2
244282362208-1,43.0,22.0,43.0,22.0,43.0,0.0,43.0,2.0,-4.0,-4.0,-4.0,-4.0,-6.0,-2.0,-8.0,0.0,47.0,26.0,47.0,26.0,49.0,2.0,51.0,2.0,478.0,427.0,65.0,59.0,112.0,47.0,159.0,5.0,3,2,5
245264511134-1,-2412.0,-1348.0,-2412.0,-1348.0,2612.0,5024.0,7636.0,-12.0,-53.0,-40.0,-53.0,-40.0,-67.0,-14.0,-81.0,-9.0,-2359.0,-1308.0,-2359.0,-1308.0,2679.0,5038.0,7717.0,-3.0,5185.0,4089.0,65.0,46.0,87.0,22.0,109.0,15.0,2,9,11
252422476788-1,46.0,24.0,46.0,24.0,17.0,-29.0,-12.0,0.0,1.0,-1.0,1.0,-1.0,1.0,0.0,1.0,0.0,45.0,25.0,45.0,25.0,16.0,-29.0,-13.0,0.0,782.0,616.0,56.0,67.0,261.0,205.0,466.0,19.0,1,3,4
256935289958-1,25.0,14.0,25.0,14.0,33.0,8.0,41.0,5.0,-1.0,-1.0,-1.0,-1.0,-14.0,-13.0,-27.0,-3.0,26.0,15.0,26.0,15.0,47.0,21.0,68.0,8.0,900.0,656.0,156.0,121.0,189.0,33.0,222.0,17.0,13,2,15
257165184357-1,-79.0,-63.0,-79.0,-63.0,26.0,105.0,131.0,4.0,0.0,0.0,0.0,0.0,0.0,0.0,0.0,0.0,-79.0,-63.0,-79.0,-63.0,26.0,105.0,131.0,4.0,569.0,422.0,-1.0,-1.0,7.0,8.0,15.0,4.0,4,1,5
259932261229-1,74.0,44.0,74.0,44.0,76.0,2.0,78.0,0.0,-6.0,-4.0,-6.0,-4.0,-12.0,-6.0,-18.0,-4.0,80.0,48.0,80.0,48.0,88.0,8.0,96.0,4.0,530.0,411.0,12.0,11.0,45.0,33.0,78.0,13.0,4,1,5
260077154096-1,210.0,146.0,210.0,146.0,206.0,-4.0,202.0,1.0,4.0,4.0,4.0,4.0,-13.0,-17.0,-30.0,-3.0,206.0,142.0,206.0,142.0,219.0,13.0,232.0,4.0,75.0,51.0,-15.0,-15.0,13.0,28.0,41.0,4.0,1,1,2
260555716717-1,97.0,58.0,97.0,58.0,97.0,0.0,97.0,2.0,-11.0,-10.0,-11.0,-10.0,-11.0,0.0,-11.0,0.0,108.0,68.0,108.0,68.0,108.0,0.0,108.0,2.0,638.0,523.0,63.0,54.0,127.0,64.0,191.0,12.0,5,3,8
261277312749-1,92.0,52.0,92.0,52.0,93.0,1.0,94.0,0.0,-4.0,-2.0,-4.0,-2.0,-4.0,0.0,-4.0,0.0,96.0,54.0,96.0,54.0,97.0,1.0,98.0,0.0,58.0,42.0,4.0,2.0,9.0,5.0,14.0,5.0,1,1,2
271644581749-1,87.0,54.0,87.0,54.0,87.0,0.0,87.0,2.0,15.0,12.0,15.0,12.0,14.0,-1.0,13.0,0.0,72.0,42.0,72.0,42.0,73.0,1.0,74.0,2.0,107.0,77.0,7.0,7.0,9.0,2.0,11.0,2.0,8,1,9
281665466056-1,23.0,15.0,23.0,15.0,24.0,1.0,25.0,2.0,-2.0,-1.0,-2.0,-1.0,-11.0,-9.0,-20.0,-5.0,25.0,16.0,25.0,16.0,35.0,10.0,45.0,7.0,358.0,268.0,109.0,67.0,141.0,32.0,173.0,10.0,6,1,7
283345365426-1,375.0,288.0,375.0,288.0,389.0,14.0,403.0,2.0,-52.0,-37.0,-52.0,-37.0,-57.0,-5.0,-62.0,-1.0,427.0,325.0,427.0,325.0,446.0,19.0,465.0,3.0,219.0,175.0,77.0,61.0,84.0,7.0,91.0,3.0,10,4,14
287055261251-1,53.0,20.0,53.0,20.0,-27.0,-80.0,-107.0,4.0,1.0,0.0,1.0,0.0,1.0,0.0,1.0,0.0,52.0,20.0,52.0,20.0,-28.0,-80.0,-108.0,4.0,1126.0,841.0,18.0,29.0,189.0,171.0,360.0,9.0,1,1,2
290925640723-1,241.0,166.0,241.0,166.0,241.0,0.0,241.0,2.0,-79.0,-66.0,-79.0,-66.0,-80.0,-1.0,-81.0,-2.0,320.0,232.0,320.0,232.0,321.0,1.0,322.0,4.0,426.0,344.0,111.0,96.0,112.0,1.0,113.0,7.0,1,2,3
294960502166-1,407.0,309.0,407.0,309.0,416.0,9.0,425.0,2.0,-25.0,-23.0,-25.0,-23.0,-28.0,-3.0,-31.0,-4.0,432.0,332.0,432.0,332.0,444.0,12.0,456.0,6.0,742.0,660.0,246.0,223.0,254.0,8.0,262.0,7.0,18,1,19
296110151635-1,231.0,169.0,231.0,169.0,231.0,0.0,231.0,-1.0,-16.0,-9.0,-16.0,-9.0,-18.0,-2.0,-20.0,-3.0,247.0,178.0,247.0,178.0,249.0,2.0,251.0,2.0,173.0,132.0,56.0,44.0,58.0,2.0,60.0,5.0,1,2,3
301718436761-1,198.0,126.0,198.0,126.0,192.0,-6.0,186.0,3.0,85.0,61.0,85.0,61.0,-18.0,-103.0,-121.0,-5.0,113.0,65.0,113.0,65.0,210.0,97.0,307.0,8.0,660.0,554.0,-80.0,-57.0,29.0,109.0,138.0,9.0,7,1,8
305882271106-1,111.0,101.0,111.0,101.0,214.0,103.0,317.0,25.0,71.0,71.0,71.0,71.0,70.0,-1.0,69.0,-1.0,40.0,30.0,40.0,30.0,144.0,104.0,248.0,26.0,1511.0,1199.0,69.0,66.0,70.0,1.0,71.0,3.0,6,1,7
313524151518-1,554.0,407.0,554.0,407.0,567.0,13.0,580.0,-4.0,-22.0,-19.0,-22.0,-19.0,-41.0,-19.0,-60.0,-4.0,576.0,426.0,576.0,426.0,608.0,32.0,640.0,0.0,287.0,234.0,90.0,75.0,118.0,28.0,146.0,12.0,1,3,4
314720251225-1,164.0,122.0,164.0,122.0,169.0,5.0,174.0,2.0,-8.0,-8.0,-8.0,-8.0,-8.0,0.0,-8.0,0.0,172.0,130.0,172.0,130.0,177.0,5.0,182.0,2.0,90.0,77.0,16.0,16.0,18.0,2.0,20.0,2.0,20,2,22
319760109779-1,10.0,6.0,10.0,6.0,11.0,1.0,12.0,1.0,0.0,0.0,0.0,0.0,0.0,0.0,0.0,0.0,10.0,6.0,10.0,6.0,11.0,1.0,12.0,1.0,28.0,21.0,0.0,0.0,1.0,1.0,2.0,1.0,1,1,2
322278514313-1,304.0,215.0,304.0,215.0,300.0,-4.0,296.0,1.0,-2.0,5.0,-2.0,5.0,-62.0,-60.0,-122.0,-3.0,306.0,210.0,306.0,210.0,362.0,56.0,418.0,4.0,373.0,306.0,50.0,40.0,124.0,74.0,198.0,13.0,19,2,21
325759721270-1,64.0,39.0,64.0,39.0,64.0,0.0,64.0,2.0,-27.0,-19.0,-27.0,-19.0,-27.0,0.0,-27.0,-2.0,91.0,58.0,91.0,58.0,91.0,0.0,91.0,4.0,427.0,308.0,44.0,31.0,44.0,0.0,44.0,4.0,8,12,20
327055077106-1,86.0,51.0,86.0,51.0,87.0,1.0,88.0,1.0,9.0,1.0,9.0,1.0,6.0,-3.0,3.0,0.0,77.0,50.0,77.0,50.0,81.0,4.0,85.0,1.0,746.0,574.0,234.0,190.0,304.0,70.0,374.0,14.0,30,1,31
328365962760-1,53.0,32.0,53.0,32.0,55.0,1.0,56.0,0.0,-11.0,-10.0,-11.0,-10.0,-9.0,1.0,-8.0,-3.0,64.0,42.0,64.0,42.0,64.0,0.0,64.0,3.0,299.0,277.0,81.0,79.0,89.0,9.0,98.0,7.0,2,11,13
329674785520-1,115.0,72.0,115.0,72.0,116.0,1.0,117.0,2.0,0.0,0.0,0.0,0.0,-3.0,-3.0,-6.0,-1.0,115.0,72.0,115.0,72.0,119.0,4.0,123.0,3.0,145.0,106.0,0.0,0.0,6.0,6.0,12.0,3.0,5,1,6
33643660825-1,581.0,445.0,581.0,445.0,579.0,-2.0,577.0,0.0,-11.0,-13.0,-11.0,-13.0,-33.0,-22.0,-55.0,-16.0,592.0,458.0,592.0,458.0,612.0,20.0,632.0,16.0,948.0,758.0,43.0,40.0,72.0,29.0,101.0,21.0,5,2,7
336659335134-1,-30.0,4.0,-30.0,4.0,121.0,151.0,272.0,-3.0,-2.0,0.0,-2.0,0.0,-7.0,-5.0,-12.0,0.0,-28.0,4.0,-28.0,4.0,128.0,156.0,284.0,-3.0,994.0,767.0,-86.0,-44.0,140.0,226.0,366.0,37.0,67,1,68
343616822280-1,39.0,29.0,39.0,29.0,40.0,1.0,41.0,2.0,-2.0,-2.0,-2.0,-2.0,-13.0,-11.0,-24.0,-3.0,41.0,31.0,41.0,31.0,53.0,12.0,65.0,5.0,325.0,284.0,26.0,19.0,37.0,11.0,48.0,5.0,1,6,7
348340642168-1,17.0,11.0,17.0,11.0,21.0,4.0,25.0,3.0,-34.0,-16.0,-34.0,-16.0,-38.0,-4.0,-42.0,-7.0,51.0,27.0,51.0,27.0,59.0,8.0,67.0,10.0,806.0,644.0,48.0,28.0,135.0,87.0,222.0,11.0,3,1,4
349315126282-1,52.0,29.0,52.0,29.0,52.0,0.0,52.0,-1.0,-70.0,-65.0,-70.0,-65.0,-70.0,0.0,-70.0,-2.0,122.0,94.0,122.0,94.0,122.0,0.0,122.0,1.0,578.0,503.0,382.0,341.0,389.0,7.0,396.0,6.0,6,2,8
35316595041-1,-4.0,11.0,-4.0,11.0,-19.0,-15.0,-34.0,-5.0,-14.0,-9.0,-14.0,-9.0,-20.0,-6.0,-26.0,-2.0,10.0,20.0,10.0,20.0,1.0,-9.0,-8.0,-3.0,562.0,453.0,11.0,5.0,86.0,75.0,161.0,20.0,1,7,8
360406191090-1,59.0,35.0,59.0,35.0,58.0,-1.0,57.0,2.0,0.0,0.0,0.0,0.0,-5.0,-5.0,-10.0,0.0,59.0,35.0,59.0,35.0,63.0,4.0,67.0,2.0,238.0,203.0,3.0,1.0,14.0,11.0,25.0,3.0,3,1,4
361947815328-1,128.0,99.0,128.0,99.0,113.0,-15.0,98.0,3.0,-7.0,-4.0,-7.0,-4.0,-30.0,-23.0,-53.0,-4.0,135.0,103.0,135.0,103.0,143.0,8.0,151.0,7.0,1063.0,797.0,49.0,38.0,79.0,30.0,109.0,8.0,1,1,2
366312584498-1,14.0,9.0,14.0,9.0,15.0,1.0,16.0,1.0,-2.0,0.0,-2.0,0.0,-2.0,0.0,-2.0,0.0,16.0,9.0,16.0,9.0,17.0,1.0,18.0,1.0,41.0,33.0,12.0,7.0,13.0,1.0,14.0,1.0,1,1,2
373785372782-1,29.0,19.0,29.0,19.0,27.0,-2.0,25.0,-1.0,-2.0,-1.0,-2.0,-1.0,-2.0,0.0,-2.0,0.0,31.0,20.0,31.0,20.0,29.0,-2.0,27.0,-1.0,82.0,57.0,-155.0,-126.0,20.0,175.0,195.0,4.0,7,1,8
38024136375-1,181.0,111.0,181.0,111.0,182.0,1.0,183.0,3.0,0.0,0.0,0.0,0.0,-5.0,-5.0,-10.0,-3.0,181.0,111.0,181.0,111.0,187.0,6.0,193.0,6.0,977.0,826.0,2.0,3.0,11.0,9.0,20.0,6.0,5,3,8
385293859278-1,79.0,50.0,79.0,50.0,79.0,0.0,79.0,1.0,-5.0,-4.0,-5.0,-4.0,-17.0,-12.0,-29.0,-2.0,84.0,54.0,84.0,54.0,96.0,12.0,108.0,3.0,82.0,72.0,6.0,5.0,18.0,12.0,30.0,3.0,1,3,4
407456856588-1,62.0,41.0,62.0,41.0,64.0,2.0,66.0,-1.0,8.0,6.0,8.0,6.0,5.0,-3.0,2.0,0.0,54.0,35.0,54.0,35.0,59.0,5.0,64.0,-1.0,191.0,142.0,98.0,74.0,116.0,18.0,134.0,6.0,13,31,44
415774755217-1,358.0,228.0,358.0,228.0,347.0,-10.0,337.0,0.0,-6.0,-6.0,-6.0,-6.0,-15.0,-9.0,-24.0,0.0,364.0,234.0,364.0,234.0,362.0,-1.0,361.0,0.0,53.0,34.0,26.0,16.0,36.0,10.0,46.0,2.0,3,1,4
41671245706-1,73.0,43.0,73.0,43.0,74.0,1.0,75.0,2.0,2.0,2.0,2.0,2.0,2.0,0.0,2.0,0.0,71.0,41.0,71.0,41.0,72.0,1.0,73.0,2.0,146.0,116.0,1.0,0.0,3.0,2.0,5.0,1.0,1,1,2
421221587258-1,31.0,25.0,31.0,25.0,-11.0,-42.0,-53.0,-2.0,-30.0,-24.0,-30.0,-24.0,-34.0,-4.0,-38.0,-4.0,61.0,49.0,61.0,49.0,23.0,-38.0,-15.0,2.0,1309.0,1056.0,197.0,151.0,347.0,151.0,498.0,38.0,13,2,15
422033800664-1,154.0,89.0,154.0,89.0,156.0,2.0,158.0,2.0,5.0,7.0,5.0,7.0,-9.0,-14.0,-23.0,-2.0,149.0,82.0,149.0,82.0,165.0,16.0,181.0,4.0,285.0,202.0,3.0,1.0,19.0,16.0,35.0,7.0,4,2,6
422834859112-1,16.0,9.0,16.0,9.0,17.0,1.0,18.0,0.0,0.0,0.0,0.0,0.0,0.0,0.0,0.0,0.0,16.0,9.0,16.0,9.0,17.0,1.0,18.0,0.0,5.0,2.0,0.0,0.0,1.0,1.0,2.0,1.0,1,3,4
423295065596-1,66.0,34.0,66.0,34.0,71.0,5.0,76.0,6.0,-8.0,-7.0,-8.0,-7.0,-16.0,-8.0,-24.0,-5.0,74.0,41.0,74.0,41.0,87.0,13.0,100.0,11.0,1546.0,1204.0,60.0,40.0,68.0,8.0,76.0,6.0,2,2,4
426971991110-1,-3307.0,-2928.0,-3307.0,-2928.0,-288.0,3019.0,2731.0,-155.0,-63.0,-45.0,-63.0,-45.0,-607.0,-544.0,-1151.0,-160.0,-3244.0,-2883.0,-3244.0,-2883.0,319.0,3563.0,3882.0,5.0,3855.0,3392.0,110.0,86.0,654.0,544.0,1198.0,161.0,1,16,17
435413083392-1,89.0,51.0,89.0,51.0,95.0,6.0,101.0,1.0,-19.0,-15.0,-19.0,-15.0,-19.0,0.0,-19.0,-2.0,108.0,66.0,108.0,66.0,114.0,6.0,120.0,3.0,485.0,413.0,18.0,14.0,25.0,7.0,32.0,6.0,8,5,13
435447084255-1,18.0,4.0,18.0,4.0,66.0,48.0,114.0,4.0,0.0,0.0,0.0,0.0,-4.0,-4.0,-8.0,-1.0,18.0,4.0,18.0,4.0,70.0,52.0,122.0,5.0,528.0,393.0,3.0,0.0,69.0,66.0,135.0,4.0,7,4,11
440358227523-1,341.0,241.0,341.0,241.0,94.0,-247.0,-153.0,0.0,-88.0,-64.0,-88.0,-64.0,-94.0,-6.0,-100.0,-4.0,429.0,305.0,429.0,305.0,188.0,-241.0,-53.0,4.0,594.0,471.0,-57.0,-43.0,280.0,337.0,617.0,6.0,8,7,15
442687046824-1,37.0,20.0,37.0,20.0,40.0,3.0,43.0,3.0,-9.0,-6.0,-9.0,-6.0,-7.0,2.0,-5.0,0.0,46.0,26.0,46.0,26.0,47.0,1.0,48.0,3.0,291.0,212.0,68.0,34.0,74.0,6.0,80.0,4.0,6,1,7
44880586067-1,78.0,50.0,78.0,50.0,80.0,2.0,82.0,2.0,-33.0,-23.0,-33.0,-23.0,-33.0,0.0,-33.0,-2.0,111.0,73.0,111.0,73.0,113.0,2.0,115.0,4.0,1653.0,1373.0,60.0,45.0,60.0,0.0,60.0,5.0,1,3,4
449657747662-1,171.0,98.0,171.0,98.0,169.0,-2.0,167.0,0.0,0.0,0.0,0.0,0.0,-1.0,-1.0,-2.0,0.0,171.0,98.0,171.0,98.0,170.0,-1.0,169.0,0.0,188.0,156.0,121.0,105.0,137.0,16.0,153.0,5.0,3,2,5
45553492800-1,24.0,13.0,24.0,13.0,38.0,14.0,52.0,11.0,0.0,0.0,0.0,0.0,0.0,0.0,0.0,0.0,24.0,13.0,24.0,13.0,38.0,14.0,52.0,11.0,2231.0,1787.0,0.0,0.0,1.0,1.0,2.0,1.0,2,1,3
459620958343-1,449.0,152.0,449.0,152.0,506.0,57.0,563.0,-3.0,-45.0,-38.0,-45.0,-38.0,-117.0,-72.0,-189.0,-3.0,494.0,190.0,494.0,190.0,623.0,129.0,752.0,0.0,216.0,174.0,50.0,43.0,125.0,75.0,200.0,4.0,4,1,5
466328562579-1,25.0,11.0,25.0,11.0,9.0,-16.0,-7.0,1.0,1.0,1.0,1.0,1.0,-2.0,-3.0,-5.0,0.0,24.0,10.0,24.0,10.0,11.0,-13.0,-2.0,1.0,1053.0,842.0,272.0,216.0,582.0,310.0,892.0,16.0,5,1,6
471533701156-1,-606.0,-620.0,-606.0,-620.0,-586.0,20.0,-566.0,0.0,-191.0,-191.0,-191.0,-191.0,-206.0,-15.0,-221.0,8.0,-415.0,-429.0,-415.0,-429.0,-380.0,35.0,-345.0,-8.0,1063.0,1060.0,688.0,688.0,829.0,141.0,970.0,2.0,1,1,2
479397692370-1,130.0,77.0,130.0,77.0,131.0,1.0,132.0,1.0,-1.0,-1.0,-1.0,-1.0,-1.0,0.0,-1.0,0.0,131.0,78.0,131.0,78.0,132.0,1.0,133.0,1.0,181.0,143.0,19.0,19.0,47.0,28.0,75.0,4.0,8,1,9
479641026771-1,-535.0,-433.0,-535.0,-433.0,37.0,572.0,609.0,19.0,-15.0,-15.0,-15.0,-15.0,-19.0,-4.0,-23.0,-1.0,-520.0,-418.0,-520.0,-418.0,56.0,576.0,632.0,20.0,3002.0,2478.0,201.0,180.0,265.0,64.0,329.0,34.0,50,10,60
48141443196-1,127.0,76.0,127.0,76.0,123.0,-4.0,119.0,1.0,-65.0,-67.0,-65.0,-67.0,-134.0,-69.0,-203.0,-5.0,192.0,143.0,192.0,143.0,257.0,65.0,322.0,6.0,659.0,565.0,177.0,170.0,249.0,72.0,321.0,17.0,7,19,26
494106425711-1,-21.0,-20.0,-21.0,-20.0,-18.0,3.0,-15.0,0.0,-33.0,-29.0,-33.0,-29.0,-33.0,0.0,-33.0,-2.0,12.0,9.0,12.0,9.0,15.0,3.0,18.0,2.0,1185.0,905.0,45.0,38.0,46.0,1.0,47.0,7.0,2,2,4
49472848586-1,48.0,27.0,48.0,27.0,48.0,0.0,48.0,1.0,-3.0,-2.0,-3.0,-2.0,-5.0,-2.0,-7.0,-1.0,51.0,29.0,51.0,29.0,53.0,2.0,55.0,2.0,271.0,203.0,4.0,2.0,8.0,4.0,12.0,3.0,4,1,5
498621285432-1,96.0,62.0,96.0,62.0,97.0,1.0,98.0,2.0,2.0,2.0,2.0,2.0,2.0,0.0,2.0,0.0,94.0,60.0,94.0,60.0,95.0,1.0,96.0,2.0,120.0,82.0,9.0,9.0,10.0,1.0,11.0,4.0,13,4,17
499168659155-1,55.0,35.0,55.0,35.0,56.0,1.0,57.0,2.0,-3.0,-2.0,-3.0,-2.0,-3.0,0.0,-3.0,-1.0,58.0,37.0,58.0,37.0,59.0,1.0,60.0,3.0,274.0,234.0,3.0,2.0,6.0,3.0,9.0,2.0,1,1,2
501663061875-1,104.0,61.0,104.0,61.0,141.0,37.0,178.0,2.0,43.0,37.0,43.0,37.0,40.0,-3.0,37.0,1.0,61.0,24.0,61.0,24.0,101.0,40.0,141.0,1.0,80.0,56.0,1.0,0.0,5.0,4.0,9.0,1.0,11,1,12
502518642995-1,493.0,347.0,493.0,347.0,497.0,4.0,501.0,0.0,-4.0,0.0,-4.0,0.0,-13.0,-9.0,-22.0,-5.0,497.0,347.0,497.0,347.0,510.0,13.0,523.0,5.0,178.0,136.0,12.0,6.0,32.0,20.0,52.0,10.0,11,2,13
503065687569-1,362.0,224.0,362.0,224.0,366.0,4.0,370.0,2.0,-29.0,-25.0,-29.0,-25.0,-75.0,-46.0,-121.0,-6.0,391.0,249.0,391.0,249.0,441.0,50.0,491.0,8.0,327.0,283.0,36.0,32.0,82.0,46.0,128.0,7.0,16,2,18
504386040040-1,190.0,123.0,190.0,123.0,131.0,-58.0,73.0,2.0,1.0,1.0,1.0,1.0,1.0,0.0,1.0,0.0,189.0,122.0,189.0,122.0,130.0,-58.0,72.0,2.0,1762.0,1464.0,-21.0,-18.0,59.0,80.0,139.0,15.0,7,1,8
506112998075-1,111.0,63.0,111.0,63.0,119.0,8.0,127.0,5.0,-1.0,0.0,-1.0,0.0,-2.0,-1.0,-3.0,-2.0,112.0,63.0,112.0,63.0,121.0,9.0,130.0,7.0,392.0,275.0,4.0,0.0,9.0,5.0,14.0,6.0,1,2,3
506791745103-1,21.0,11.0,21.0,11.0,30.0,9.0,39.0,2.0,-104.0,-82.0,-104.0,-82.0,-229.0,-125.0,-354.0,-16.0,125.0,93.0,125.0,93.0,259.0,134.0,393.0,18.0,1598.0,1195.0,197.0,150.0,331.0,134.0,465.0,23.0,4,14,18
509639870939-1,64.0,37.0,64.0,37.0,61.0,-3.0,58.0,0.0,-27.0,-22.0,-27.0,-22.0,-48.0,-21.0,-69.0,-6.0,91.0,59.0,91.0,59.0,109.0,18.0,127.0,6.0,760.0,552.0,72.0,53.0,103.0,31.0,134.0,16.0,2,2,4
510444017991-1,431.0,281.0,431.0,281.0,446.0,15.0,461.0,-1.0,13.0,10.0,13.0,10.0,13.0,0.0,13.0,0.0,418.0,271.0,418.0,271.0,433.0,15.0,448.0,-1.0,183.0,122.0,95.0,59.0,129.0,34.0,163.0,4.0,8,1,9
516437819195-1,127.0,72.0,127.0,72.0,125.0,-2.0,123.0,-1.0,0.0,0.0,0.0,0.0,-5.0,-5.0,-10.0,-1.0,127.0,72.0,127.0,72.0,130.0,3.0,133.0,0.0,593.0,424.0,322.0,225.0,417.0,95.0,512.0,8.0,11,1,12
521808026958-1,27.0,15.0,27.0,15.0,29.0,2.0,31.0,2.0,12.0,8.0,12.0,8.0,0.0,-12.0,-12.0,-1.0,15.0,7.0,15.0,7.0,29.0,14.0,43.0,3.0,559.0,386.0,-12.0,-8.0,1.0,13.0,14.0,2.0,1,1,2
523448359969-1,103.0,92.0,103.0,92.0,107.0,4.0,111.0,0.0,-34.0,9.0,-34.0,9.0,-29.0,5.0,-24.0,-2.0,137.0,83.0,137.0,83.0,136.0,-1.0,135.0,2.0,629.0,430.0,54.0,13.0,59.0,5.0,64.0,4.0,4,4,8
523613345648-1,27.0,14.0,27.0,14.0,38.0,11.0,49.0,10.0,0.0,0.0,0.0,0.0,0.0,0.0,0.0,0.0,27.0,14.0,27.0,14.0,38.0,11.0,49.0,10.0,2193.0,1753.0,0.0,0.0,1.0,1.0,2.0,1.0,3,1,4
52916896984-1,31.0,19.0,31.0,19.0,32.0,1.0,33.0,1.0,2.0,2.0,2.0,2.0,0.0,-2.0,-2.0,0.0,29.0,17.0,29.0,17.0,32.0,3.0,35.0,1.0,308.0,232.0,17.0,6.0,21.0,4.0,25.0,4.0,25,3,28
540858922209-1,126.0,70.0,126.0,70.0,167.0,41.0,208.0,11.0,34.0,30.0,34.0,30.0,-5.0,-39.0,-44.0,2.0,92.0,40.0,92.0,40.0,172.0,80.0,252.0,9.0,2163.0,1678.0,-41.0,-36.0,14.0,55.0,69.0,5.0,1,1,2
543704006397-1,15.0,9.0,15.0,9.0,23.0,8.0,31.0,8.0,0.0,0.0,0.0,0.0,0.0,0.0,0.0,0.0,15.0,9.0,15.0,9.0,23.0,8.0,31.0,8.0,2252.0,1806.0,0.0,0.0,1.0,1.0,2.0,1.0,14,1,15
546907284725-1,64.0,35.0,64.0,35.0,65.0,1.0,66.0,2.0,-2.0,-1.0,-2.0,-1.0,-2.0,0.0,-2.0,0.0,66.0,36.0,66.0,36.0,67.0,1.0,68.0,2.0,64.0,46.0,5.0,4.0,5.0,0.0,5.0,2.0,6,2,8
547094754328-1,-4702.0,-4074.0,-4702.0,-4074.0,-932.0,3770.0,2838.0,-82.0,-674.0,-539.0,-674.0,-539.0,-2126.0,-1452.0,-3578.0,-80.0,-4028.0,-3535.0,-4028.0,-3535.0,1194.0,5222.0,6416.0,-2.0,5926.0,4687.0,704.0,566.0,2156.0,1452.0,3608.0,83.0,3,153,156
547640584307-1,189.0,116.0,189.0,116.0,186.0,-3.0,183.0,0.0,5.0,4.0,5.0,4.0,-11.0,-16.0,-27.0,-1.0,184.0,112.0,184.0,112.0,197.0,13.0,210.0,1.0,184.0,141.0,9.0,7.0,37.0,28.0,65.0,7.0,15,1,16
548683854532-1,136.0,88.0,136.0,88.0,137.0,1.0,138.0,1.0,-27.0,-17.0,-27.0,-17.0,-38.0,-11.0,-49.0,-3.0,163.0,105.0,163.0,105.0,175.0,12.0,187.0,4.0,764.0,596.0,82.0,57.0,94.0,12.0,106.0,6.0,1,1,2
549980692765-1,44.0,32.0,44.0,32.0,37.0,-7.0,30.0,-4.0,-44.0,-39.0,-44.0,-39.0,-45.0,-1.0,-46.0,0.0,88.0,71.0,88.0,71.0,82.0,-6.0,76.0,-4.0,703.0,593.0,119.0,105.0,127.0,8.0,135.0,9.0,4,5,9
550198980616-1,31.0,9.0,31.0,9.0,33.0,2.0,35.0,6.0,-212.0,-151.0,-212.0,-151.0,-253.0,-41.0,-294.0,-15.0,243.0,160.0,243.0,160.0,286.0,43.0,329.0,21.0,2036.0,1592.0,232.0,168.0,276.0,44.0,320.0,18.0,1,5,6
554737929809-1,2.0,-13.0,2.0,-13.0,-344.0,-346.0,-690.0,21.0,-3.0,-3.0,-3.0,-3.0,-3.0,0.0,-3.0,0.0,5.0,-10.0,5.0,-10.0,-341.0,-346.0,-687.0,21.0,1197.0,1068.0,21.0,18.0,500.0,479.0,979.0,32.0,1,2,3
555866941928-1,81.0,50.0,81.0,50.0,81.0,0.0,81.0,0.0,-5.0,-5.0,-5.0,-5.0,-5.0,0.0,-5.0,0.0,86.0,55.0,86.0,55.0,86.0,0.0,86.0,0.0,291.0,216.0,291.0,216.0,291.0,0.0,291.0,1.0,2,1,3
558916203435-1,-4.0,-40.0,-4.0,-40.0,2.0,6.0,8.0,4.0,-234.0,-186.0,-234.0,-186.0,-267.0,-33.0,-300.0,-11.0,230.0,146.0,230.0,146.0,269.0,39.0,308.0,15.0,2463.0,1948.0,241.0,192.0,283.0,42.0,325.0,16.0,9,2,11
565259960336-1,44.0,22.0,44.0,22.0,43.0,-1.0,42.0,1.0,-12.0,-7.0,-12.0,-7.0,-12.0,0.0,-12.0,-5.0,56.0,29.0,56.0,29.0,55.0,-1.0,54.0,6.0,836.0,680.0,79.0,66.0,106.0,27.0,133.0,18.0,20,3,23
565480322436-1,35.0,23.0,35.0,23.0,36.0,1.0,37.0,2.0,-1.0,0.0,-1.0,0.0,0.0,1.0,1.0,0.0,36.0,23.0,36.0,23.0,36.0,0.0,36.0,2.0,60.0,47.0,1.0,1.0,1.0,0.0,1.0,1.0,4,3,7
568854254076-1,191.0,116.0,191.0,116.0,198.0,6.0,204.0,0.0,1.0,1.0,1.0,1.0,-3.0,-5.0,-8.0,-1.0,190.0,115.0,190.0,115.0,201.0,11.0,212.0,1.0,148.0,108.0,-2.0,-1.0,4.0,7.0,11.0,2.0,1,1,2
569349300917-1,-703.0,-271.0,-703.0,-271.0,-289.0,-14.0,-303.0,2.0,-14.0,-11.0,-14.0,-11.0,381.0,-33.0,348.0,-7.0,-689.0,-260.0,-689.0,-260.0,-670.0,19.0,-651.0,9.0,3262.0,1213.0,856.0,344.0,464.0,36.0,500.0,16.0,20,37,57
569799787608-1,873.0,605.0,873.0,605.0,843.0,-30.0,813.0,2.0,4.0,4.0,4.0,4.0,-7.0,-11.0,-18.0,-1.0,869.0,601.0,869.0,601.0,850.0,-19.0,831.0,3.0,75.0,55.0,-93.0,-72.0,15.0,108.0,123.0,4.0,12,5,17
572378182939-1,26.0,13.0,26.0,13.0,29.0,3.0,32.0,1.0,-1.0,-1.0,-1.0,-1.0,-3.0,-2.0,-5.0,0.0,27.0,14.0,27.0,14.0,32.0,5.0,37.0,1.0,603.0,455.0,72.0,61.0,86.0,14.0,100.0,6.0,12,3,15
573684811854-1,12.0,7.0,12.0,7.0,69.0,58.0,127.0,23.0,-317.0,-224.0,-317.0,-224.0,-367.0,-50.0,-417.0,-10.0,329.0,231.0,329.0,231.0,436.0,108.0,544.0,33.0,2745.0,2092.0,395.0,276.0,446.0,51.0,497.0,16.0,1,41,42
576835630666-1,76.0,43.0,76.0,43.0,89.0,13.0,102.0,4.0,-40.0,-31.0,-40.0,-31.0,-59.0,-19.0,-78.0,-4.0,116.0,74.0,116.0,74.0,148.0,32.0,180.0,8.0,1296.0,1000.0,41.0,31.0,62.0,21.0,83.0,6.0,1,5,6
578982595950-1,75.0,45.0,75.0,45.0,75.0,0.0,75.0,0.0,-1.0,0.0,-1.0,0.0,-1.0,0.0,-1.0,0.0,76.0,45.0,76.0,45.0,76.0,0.0,76.0,0.0,488.0,308.0,488.0,308.0,488.0,0.0,488.0,1.0,2,1,3
590958933601-1,349.0,232.0,349.0,232.0,351.0,2.0,353.0,1.0,-1.0,-2.0,-1.0,-2.0,-13.0,-12.0,-25.0,0.0,350.0,234.0,350.0,234.0,364.0,14.0,378.0,1.0,298.0,231.0,78.0,59.0,106.0,29.0,135.0,11.0,3,1,4
598639147742-1,125.0,77.0,125.0,77.0,125.0,0.0,125.0,0.0,28.0,22.0,28.0,22.0,-42.0,-70.0,-112.0,-3.0,97.0,55.0,97.0,55.0,167.0,70.0,237.0,3.0,129.0,113.0,-27.0,-21.0,43.0,70.0,113.0,4.0,1,11,12
60581983439-1,127.0,68.0,127.0,68.0,130.0,3.0,133.0,1.0,0.0,0.0,0.0,0.0,-1.0,-1.0,-2.0,1.0,127.0,68.0,127.0,68.0,131.0,4.0,135.0,0.0,184.0,119.0,72.0,55.0,103.0,31.0,134.0,5.0,1,1,2
606461807621-1,294.0,221.0,294.0,221.0,310.0,16.0,326.0,-4.0,24.0,20.0,24.0,20.0,-16.0,-40.0,-56.0,-6.0,270.0,201.0,270.0,201.0,326.0,56.0,382.0,2.0,542.0,454.0,18.0,16.0,72.0,54.0,126.0,16.0,7,4,11
615947221682-1,15.0,7.0,15.0,7.0,1.0,-14.0,-13.0,2.0,-4.0,-5.0,-4.0,-5.0,-22.0,-18.0,-40.0,-1.0,19.0,12.0,19.0,12.0,23.0,4.0,27.0,3.0,506.0,385.0,3.0,7.0,45.0,42.0,87.0,8.0,2,1,3
624665049832-1,153.0,114.0,153.0,114.0,168.0,4.0,172.0,1.0,-18.0,-9.0,-18.0,-9.0,-7.0,0.0,-7.0,-1.0,171.0,123.0,171.0,123.0,175.0,4.0,179.0,2.0,100.0,45.0,22.0,11.0,11.0,0.0,11.0,3.0,21,1,22
630196795468-1,378.0,292.0,378.0,292.0,385.0,7.0,392.0,1.0,-130.0,-109.0,-130.0,-109.0,-133.0,-3.0,-136.0,-1.0,508.0,401.0,508.0,401.0,518.0,10.0,528.0,2.0,375.0,308.0,162.0,139.0,165.0,3.0,168.0,3.0,5,1,6
630830314887-1,5.0,19.0,5.0,19.0,4.0,-1.0,3.0,3.0,12.0,17.0,12.0,17.0,4.0,-8.0,-4.0,0.0,-7.0,2.0,-7.0,2.0,0.0,7.0,7.0,3.0,897.0,716.0,12.0,3.0,239.0,227.0,466.0,16.0,4,2,6
635028748796-1,70.0,36.0,70.0,36.0,71.0,1.0,72.0,0.0,-20.0,-20.0,-20.0,-20.0,-30.0,-10.0,-40.0,-2.0,90.0,56.0,90.0,56.0,101.0,11.0,112.0,2.0,144.0,112.0,28.0,27.0,38.0,10.0,48.0,3.0,4,12,16
635627844153-1,58.0,33.0,58.0,33.0,59.0,1.0,60.0,2.0,0.0,0.0,0.0,0.0,-1.0,-1.0,-2.0,0.0,58.0,33.0,58.0,33.0,60.0,2.0,62.0,2.0,72.0,44.0,0.0,0.0,3.0,3.0,6.0,1.0,5,1,6
636880880015-1,71.0,36.0,71.0,36.0,80.0,9.0,89.0,1.0,-10.0,-7.0,-10.0,-7.0,-17.0,-7.0,-24.0,-2.0,81.0,43.0,81.0,43.0,97.0,16.0,113.0,3.0,168.0,141.0,41.0,33.0,62.0,21.0,83.0,6.0,1,1,2
637076674869-1,58.0,44.0,58.0,44.0,110.0,52.0,162.0,27.0,1.0,1.0,1.0,1.0,0.0,-1.0,-1.0,0.0,57.0,43.0,57.0,43.0,110.0,53.0,163.0,27.0,2468.0,1881.0,7.0,5.0,8.0,1.0,9.0,6.0,8,4,12
645631419829-1,99.0,59.0,99.0,59.0,99.0,0.0,99.0,0.0,-5.0,-3.0,-5.0,-3.0,-10.0,-5.0,-15.0,1.0,104.0,62.0,104.0,62.0,109.0,5.0,114.0,-1.0,225.0,181.0,5.0,8.0,16.0,11.0,27.0,6.0,1,1,2
651033380113-1,151.0,84.0,151.0,84.0,152.0,1.0,153.0,2.0,-1.0,0.0,-1.0,0.0,-1.0,0.0,-1.0,0.0,152.0,84.0,152.0,84.0,153.0,1.0,154.0,2.0,228.0,169.0,4.0,4.0,10.0,6.0,16.0,6.0,6,1,7
665074721362-1,516.0,389.0,516.0,389.0,222.0,-294.0,-72.0,2.0,284.0,231.0,284.0,231.0,-44.0,-328.0,-372.0,-2.0,232.0,158.0,232.0,158.0,266.0,34.0,300.0,4.0,92.0,77.0,-284.0,-231.0,45.0,329.0,374.0,3.0,1,4,5
666955903726-1,53.0,30.0,53.0,30.0,54.0,1.0,55.0,1.0,-13.0,-13.0,-13.0,-13.0,-15.0,-2.0,-17.0,-4.0,66.0,43.0,66.0,43.0,69.0,3.0,72.0,5.0,727.0,571.0,57.0,42.0,63.0,6.0,69.0,10.0,6,4,10
670624314505-1,79.0,49.0,79.0,49.0,77.0,-2.0,75.0,1.0,-8.0,-8.0,-8.0,-8.0,-9.0,-1.0,-10.0,0.0,87.0,57.0,87.0,57.0,86.0,-1.0,85.0,1.0,15.0,14.0,8.0,8.0,10.0,2.0,12.0,1.0,7,18,25
682745660010-1,40.0,34.0,40.0,34.0,42.0,2.0,44.0,3.0,-425.0,-319.0,-425.0,-319.0,-510.0,-85.0,-595.0,-17.0,465.0,353.0,465.0,353.0,552.0,87.0,639.0,20.0,998.0,771.0,432.0,324.0,519.0,87.0,606.0,20.0,2,8,10
683978809180-1,37.0,20.0,37.0,20.0,55.0,18.0,73.0,12.0,-2.0,3.0,-2.0,3.0,-6.0,-4.0,-10.0,-1.0,39.0,17.0,39.0,17.0,61.0,22.0,83.0,13.0,1853.0,1555.0,12.0,6.0,23.0,11.0,34.0,5.0,1,1,2
701715138159-1,148.0,91.0,148.0,91.0,156.0,8.0,164.0,1.0,-10.0,-10.0,-10.0,-10.0,-10.0,0.0,-10.0,0.0,158.0,101.0,158.0,101.0,166.0,8.0,174.0,1.0,120.0,98.0,-7.0,1.0,69.0,76.0,145.0,3.0,12,3,15
704509286922-1,538.0,257.0,538.0,257.0,532.0,-6.0,526.0,1.0,-54.0,-38.0,-54.0,-38.0,-62.0,-8.0,-70.0,-1.0,592.0,295.0,592.0,295.0,594.0,2.0,596.0,2.0,134.0,91.0,57.0,41.0,74.0,17.0,91.0,2.0,1,1,2
711174513486-1,45.0,26.0,45.0,26.0,48.0,3.0,51.0,4.0,-6.0,-5.0,-6.0,-5.0,-7.0,-1.0,-8.0,0.0,51.0,31.0,51.0,31.0,55.0,4.0,59.0,4.0,1746.0,1291.0,149.0,109.0,154.0,5.0,159.0,5.0,13,10,23
715977394123-1,36.0,24.0,36.0,24.0,37.0,1.0,38.0,2.0,0.0,0.0,0.0,0.0,-2.0,-2.0,-4.0,-2.0,36.0,24.0,36.0,24.0,39.0,3.0,42.0,4.0,455.0,383.0,29.0,30.0,46.0,17.0,63.0,10.0,1,2,3
716044946624-1,98.0,50.0,98.0,50.0,99.0,1.0,100.0,1.0,0.0,0.0,0.0,0.0,-1.0,-1.0,-2.0,0.0,98.0,50.0,98.0,50.0,100.0,2.0,102.0,1.0,654.0,476.0,54.0,45.0,73.0,19.0,92.0,10.0,7,2,9
723878921736-1,147.0,87.0,147.0,87.0,151.0,4.0,155.0,1.0,-129.0,-105.0,-129.0,-105.0,-131.0,-2.0,-133.0,-5.0,276.0,192.0,276.0,192.0,282.0,6.0,288.0,6.0,579.0,456.0,129.0,105.0,155.0,26.0,181.0,15.0,1,1,2
724173441755-1,118.0,74.0,118.0,74.0,89.0,-30.0,59.0,1.0,-272.0,-225.0,-272.0,-225.0,-350.0,-79.0,-429.0,-9.0,390.0,299.0,390.0,299.0,439.0,49.0,488.0,10.0,873.0,764.0,290.0,241.0,370.0,81.0,451.0,13.0,12,28,40
727878654500-1,24.0,12.0,24.0,12.0,24.0,0.0,24.0,2.0,6.0,6.0,6.0,6.0,0.0,-6.0,-6.0,0.0,18.0,6.0,18.0,6.0,24.0,6.0,30.0,2.0,380.0,295.0,-2.0,-3.0,5.0,7.0,12.0,2.0,1,1,2
743229358793-1,128.0,78.0,128.0,78.0,126.0,-2.0,124.0,0.0,-38.0,-34.0,-38.0,-34.0,-45.0,-7.0,-52.0,-5.0,166.0,112.0,166.0,112.0,171.0,5.0,176.0,5.0,228.0,188.0,56.0,49.0,64.0,8.0,72.0,9.0,2,7,9
748358347750-1,367.0,302.0,367.0,302.0,185.0,-182.0,3.0,7.0,138.0,119.0,138.0,119.0,-94.0,-232.0,-326.0,4.0,229.0,183.0,229.0,183.0,279.0,50.0,329.0,3.0,219.0,157.0,-91.0,-82.0,154.0,245.0,399.0,3.0,4,8,12
752285151573-1,250.0,171.0,250.0,171.0,251.0,1.0,252.0,0.0,0.0,0.0,0.0,0.0,-1.0,-1.0,-2.0,-1.0,250.0,171.0,250.0,171.0,252.0,2.0,254.0,1.0,116.0,77.0,12.0,9.0,14.0,2.0,16.0,2.0,2,2,4
758742228984-1,24.0,14.0,24.0,14.0,25.0,1.0,26.0,2.0,0.0,0.0,0.0,0.0,-1.0,-1.0,-2.0,0.0,24.0,14.0,24.0,14.0,26.0,2.0,28.0,2.0,410.0,308.0,0.0,0.0,2.0,2.0,4.0,1.0,1,1,2
759480577751-1,113.0,88.0,113.0,88.0,102.0,-11.0,91.0,7.0,-16.0,-16.0,-16.0,-16.0,-18.0,-2.0,-20.0,-4.0,129.0,104.0,129.0,104.0,120.0,-9.0,111.0,11.0,1138.0,966.0,30.0,27.0,169.0,139.0,308.0,13.0,10,5,15
762826378804-1,39.0,21.0,39.0,21.0,40.0,1.0,41.0,2.0,0.0,0.0,0.0,0.0,0.0,0.0,0.0,0.0,39.0,21.0,39.0,21.0,40.0,1.0,41.0,2.0,241.0,177.0,38.0,28.0,48.0,10.0,58.0,3.0,8,3,11
76308015488-1,-17.0,-11.0,-17.0,-11.0,50.0,67.0,117.0,9.0,-3.0,-3.0,-3.0,-3.0,-3.0,0.0,-3.0,0.0,-14.0,-8.0,-14.0,-8.0,53.0,67.0,120.0,9.0,2102.0,1610.0,130.0,97.0,153.0,23.0,176.0,8.0,34,2,36
765099915043-1,-15.0,-21.0,-15.0,-21.0,16.0,31.0,47.0,2.0,-19.0,-15.0,-19.0,-15.0,-19.0,0.0,-19.0,0.0,4.0,-6.0,4.0,-6.0,35.0,31.0,66.0,2.0,528.0,465.0,104.0,93.0,125.0,21.0,146.0,16.0,9,1,10
77792755679-1,180.0,125.0,180.0,125.0,182.0,2.0,184.0,4.0,1.0,0.0,1.0,0.0,0.0,-1.0,-1.0,0.0,179.0,125.0,179.0,125.0,182.0,3.0,185.0,4.0,173.0,137.0,0.0,0.0,3.0,3.0,6.0,1.0,3,1,4
786124670697-1,16.0,5.0,16.0,5.0,16.0,0.0,16.0,-4.0,-10.0,-7.0,-10.0,-7.0,-10.0,0.0,-10.0,0.0,26.0,12.0,26.0,12.0,26.0,0.0,26.0,-4.0,749.0,596.0,95.0,78.0,136.0,41.0,177.0,20.0,23,10,33
786473783191-1,1.0,12.0,1.0,12.0,6.0,5.0,11.0,2.0,5.0,-6.0,5.0,-6.0,-3.0,-8.0,-11.0,0.0,-4.0,18.0,-4.0,18.0,9.0,13.0,22.0,2.0,241.0,153.0,-2.0,-5.0,33.0,35.0,68.0,4.0,1,1,2
787713977720-1,32.0,20.0,32.0,20.0,37.0,5.0,42.0,3.0,-113.0,-87.0,-113.0,-87.0,-118.0,-5.0,-123.0,-8.0,145.0,107.0,145.0,107.0,155.0,10.0,165.0,11.0,722.0,535.0,122.0,93.0,132.0,10.0,142.0,11.0,25,6,31
788216460043-1,126.0,82.0,126.0,82.0,126.0,0.0,126.0,0.0,124.0,82.0,124.0,82.0,124.0,0.0,124.0,0.0,2.0,0.0,2.0,0.0,2.0,0.0,2.0,0.0,774.0,550.0,774.0,550.0,774.0,0.0,774.0,1.0,7,1,8
789511319434-1,34.0,22.0,34.0,22.0,34.0,0.0,34.0,1.0,-17.0,-13.0,-17.0,-13.0,-43.0,-26.0,-69.0,-4.0,51.0,35.0,51.0,35.0,77.0,26.0,103.0,5.0,281.0,240.0,24.0,18.0,51.0,27.0,78.0,5.0,4,1,5
793362714398-1,283.0,190.0,283.0,190.0,305.0,22.0,327.0,1.0,-11.0,-9.0,-11.0,-9.0,-6.0,5.0,-1.0,0.0,294.0,199.0,294.0,199.0,311.0,17.0,328.0,1.0,346.0,262.0,83.0,64.0,93.0,10.0,103.0,6.0,19,18,37
798158155287-1,223.0,140.0,223.0,140.0,246.0,23.0,269.0,1.0,-4.0,-3.0,-4.0,-3.0,-5.0,-1.0,-6.0,0.0,227.0,143.0,227.0,143.0,251.0,24.0,275.0,1.0,103.0,80.0,17.0,12.0,26.0,9.0,35.0,3.0,1,2,3
803581039998-1,34.0,15.0,34.0,15.0,89.0,55.0,144.0,23.0,-2.0,-2.0,-2.0,-2.0,-10.0,-8.0,-18.0,-8.0,36.0,17.0,36.0,17.0,99.0,63.0,162.0,31.0,2538.0,1964.0,4.0,4.0,12.0,8.0,20.0,10.0,2,3,5
811202524573-1,484.0,343.0,484.0,343.0,489.0,5.0,494.0,2.0,-7.0,-3.0,-7.0,-3.0,-7.0,0.0,-7.0,-1.0,491.0,346.0,491.0,346.0,496.0,5.0,501.0,3.0,488.0,373.0,27.0,20.0,27.0,0.0,27.0,4.0,3,1,4
823701492337-1,18.0,10.0,18.0,10.0,18.0,0.0,18.0,0.0,-1.0,-1.0,-1.0,-1.0,-1.0,0.0,-1.0,0.0,19.0,11.0,19.0,11.0,19.0,0.0,19.0,0.0,30.0,26.0,11.0,8.0,29.0,18.0,47.0,1.0,4,2,6
827456040353-1,18.0,4.0,18.0,4.0,35.0,17.0,52.0,-3.0,-2.0,-2.0,-2.0,-2.0,-2.0,0.0,-2.0,0.0,20.0,6.0,20.0,6.0,37.0,17.0,54.0,-3.0,690.0,571.0,170.0,153.0,244.0,74.0,318.0,15.0,3,1,4
830125785168-1,47.0,29.0,47.0,29.0,49.0,2.0,51.0,1.0,0.0,0.0,0.0,0.0,-1.0,-1.0,-2.0,0.0,47.0,29.0,47.0,29.0,50.0,3.0,53.0,1.0,113.0,85.0,3.0,2.0,9.0,6.0,15.0,6.0,1,1,2
83024680479-1,44.0,26.0,44.0,26.0,48.0,4.0,52.0,0.0,0.0,0.0,0.0,0.0,-1.0,-1.0,-2.0,-1.0,44.0,26.0,44.0,26.0,49.0,5.0,54.0,1.0,759.0,607.0,69.0,60.0,119.0,50.0,169.0,6.0,1,1,2
831481074061-1,104.0,66.0,104.0,66.0,353.0,249.0,602.0,-7.0,-92.0,-82.0,-92.0,-82.0,-97.0,-6.0,-103.0,-10.0,196.0,148.0,196.0,148.0,450.0,255.0,705.0,3.0,858.0,688.0,99.0,89.0,104.0,6.0,110.0,13.0,6,17,23
840047219771-1,454.0,348.0,454.0,348.0,454.0,0.0,454.0,1.0,-10.0,-11.0,-10.0,-11.0,-34.0,-24.0,-58.0,-3.0,464.0,359.0,464.0,359.0,488.0,24.0,512.0,4.0,273.0,231.0,29.0,35.0,113.0,84.0,197.0,9.0,5,7,12
840974593127-1,166.0,106.0,166.0,106.0,161.0,-4.0,157.0,1.0,-1.0,0.0,-1.0,0.0,-3.0,-2.0,-5.0,0.0,167.0,106.0,167.0,106.0,164.0,-2.0,162.0,1.0,11.0,8.0,1.0,0.0,5.0,4.0,9.0,1.0,14,1,15
846712784006-1,35.0,22.0,35.0,22.0,24.0,-11.0,13.0,1.0,15.0,11.0,15.0,11.0,2.0,-13.0,-11.0,0.0,20.0,11.0,20.0,11.0,22.0,2.0,24.0,1.0,265.0,192.0,-13.0,-10.0,16.0,29.0,45.0,3.0,2,2,4
847142063317-1,128.0,92.0,128.0,92.0,129.0,1.0,130.0,2.0,-3.0,-3.0,-3.0,-3.0,-15.0,-12.0,-27.0,0.0,131.0,95.0,131.0,95.0,144.0,13.0,157.0,2.0,962.0,796.0,6.0,6.0,18.0,12.0,30.0,1.0,1,1,2
850385692556-1,-1549.0,-1193.0,-1549.0,-1193.0,39.0,1588.0,1627.0,23.0,-715.0,-511.0,-715.0,-511.0,-716.0,-1.0,-717.0,-2.0,-834.0,-682.0,-834.0,-682.0,755.0,1589.0,2344.0,25.0,4388.0,3430.0,712.0,508.0,726.0,14.0,740.0,10.0,2,1,3
854918006643-1,80.0,48.0,80.0,48.0,79.0,-1.0,78.0,1.0,0.0,-1.0,0.0,-1.0,-2.0,-2.0,-4.0,0.0,80.0,49.0,80.0,49.0,81.0,1.0,82.0,1.0,785.0,595.0,392.0,305.0,401.0,9.0,410.0,10.0,14,16,30
866555028051-1,58.0,33.0,58.0,33.0,60.0,2.0,62.0,1.0,-17.0,-16.0,-17.0,-16.0,-25.0,-8.0,-33.0,-3.0,75.0,49.0,75.0,49.0,85.0,10.0,95.0,4.0,761.0,617.0,145.0,110.0,179.0,34.0,213.0,14.0,12,5,17
868169215507-1,64.0,35.0,64.0,35.0,68.0,4.0,72.0,0.0,-7.0,-6.0,-7.0,-6.0,-11.0,-4.0,-15.0,-2.0,71.0,41.0,71.0,41.0,79.0,8.0,87.0,2.0,737.0,587.0,16.0,13.0,36.0,20.0,56.0,12.0,6,4,10
871680425454-1,232.0,149.0,232.0,149.0,234.0,2.0,236.0,1.0,0.0,0.0,0.0,0.0,-2.0,-2.0,-4.0,-1.0,232.0,149.0,232.0,149.0,236.0,4.0,240.0,2.0,133.0,102.0,0.0,0.0,6.0,6.0,12.0,3.0,2,1,3
875146196630-1,91.0,48.0,91.0,48.0,92.0,1.0,93.0,0.0,-6.0,-5.0,-6.0,-5.0,-15.0,-9.0,-24.0,-1.0,97.0,53.0,97.0,53.0,107.0,10.0,117.0,1.0,206.0,148.0,10.0,9.0,39.0,29.0,68.0,11.0,3,100,103
879998518222-1,166.0,104.0,166.0,104.0,168.0,2.0,170.0,2.0,-2.0,-2.0,-2.0,-2.0,-3.0,-1.0,-4.0,0.0,168.0,106.0,168.0,106.0,171.0,3.0,174.0,2.0,156.0,137.0,2.0,2.0,6.0,4.0,10.0,1.0,1,1,2
884710479881-1,171.0,120.0,171.0,120.0,171.0,0.0,171.0,0.0,6.0,6.0,6.0,6.0,0.0,-6.0,-6.0,1.0,165.0,114.0,165.0,114.0,171.0,6.0,177.0,-1.0,17.0,16.0,-4.0,-4.0,2.0,6.0,8.0,1.0,3,2,5
884805918649-1,0.0,-2.0,0.0,-2.0,0.0,0.0,0.0,0.0,-6.0,-6.0,-6.0,-6.0,-6.0,0.0,-6.0,0.0,6.0,4.0,6.0,4.0,6.0,0.0,6.0,0.0,21.0,16.0,21.0,16.0,21.0,0.0,21.0,1.0,2,2,4
887262333435-1,435.0,329.0,435.0,329.0,350.0,-85.0,265.0,2.0,-1.0,0.0,-1.0,0.0,0.0,1.0,1.0,0.0,436.0,329.0,436.0,329.0,350.0,-86.0,264.0,2.0,4.0,2.0,-87.0,-86.0,1.0,88.0,89.0,1.0,1,23,24
887886114976-1,109.0,61.0,109.0,61.0,109.0,0.0,109.0,11.0,-18.0,-18.0,-18.0,-18.0,-21.0,-3.0,-24.0,-8.0,127.0,79.0,127.0,79.0,130.0,3.0,133.0,19.0,1620.0,1206.0,49.0,47.0,104.0,55.0,159.0,10.0,6,2,8
891933334155-1,227.0,189.0,227.0,189.0,144.0,-83.0,61.0,6.0,-92.0,-73.0,-92.0,-73.0,-106.0,-14.0,-120.0,-2.0,319.0,262.0,319.0,262.0,250.0,-69.0,181.0,8.0,1975.0,1557.0,22.0,16.0,160.0,138.0,298.0,11.0,1,4,5
894953225979-1,214.0,128.0,214.0,128.0,224.0,10.0,234.0,-1.0,-5.0,-3.0,-5.0,-3.0,-5.0,0.0,-5.0,0.0,219.0,131.0,219.0,131.0,229.0,10.0,239.0,-1.0,604.0,430.0,-55.0,-19.0,130.0,185.0,315.0,12.0,7,1,8
900920123775-1,408.0,300.0,408.0,300.0,408.0,0.0,408.0,0.0,-48.0,-39.0,-48.0,-39.0,-48.0,0.0,-48.0,0.0,456.0,339.0,456.0,339.0,456.0,0.0,456.0,0.0,319.0,269.0,319.0,269.0,319.0,0.0,319.0,1.0,9,9,18
903520681515-1,269.0,182.0,269.0,182.0,271.0,2.0,273.0,1.0,-3.0,-2.0,-3.0,-2.0,-5.0,-2.0,-7.0,-1.0,272.0,184.0,272.0,184.0,276.0,4.0,280.0,2.0,447.0,353.0,74.0,53.0,83.0,9.0,92.0,12.0,5,1,6
903850840581-1,97.0,55.0,97.0,55.0,103.0,6.0,109.0,5.0,-2.0,-2.0,-2.0,-2.0,-2.0,0.0,-2.0,0.0,99.0,57.0,99.0,57.0,105.0,6.0,111.0,5.0,1425.0,1128.0,4.0,4.0,7.0,3.0,10.0,2.0,4,2,6
911193036416-1,56.0,31.0,56.0,31.0,59.0,3.0,62.0,4.0,6.0,4.0,6.0,4.0,-2.0,-8.0,-10.0,-2.0,50.0,27.0,50.0,27.0,61.0,11.0,72.0,6.0,1397.0,1079.0,-6.0,-4.0,3.0,9.0,12.0,3.0,1,3,4
911949672703-1,173.0,50.0,173.0,50.0,175.0,2.0,177.0,0.0,3.0,3.0,3.0,3.0,3.0,0.0,3.0,0.0,170.0,47.0,170.0,47.0,172.0,2.0,174.0,0.0,91.0,69.0,1.0,1.0,13.0,12.0,25.0,1.0,3,1,4
91318994359-1,47.0,23.0,47.0,23.0,50.0,3.0,53.0,-1.0,-8.0,-8.0,-8.0,-8.0,-28.0,-20.0,-48.0,-5.0,55.0,31.0,55.0,31.0,78.0,23.0,101.0,4.0,261.0,219.0,43.0,34.0,63.0,20.0,83.0,8.0,2,2,4
914404621863-1,52.0,27.0,52.0,27.0,63.0,11.0,74.0,5.0,-86.0,-65.0,-86.0,-65.0,-135.0,-49.0,-184.0,-28.0,138.0,92.0,138.0,92.0,198.0,60.0,258.0,33.0,1521.0,1302.0,90.0,67.0,139.0,49.0,188.0,31.0,4,2,6
916307846393-1,36.0,20.0,36.0,20.0,47.0,11.0,58.0,6.0,-397.0,-339.0,-397.0,-339.0,-397.0,0.0,-397.0,-1.0,433.0,359.0,433.0,359.0,444.0,11.0,455.0,7.0,2122.0,1803.0,398.0,339.0,399.0,1.0,400.0,2.0,1,1,2
918843417252-1,-754.0,-532.0,-754.0,-532.0,47.0,801.0,848.0,42.0,-54.0,-44.0,-54.0,-44.0,-91.0,-37.0,-128.0,-16.0,-700.0,-488.0,-700.0,-488.0,138.0,838.0,976.0,58.0,2229.0,1760.0,92.0,72.0,162.0,70.0,232.0,28.0,7,2,9
921353513292-1,17.0,-1.0,17.0,-1.0,37.0,20.0,57.0,24.0,-75.0,-58.0,-75.0,-58.0,-90.0,-15.0,-105.0,0.0,92.0,57.0,92.0,57.0,127.0,35.0,162.0,24.0,2292.0,1886.0,96.0,61.0,278.0,182.0,460.0,36.0,7,2,9
921632145612-1,19.0,10.0,19.0,10.0,25.0,6.0,31.0,6.0,-8.0,-7.0,-8.0,-7.0,-12.0,-4.0,-16.0,-3.0,27.0,17.0,27.0,17.0,37.0,10.0,47.0,9.0,2128.0,1706.0,21.0,18.0,25.0,4.0,29.0,6.0,1,9,10
923603651407-1,89.0,50.0,89.0,50.0,89.0,0.0,89.0,5.0,-16.0,-15.0,-16.0,-15.0,-28.0,-12.0,-40.0,-12.0,105.0,65.0,105.0,65.0,117.0,12.0,129.0,17.0,1236.0,1059.0,23.0,22.0,38.0,15.0,53.0,14.0,1,2,3
923720796086-1,58.0,39.0,58.0,39.0,84.0,26.0,110.0,1.0,125.0,90.0,125.0,90.0,-170.0,-295.0,-465.0,-1.0,-67.0,-51.0,-67.0,-51.0,254.0,321.0,575.0,2.0,465.0,333.0,-124.0,-89.0,174.0,298.0,472.0,5.0,1,2,3
927552173488-1,463.0,332.0,463.0,332.0,464.0,1.0,465.0,0.0,-9.0,-8.0,-9.0,-8.0,-22.0,-13.0,-35.0,-6.0,472.0,340.0,472.0,340.0,486.0,14.0,500.0,6.0,325.0,249.0,14.0,13.0,31.0,17.0,48.0,9.0,5,2,7
936446629389-1,190.0,118.0,190.0,118.0,201.0,11.0,212.0,3.0,-4.0,-4.0,-4.0,-4.0,4.0,8.0,12.0,-1.0,194.0,122.0,194.0,122.0,197.0,3.0,200.0,4.0,604.0,560.0,24.0,23.0,37.0,13.0,50.0,6.0,5,1,6
941579677998-1,95.0,64.0,95.0,64.0,119.0,55.0,174.0,2.0,0.0,0.0,0.0,0.0,18.0,49.0,67.0,0.0,95.0,64.0,95.0,64.0,101.0,6.0,107.0,2.0,764.0,343.0,-62.0,-26.0,3.0,34.0,37.0,5.0,4,1,5
944644445469-1,201.0,132.0,201.0,132.0,202.0,1.0,203.0,2.0,-12.0,-8.0,-12.0,-8.0,-45.0,-33.0,-78.0,-1.0,213.0,140.0,213.0,140.0,247.0,34.0,281.0,3.0,297.0,221.0,34.0,18.0,69.0,35.0,104.0,5.0,26,5,31
952993521396-1,10.0,8.0,10.0,8.0,10.0,0.0,10.0,0.0,,,,,,,,,,,,,,,,,65.0,40.0,65.0,40.0,65.0,0.0,65.0,1.0,1,5,6
95852485835-1,46.0,34.0,46.0,34.0,46.0,0.0,46.0,3.0,-7.0,-6.0,-7.0,-6.0,0.0,7.0,7.0,0.0,53.0,40.0,53.0,40.0,46.0,-7.0,39.0,3.0,724.0,595.0,2.0,-10.0,67.0,65.0,132.0,9.0,2,1,3
960908518071-1,53.0,29.0,53.0,29.0,56.0,3.0,59.0,1.0,-7.0,-7.0,-7.0,-7.0,-10.0,-3.0,-13.0,-4.0,60.0,36.0,60.0,36.0,66.0,6.0,72.0,5.0,1057.0,893.0,39.0,36.0,42.0,3.0,45.0,8.0,3,1,4
964581034856-1,156.0,102.0,156.0,102.0,158.0,2.0,160.0,3.0,-5.0,-3.0,-5.0,-3.0,-12.0,-7.0,-19.0,-1.0,161.0,105.0,161.0,105.0,170.0,9.0,179.0,4.0,151.0,116.0,4.0,2.0,13.0,9.0,22.0,2.0,1,4,5
967714143883-1,20.0,11.0,20.0,11.0,18.0,-2.0,16.0,0.0,-17.0,-17.0,-17.0,-17.0,-42.0,-24.0,-66.0,1.0,37.0,28.0,37.0,28.0,60.0,22.0,82.0,-1.0,44.0,44.0,18.0,18.0,43.0,25.0,68.0,1.0,1,24,25
970886661544-1,33.0,16.0,33.0,16.0,35.0,2.0,37.0,-4.0,-19.0,-12.0,-19.0,-12.0,-25.0,-6.0,-31.0,-8.0,52.0,28.0,52.0,28.0,60.0,8.0,68.0,4.0,1108.0,877.0,88.0,70.0,175.0,87.0,262.0,22.0,4,1,5
972012203252-1,268.0,177.0,268.0,177.0,267.0,-1.0,266.0,3.0,-34.0,-26.0,-34.0,-26.0,-34.0,0.0,-34.0,0.0,302.0,203.0,302.0,203.0,301.0,-1.0,300.0,3.0,529.0,452.0,86.0,68.0,104.0,18.0,122.0,7.0,2,1,3
974376897942-1,161.0,103.0,161.0,103.0,169.0,8.0,177.0,3.0,-34.0,-29.0,-34.0,-29.0,-59.0,-25.0,-84.0,-9.0,195.0,132.0,195.0,132.0,228.0,33.0,261.0,12.0,481.0,393.0,45.0,38.0,87.0,42.0,129.0,14.0,6,1,7
977389554850-1,14.0,7.0,14.0,7.0,14.0,0.0,14.0,2.0,-6.0,-4.0,-6.0,-4.0,-9.0,-3.0,-12.0,-1.0,20.0,11.0,20.0,11.0,23.0,3.0,26.0,3.0,1172.0,932.0,15.0,13.0,27.0,12.0,39.0,4.0,2,2,4
977757240705-1,57.0,34.0,57.0,34.0,64.0,7.0,71.0,6.0,-68.0,-49.0,-68.0,-49.0,-68.0,0.0,-68.0,-1.0,125.0,83.0,125.0,83.0,132.0,7.0,139.0,7.0,1737.0,1322.0,83.0,58.0,83.0,0.0,83.0,2.0,1,1,2
979223995082-1,28.0,15.0,28.0,15.0,28.0,0.0,28.0,0.0,0.0,0.0,0.0,0.0,0.0,0.0,0.0,0.0,28.0,15.0,28.0,15.0,28.0,0.0,28.0,0.0,1.0,1.0,0.0,0.0,1.0,1.0,2.0,1.0,528,3,531
979769281315-1,360.0,223.0,360.0,223.0,394.0,34.0,428.0,23.0,-6.0,-5.0,-6.0,-5.0,-14.0,-8.0,-22.0,-1.0,366.0,228.0,366.0,228.0,408.0,42.0,450.0,24.0,460.0,359.0,-486.0,-370.0,14.0,500.0,514.0,3.0,1,1,2
985925381859-1,-1352.0,-1266.0,-1352.0,-1266.0,-85.0,1267.0,1182.0,-55.0,-4.0,-3.0,-4.0,-3.0,-4.0,0.0,-4.0,0.0,-1348.0,-1263.0,-1348.0,-1263.0,-81.0,1267.0,1186.0,-55.0,1534.0,1390.0,-579.0,-513.0,219.0,798.0,1017.0,58.0,33,2,35
987081529487-1,21.0,12.0,21.0,12.0,21.0,0.0,21.0,1.0,-1.0,0.0,-1.0,0.0,-1.0,0.0,-1.0,0.0,22.0,12.0,22.0,12.0,22.0,0.0,22.0,1.0,20.0,4.0,1.0,0.0,2.0,1.0,3.0,1.0,2,1,3
991833018332-1,121.0,74.0,121.0,74.0,118.0,-3.0,115.0,1.0,-24.0,-21.0,-24.0,-21.0,-38.0,-14.0,-52.0,-6.0,145.0,95.0,145.0,95.0,156.0,11.0,167.0,7.0,1000.0,832.0,37.0,34.0,53.0,16.0,69.0,10.0,1,2,3
994695454241-1,21.0,12.0,21.0,12.0,32.0,12.0,44.0,9.0,-39.0,-34.0,-39.0,-34.0,-42.0,-3.0,-45.0,-2.0,60.0,46.0,60.0,46.0,74.0,15.0,89.0,11.0,2244.0,1794.0,76.0,63.0,80.0,4.0,84.0,7.0,2,1,3
103174421845-1,31.0,18.0,31.0,18.0,21.0,-10.0,11.0,-3.0,0.0,0.0,0.0,0.0,0.0,0.0,0.0,0.0,31.0,18.0,31.0,18.0,21.0,-10.0,11.0,-3.0,129.0,94.0,19.0,15.0,55.0,37.0,92.0,5.0,4,1,5
103436751760-1,108.0,67.0,108.0,67.0,135.0,27.0,162.0,0.0,0.0,0.0,0.0,0.0,0.0,0.0,0.0,0.0,108.0,67.0,108.0,67.0,135.0,27.0,162.0,0.0,511.0,416.0,278.0,232.0,325.0,47.0,372.0,11.0,8,1,9
118865208997-1,76.0,43.0,76.0,43.0,67.0,-9.0,58.0,1.0,0.0,0.0,0.0,0.0,0.0,0.0,0.0,0.0,76.0,43.0,76.0,43.0,67.0,-9.0,58.0,1.0,150.0,93.0,80.0,43.0,121.0,41.0,162.0,1.0,15,1,16
120506932938-1,244.0,163.0,244.0,163.0,272.0,28.0,300.0,3.0,0.0,0.0,0.0,0.0,-1.0,-1.0,-2.0,-1.0,244.0,163.0,244.0,163.0,273.0,29.0,302.0,4.0,745.0,561.0,3.0,2.0,6.0,3.0,9.0,2.0,1,2,3
124226477194-1,269.0,169.0,269.0,169.0,276.0,7.0,283.0,2.0,0.0,0.0,0.0,0.0,0.0,0.0,0.0,0.0,269.0,169.0,269.0,169.0,276.0,7.0,283.0,2.0,177.0,134.0,75.0,60.0,94.0,19.0,113.0,7.0,10,7,17
125683199024-1,18.0,10.0,18.0,10.0,19.0,1.0,20.0,0.0,0.0,0.0,0.0,0.0,0.0,0.0,0.0,0.0,18.0,10.0,18.0,10.0,19.0,1.0,20.0,0.0,190.0,135.0,1.0,1.0,3.0,2.0,5.0,3.0,2,1,3
128300989248-1,129.0,76.0,129.0,76.0,129.0,0.0,129.0,1.0,0.0,0.0,0.0,0.0,0.0,0.0,0.0,0.0,129.0,76.0,129.0,76.0,129.0,0.0,129.0,1.0,143.0,112.0,35.0,24.0,47.0,12.0,59.0,5.0,12,2,14
131781923267-1,-88.0,-20.0,-88.0,-20.0,9.0,97.0,106.0,9.0,0.0,0.0,0.0,0.0,0.0,0.0,0.0,0.0,-88.0,-20.0,-88.0,-20.0,9.0,97.0,106.0,9.0,939.0,712.0,185.0,143.0,250.0,65.0,315.0,20.0,1,10,11
131898172532-1,30.0,15.0,30.0,15.0,43.0,13.0,56.0,1.0,0.0,0.0,0.0,0.0,0.0,0.0,0.0,0.0,30.0,15.0,30.0,15.0,43.0,13.0,56.0,1.0,522.0,396.0,5.0,3.0,14.0,9.0,23.0,7.0,1,6,7
134797539444-1,37.0,19.0,37.0,19.0,39.0,2.0,41.0,0.0,-2.0,-2.0,-2.0,-2.0,-2.0,0.0,-2.0,0.0,39.0,21.0,39.0,21.0,41.0,2.0,43.0,0.0,250.0,185.0,85.0,69.0,224.0,139.0,363.0,2.0,37,4,41
143142204719-1,-1423.0,-1130.0,-1423.0,-1130.0,-52.0,1369.0,1317.0,-2.0,-23.0,-22.0,-23.0,-22.0,-24.0,-1.0,-25.0,-1.0,-1400.0,-1108.0,-1400.0,-1108.0,-28.0,1370.0,1342.0,-1.0,1460.0,1151.0,72.0,71.0,73.0,1.0,74.0,3.0,3,4,7
146020521474-1,81.0,45.0,81.0,45.0,83.0,2.0,85.0,0.0,0.0,0.0,0.0,0.0,0.0,0.0,0.0,0.0,81.0,45.0,81.0,45.0,83.0,2.0,85.0,0.0,353.0,301.0,88.0,83.0,123.0,35.0,158.0,6.0,2,1,3
1506393014-1,178.0,116.0,178.0,116.0,178.0,0.0,178.0,0.0,0.0,0.0,0.0,0.0,0.0,0.0,0.0,0.0,178.0,116.0,178.0,116.0,178.0,0.0,178.0,0.0,945.0,717.0,945.0,717.0,945.0,0.0,945.0,1.0,13,2,15
156850059734-1,102.0,66.0,102.0,66.0,103.0,1.0,104.0,2.0,0.0,0.0,0.0,0.0,0.0,0.0,0.0,0.0,102.0,66.0,102.0,66.0,103.0,1.0,104.0,2.0,76.0,66.0,10.0,8.0,22.0,12.0,34.0,3.0,7,2,9
178104428619-1,-226.0,-170.0,-226.0,-170.0,26.0,252.0,278.0,2.0,0.0,0.0,0.0,0.0,0.0,0.0,0.0,0.0,-226.0,-170.0,-226.0,-170.0,26.0,252.0,278.0,2.0,1448.0,1029.0,-72.0,-50.0,11.0,83.0,94.0,9.0,2,2,4
18238461500-1,50.0,34.0,50.0,34.0,51.0,1.0,52.0,2.0,-10.0,-9.0,-10.0,-9.0,-10.0,0.0,-10.0,0.0,60.0,43.0,60.0,43.0,61.0,1.0,62.0,2.0,46.0,34.0,12.0,10.0,12.0,0.0,12.0,1.0,3,2,5
187284243675-1,-65.0,-41.0,-65.0,-41.0,1.0,66.0,67.0,-1.0,0.0,0.0,0.0,0.0,0.0,0.0,0.0,0.0,-65.0,-41.0,-65.0,-41.0,1.0,66.0,67.0,-1.0,333.0,244.0,49.0,34.0,77.0,28.0,105.0,7.0,4,1,5
194262099708-1,185.0,118.0,185.0,118.0,185.0,0.0,185.0,1.0,-4.0,-2.0,-4.0,-2.0,-26.0,-22.0,-48.0,-3.0,189.0,120.0,189.0,120.0,211.0,22.0,233.0,4.0,240.0,171.0,35.0,25.0,62.0,27.0,89.0,6.0,20,3,23
198338418271-1,64.0,63.0,64.0,63.0,64.0,0.0,64.0,0.0,-1.0,0.0,-1.0,0.0,-1.0,0.0,-1.0,0.0,65.0,63.0,65.0,63.0,65.0,0.0,65.0,0.0,19.0,4.0,19.0,4.0,19.0,0.0,19.0,1.0,2,19,21
203044651594-1,198.0,117.0,198.0,117.0,191.0,-7.0,184.0,1.0,0.0,0.0,0.0,0.0,0.0,0.0,0.0,0.0,198.0,117.0,198.0,117.0,191.0,-7.0,184.0,1.0,85.0,55.0,-45.0,-37.0,4.0,49.0,53.0,3.0,1,1,2
210792438769-1,119.0,24.0,119.0,24.0,113.0,-6.0,107.0,-2.0,0.0,0.0,0.0,0.0,0.0,0.0,0.0,0.0,119.0,24.0,119.0,24.0,113.0,-6.0,107.0,-2.0,84.0,67.0,4.0,2.0,17.0,13.0,30.0,3.0,1,13,14
215446707250-1,52.0,28.0,52.0,28.0,53.0,1.0,54.0,2.0,0.0,0.0,0.0,0.0,0.0,0.0,0.0,0.0,52.0,28.0,52.0,28.0,53.0,1.0,54.0,2.0,49.0,34.0,0.0,0.0,2.0,2.0,4.0,1.0,1,1,2
224247888380-1,-39.0,-41.0,-39.0,-41.0,6.0,45.0,51.0,-5.0,0.0,0.0,0.0,0.0,0.0,0.0,0.0,0.0,-39.0,-41.0,-39.0,-41.0,6.0,45.0,51.0,-5.0,1500.0,1312.0,123.0,106.0,274.0,151.0,425.0,39.0,19,19,38
225963265278-1,46.0,32.0,46.0,32.0,46.0,0.0,46.0,1.0,-53.0,-38.0,-53.0,-38.0,-53.0,0.0,-53.0,-1.0,99.0,70.0,99.0,70.0,99.0,0.0,99.0,2.0,371.0,282.0,183.0,142.0,188.0,5.0,193.0,9.0,22,1,23
237088721185-1,79.0,53.0,79.0,53.0,77.0,-2.0,75.0,1.0,0.0,0.0,0.0,0.0,0.0,0.0,0.0,0.0,79.0,53.0,79.0,53.0,77.0,-2.0,75.0,1.0,333.0,294.0,9.0,9.0,17.0,8.0,25.0,4.0,1,1,2
244616072462-1,90.0,55.0,90.0,55.0,95.0,5.0,100.0,0.0,0.0,0.0,0.0,0.0,0.0,0.0,0.0,0.0,90.0,55.0,90.0,55.0,95.0,5.0,100.0,0.0,165.0,145.0,-444.0,-377.0,34.0,478.0,512.0,6.0,30,3,33
244949141056-1,76.0,42.0,76.0,42.0,81.0,5.0,86.0,2.0,0.0,0.0,0.0,0.0,0.0,0.0,0.0,0.0,76.0,42.0,76.0,42.0,81.0,5.0,86.0,2.0,258.0,191.0,7.0,7.0,12.0,5.0,17.0,3.0,2,1,3
261401508580-1,16.0,9.0,16.0,9.0,16.0,0.0,16.0,2.0,0.0,0.0,0.0,0.0,0.0,0.0,0.0,0.0,16.0,9.0,16.0,9.0,16.0,0.0,16.0,2.0,271.0,215.0,16.0,15.0,29.0,13.0,42.0,7.0,4,1,5
269602862582-1,123.0,72.0,123.0,72.0,124.0,1.0,125.0,2.0,-50.0,-40.0,-50.0,-40.0,-50.0,0.0,-50.0,-3.0,173.0,112.0,173.0,112.0,174.0,1.0,175.0,5.0,388.0,310.0,50.0,40.0,52.0,2.0,54.0,5.0,19,8,27
274346483862-1,10.0,6.0,10.0,6.0,10.0,0.0,10.0,0.0,0.0,0.0,0.0,0.0,0.0,0.0,0.0,0.0,10.0,6.0,10.0,6.0,10.0,0.0,10.0,0.0,43.0,31.0,43.0,31.0,43.0,0.0,43.0,1.0,6,2,8
27727737447-1,59.0,30.0,59.0,30.0,59.0,0.0,59.0,2.0,0.0,0.0,0.0,0.0,0.0,0.0,0.0,0.0,59.0,30.0,59.0,30.0,59.0,0.0,59.0,2.0,587.0,512.0,-80.0,-67.0,50.0,130.0,180.0,5.0,3,2,5
29257980436-1,67.0,36.0,67.0,36.0,67.0,0.0,67.0,0.0,0.0,0.0,0.0,0.0,0.0,0.0,0.0,0.0,67.0,36.0,67.0,36.0,67.0,0.0,67.0,0.0,29.0,21.0,11.0,9.0,23.0,12.0,35.0,1.0,2,1,3
294548097682-1,12.0,10.0,12.0,10.0,24.0,12.0,36.0,3.0,0.0,0.0,0.0,0.0,0.0,0.0,0.0,0.0,12.0,10.0,12.0,10.0,24.0,12.0,36.0,3.0,854.0,690.0,129.0,100.0,167.0,38.0,205.0,19.0,9,9,18
301670073212-1,21.0,11.0,21.0,11.0,23.0,2.0,25.0,1.0,0.0,0.0,0.0,0.0,0.0,0.0,0.0,0.0,21.0,11.0,21.0,11.0,23.0,2.0,25.0,1.0,350.0,265.0,-11.0,-5.0,15.0,26.0,41.0,10.0,3,2,5
30535717363-1,16.0,9.0,16.0,9.0,17.0,1.0,18.0,1.0,0.0,0.0,0.0,0.0,0.0,0.0,0.0,0.0,16.0,9.0,16.0,9.0,17.0,1.0,18.0,1.0,109.0,73.0,5.0,5.0,5.0,0.0,5.0,1.0,1,1,2
312813664286-1,9.0,7.0,9.0,7.0,10.0,1.0,11.0,3.0,0.0,0.0,0.0,0.0,0.0,0.0,0.0,0.0,9.0,7.0,9.0,7.0,10.0,1.0,11.0,3.0,1532.0,1303.0,17.0,10.0,17.0,0.0,17.0,2.0,4,1,5
317394731630-1,27.0,14.0,27.0,14.0,30.0,3.0,33.0,1.0,0.0,0.0,0.0,0.0,-1.0,-1.0,-2.0,0.0,27.0,14.0,27.0,14.0,31.0,4.0,35.0,1.0,453.0,369.0,65.0,55.0,112.0,47.0,159.0,10.0,61,3,64
321367039584-1,6.0,4.0,6.0,4.0,7.0,1.0,8.0,1.0,0.0,0.0,0.0,0.0,0.0,0.0,0.0,0.0,6.0,4.0,6.0,4.0,7.0,1.0,8.0,1.0,21.0,20.0,0.0,0.0,2.0,2.0,4.0,2.0,30,10,40
335674275872-1,35.0,20.0,35.0,20.0,35.0,0.0,35.0,2.0,0.0,0.0,0.0,0.0,0.0,0.0,0.0,0.0,35.0,20.0,35.0,20.0,35.0,0.0,35.0,2.0,228.0,204.0,9.0,9.0,20.0,11.0,31.0,4.0,5,1,6
339104788355-1,26.0,14.0,26.0,14.0,27.0,1.0,28.0,1.0,0.0,0.0,0.0,0.0,0.0,0.0,0.0,0.0,26.0,14.0,26.0,14.0,27.0,1.0,28.0,1.0,721.0,444.0,-3.0,-6.0,5.0,8.0,13.0,3.0,3,26,29
344627870147-1,61.0,34.0,61.0,34.0,61.0,0.0,61.0,0.0,-1.0,0.0,-1.0,0.0,-1.0,0.0,-1.0,0.0,62.0,34.0,62.0,34.0,62.0,0.0,62.0,0.0,661.0,515.0,661.0,515.0,661.0,0.0,661.0,1.0,6,2,8
353945844563-1,12.0,7.0,12.0,7.0,12.0,0.0,12.0,1.0,0.0,0.0,0.0,0.0,0.0,0.0,0.0,0.0,12.0,7.0,12.0,7.0,12.0,0.0,12.0,1.0,229.0,185.0,12.0,9.0,12.0,0.0,12.0,1.0,1,1,2
367291325779-1,8.0,5.0,8.0,5.0,9.0,1.0,10.0,0.0,0.0,0.0,0.0,0.0,0.0,0.0,0.0,0.0,8.0,5.0,8.0,5.0,9.0,1.0,10.0,0.0,3.0,3.0,0.0,0.0,1.0,1.0,2.0,1.0,2,2,4
372317095679-1,44.0,23.0,44.0,23.0,42.0,-2.0,40.0,0.0,0.0,0.0,0.0,0.0,0.0,0.0,0.0,0.0,44.0,23.0,44.0,23.0,42.0,-2.0,40.0,0.0,189.0,145.0,43.0,34.0,57.0,14.0,71.0,7.0,15,1,16
378025367584-1,19.0,10.0,19.0,10.0,18.0,-1.0,17.0,1.0,0.0,0.0,0.0,0.0,0.0,0.0,0.0,0.0,19.0,10.0,19.0,10.0,18.0,-1.0,17.0,1.0,321.0,249.0,17.0,19.0,34.0,17.0,51.0,4.0,6,1,7
378868780282-1,12.0,7.0,12.0,7.0,13.0,1.0,14.0,2.0,0.0,0.0,0.0,0.0,0.0,0.0,0.0,0.0,12.0,7.0,12.0,7.0,13.0,1.0,14.0,2.0,154.0,96.0,3.0,2.0,3.0,0.0,3.0,1.0,1,2,3
39531423584-1,21.0,11.0,21.0,11.0,22.0,1.0,23.0,2.0,0.0,0.0,0.0,0.0,0.0,0.0,0.0,0.0,21.0,11.0,21.0,11.0,22.0,1.0,23.0,2.0,229.0,176.0,18.0,9.0,21.0,3.0,24.0,1.0,3,1,4
402397190052-1,84.0,42.0,84.0,42.0,78.0,-6.0,72.0,2.0,0.0,0.0,0.0,0.0,0.0,0.0,0.0,0.0,84.0,42.0,84.0,42.0,78.0,-6.0,72.0,2.0,245.0,186.0,12.0,18.0,90.0,78.0,168.0,5.0,1,1,2
408097521578-1,82.0,48.0,82.0,48.0,78.0,-4.0,74.0,0.0,0.0,0.0,0.0,0.0,0.0,0.0,0.0,0.0,82.0,48.0,82.0,48.0,78.0,-4.0,74.0,0.0,196.0,159.0,-119.0,-105.0,11.0,130.0,141.0,3.0,1,1,2
414708677549-1,29.0,17.0,29.0,17.0,29.0,0.0,29.0,2.0,0.0,0.0,0.0,0.0,0.0,0.0,0.0,0.0,29.0,17.0,29.0,17.0,29.0,0.0,29.0,2.0,204.0,163.0,58.0,45.0,133.0,75.0,208.0,3.0,13,1,14
416185060925-1,30.0,18.0,30.0,18.0,30.0,0.0,30.0,0.0,0.0,0.0,0.0,0.0,0.0,0.0,0.0,0.0,30.0,18.0,30.0,18.0,30.0,0.0,30.0,0.0,293.0,219.0,293.0,219.0,293.0,0.0,293.0,1.0,2,1,3
421117117299-1,25.0,18.0,25.0,18.0,28.0,3.0,31.0,1.0,0.0,0.0,0.0,0.0,0.0,0.0,0.0,0.0,25.0,18.0,25.0,18.0,28.0,3.0,31.0,1.0,185.0,151.0,35.0,28.0,41.0,6.0,47.0,2.0,2,1,3
437910407439-1,23.0,13.0,23.0,13.0,24.0,1.0,25.0,1.0,0.0,0.0,0.0,0.0,0.0,0.0,0.0,0.0,23.0,13.0,23.0,13.0,24.0,1.0,25.0,1.0,339.0,257.0,21.0,19.0,31.0,10.0,41.0,4.0,3,2,5
460745724041-1,122.0,75.0,122.0,75.0,125.0,3.0,128.0,4.0,-3.0,-2.0,-3.0,-2.0,-3.0,0.0,-3.0,-1.0,125.0,77.0,125.0,77.0,128.0,3.0,131.0,5.0,527.0,419.0,29.0,26.0,33.0,4.0,37.0,8.0,22,7,29
463396529884-1,71.0,39.0,71.0,39.0,72.0,1.0,73.0,2.0,0.0,0.0,0.0,0.0,0.0,0.0,0.0,0.0,71.0,39.0,71.0,39.0,72.0,1.0,73.0,2.0,137.0,92.0,0.0,0.0,2.0,2.0,4.0,2.0,1,1,2
479334250816-1,-761.0,-648.0,-761.0,-648.0,910.0,1671.0,2581.0,65.0,0.0,0.0,0.0,0.0,0.0,0.0,0.0,0.0,-761.0,-648.0,-761.0,-648.0,910.0,1671.0,2581.0,65.0,4083.0,3300.0,45.0,39.0,46.0,1.0,47.0,3.0,2,1,3
479520977008-1,24.0,13.0,24.0,13.0,23.0,-1.0,22.0,2.0,0.0,0.0,0.0,0.0,0.0,0.0,0.0,0.0,24.0,13.0,24.0,13.0,23.0,-1.0,22.0,2.0,313.0,233.0,10.0,12.0,17.0,7.0,24.0,3.0,3,2,5
482981666910-1,394.0,290.0,394.0,290.0,390.0,-4.0,386.0,1.0,0.0,0.0,0.0,0.0,0.0,0.0,0.0,0.0,394.0,290.0,394.0,290.0,390.0,-4.0,386.0,1.0,37.0,35.0,0.0,0.0,10.0,10.0,20.0,1.0,5,1,6
486405002518-1,69.0,42.0,69.0,42.0,70.0,1.0,71.0,1.0,-13.0,-9.0,-13.0,-9.0,-20.0,-7.0,-27.0,-2.0,82.0,51.0,82.0,51.0,90.0,8.0,98.0,3.0,479.0,356.0,14.0,9.0,29.0,15.0,44.0,3.0,1,5,6
496345544359-1,28.0,15.0,28.0,15.0,29.0,1.0,30.0,2.0,0.0,0.0,0.0,0.0,0.0,0.0,0.0,0.0,28.0,15.0,28.0,15.0,29.0,1.0,30.0,2.0,137.0,89.0,0.0,0.0,2.0,2.0,4.0,1.0,1,1,2
499864541374-1,67.0,45.0,67.0,45.0,75.0,8.0,83.0,0.0,39.0,33.0,39.0,33.0,39.0,0.0,39.0,0.0,28.0,12.0,28.0,12.0,36.0,8.0,44.0,0.0,638.0,520.0,173.0,148.0,187.0,14.0,201.0,16.0,10,16,26
508212420122-1,48.0,28.0,48.0,28.0,51.0,3.0,54.0,2.0,0.0,0.0,0.0,0.0,0.0,0.0,0.0,0.0,48.0,28.0,48.0,28.0,51.0,3.0,54.0,2.0,369.0,283.0,-21.0,-27.0,53.0,74.0,127.0,2.0,2,2,4
510255085246-1,15.0,-5.0,15.0,-5.0,26.0,11.0,37.0,7.0,0.0,0.0,0.0,0.0,0.0,0.0,0.0,0.0,15.0,-5.0,15.0,-5.0,26.0,11.0,37.0,7.0,1874.0,1576.0,127.0,115.0,230.0,103.0,333.0,26.0,9,1,10
523598922540-1,17.0,9.0,17.0,9.0,24.0,7.0,31.0,1.0,0.0,0.0,0.0,0.0,0.0,0.0,0.0,0.0,17.0,9.0,17.0,9.0,24.0,7.0,31.0,1.0,188.0,137.0,37.0,20.0,69.0,32.0,101.0,7.0,1,9,10
533767129588-1,78.0,44.0,78.0,44.0,78.0,0.0,78.0,0.0,0.0,0.0,0.0,0.0,0.0,0.0,0.0,0.0,78.0,44.0,78.0,44.0,78.0,0.0,78.0,0.0,71.0,54.0,71.0,54.0,71.0,0.0,71.0,1.0,3,1,4
541544326408-1,19.0,10.0,19.0,10.0,20.0,1.0,21.0,2.0,0.0,0.0,0.0,0.0,0.0,0.0,0.0,0.0,19.0,10.0,19.0,10.0,20.0,1.0,21.0,2.0,306.0,234.0,2.0,2.0,5.0,3.0,8.0,4.0,13,3,16
547355197520-1,290.0,159.0,290.0,159.0,293.0,3.0,296.0,1.0,0.0,0.0,0.0,0.0,0.0,0.0,0.0,0.0,290.0,159.0,290.0,159.0,293.0,3.0,296.0,1.0,521.0,377.0,31.0,21.0,43.0,12.0,55.0,4.0,3,1,4
547965125010-1,165.0,119.0,165.0,119.0,167.0,2.0,169.0,2.0,0.0,0.0,0.0,0.0,0.0,0.0,0.0,0.0,165.0,119.0,165.0,119.0,167.0,2.0,169.0,2.0,637.0,520.0,8.0,1.0,9.0,1.0,10.0,6.0,1,1,2
553889074834-1,11.0,6.0,11.0,6.0,9.0,-2.0,7.0,0.0,0.0,0.0,0.0,0.0,0.0,0.0,0.0,0.0,11.0,6.0,11.0,6.0,9.0,-2.0,7.0,0.0,375.0,310.0,20.0,15.0,28.0,8.0,36.0,7.0,9,2,11
563318247714-1,150.0,82.0,150.0,82.0,152.0,2.0,154.0,0.0,0.0,0.0,0.0,0.0,0.0,0.0,0.0,0.0,150.0,82.0,150.0,82.0,152.0,2.0,154.0,0.0,72.0,57.0,55.0,46.0,62.0,8.0,70.0,1.0,4,2,6
581971532076-1,130.0,76.0,130.0,76.0,132.0,2.0,134.0,2.0,0.0,0.0,0.0,0.0,0.0,0.0,0.0,0.0,130.0,76.0,130.0,76.0,132.0,2.0,134.0,2.0,346.0,257.0,13.0,13.0,28.0,15.0,43.0,2.0,4,2,6
595252553967-1,18.0,11.0,18.0,11.0,18.0,0.0,18.0,0.0,0.0,0.0,0.0,0.0,0.0,0.0,0.0,0.0,18.0,11.0,18.0,11.0,18.0,0.0,18.0,0.0,240.0,190.0,240.0,190.0,240.0,0.0,240.0,1.0,9,2,11
595433270831-1,225.0,175.0,225.0,175.0,225.0,0.0,225.0,1.0,0.0,0.0,0.0,0.0,0.0,0.0,0.0,0.0,225.0,175.0,225.0,175.0,225.0,0.0,225.0,1.0,143.0,116.0,50.0,46.0,54.0,4.0,58.0,2.0,45,5,50
614017873084-1,76.0,44.0,76.0,44.0,78.0,2.0,80.0,1.0,0.0,0.0,0.0,0.0,0.0,0.0,0.0,0.0,76.0,44.0,76.0,44.0,78.0,2.0,80.0,1.0,118.0,79.0,1.0,0.0,1.0,0.0,1.0,1.0,1,2,3
624697055065-1,22.0,12.0,22.0,12.0,24.0,2.0,26.0,3.0,0.0,0.0,0.0,0.0,0.0,0.0,0.0,0.0,22.0,12.0,22.0,12.0,24.0,2.0,26.0,3.0,469.0,358.0,2.0,2.0,3.0,1.0,4.0,2.0,2,1,3
630710949027-1,192.0,138.0,192.0,138.0,192.0,0.0,192.0,0.0,0.0,0.0,0.0,0.0,0.0,0.0,0.0,0.0,192.0,138.0,192.0,138.0,192.0,0.0,192.0,0.0,98.0,80.0,98.0,80.0,98.0,0.0,98.0,1.0,9,1,10
636414164571-1,16.0,9.0,16.0,9.0,16.0,0.0,16.0,0.0,0.0,0.0,0.0,0.0,0.0,0.0,0.0,0.0,16.0,9.0,16.0,9.0,16.0,0.0,16.0,0.0,84.0,77.0,84.0,77.0,84.0,0.0,84.0,1.0,5,1,6
643530119233-1,22.0,12.0,22.0,12.0,22.0,0.0,22.0,2.0,0.0,0.0,0.0,0.0,0.0,0.0,0.0,0.0,22.0,12.0,22.0,12.0,22.0,0.0,22.0,2.0,387.0,340.0,33.0,28.0,47.0,14.0,61.0,4.0,18,11,29
654399575579-1,294.0,185.0,294.0,185.0,294.0,0.0,294.0,0.0,0.0,0.0,0.0,0.0,0.0,0.0,0.0,0.0,294.0,185.0,294.0,185.0,294.0,0.0,294.0,0.0,153.0,108.0,153.0,108.0,153.0,0.0,153.0,1.0,5,1,6
657549377257-1,49.0,26.0,49.0,26.0,50.0,1.0,51.0,2.0,0.0,0.0,0.0,0.0,0.0,0.0,0.0,0.0,49.0,26.0,49.0,26.0,50.0,1.0,51.0,2.0,491.0,426.0,11.0,11.0,14.0,3.0,17.0,3.0,1,1,2
666983660830-1,24.0,14.0,24.0,14.0,25.0,1.0,26.0,2.0,4.0,3.0,4.0,3.0,3.0,-1.0,2.0,0.0,20.0,11.0,20.0,11.0,22.0,2.0,24.0,2.0,173.0,150.0,21.0,18.0,27.0,6.0,33.0,5.0,5,2,7
676470357278-1,65.0,37.0,65.0,37.0,57.0,-8.0,49.0,0.0,0.0,0.0,0.0,0.0,0.0,0.0,0.0,0.0,65.0,37.0,65.0,37.0,57.0,-8.0,49.0,0.0,12.0,8.0,-323.0,-271.0,7.0,330.0,337.0,1.0,1,2,3
679116021620-1,56.0,39.0,56.0,39.0,59.0,3.0,62.0,1.0,0.0,0.0,0.0,0.0,0.0,0.0,0.0,0.0,56.0,39.0,56.0,39.0,59.0,3.0,62.0,1.0,711.0,599.0,61.0,54.0,70.0,9.0,79.0,8.0,1,2,3
682086026826-1,14.0,8.0,14.0,8.0,15.0,1.0,16.0,2.0,0.0,0.0,0.0,0.0,0.0,0.0,0.0,0.0,14.0,8.0,14.0,8.0,15.0,1.0,16.0,2.0,206.0,193.0,0.0,0.0,1.0,1.0,2.0,1.0,1,1,2
689359574943-1,138.0,81.0,138.0,81.0,190.0,52.0,242.0,33.0,0.0,0.0,0.0,0.0,0.0,0.0,0.0,0.0,138.0,81.0,138.0,81.0,190.0,52.0,242.0,33.0,3278.0,2552.0,72.0,57.0,82.0,10.0,92.0,7.0,7,1,8
699354904206-1,22.0,11.0,22.0,11.0,22.0,0.0,22.0,0.0,0.0,0.0,0.0,0.0,0.0,0.0,0.0,0.0,22.0,11.0,22.0,11.0,22.0,0.0,22.0,0.0,57.0,53.0,57.0,53.0,57.0,0.0,57.0,1.0,1,2,3
725621805577-1,188.0,139.0,188.0,139.0,189.0,1.0,190.0,0.0,0.0,0.0,0.0,0.0,0.0,0.0,0.0,0.0,188.0,139.0,188.0,139.0,189.0,1.0,190.0,0.0,157.0,103.0,-21.0,-10.0,34.0,55.0,89.0,6.0,5,6,11
73567426006-1,361.0,254.0,361.0,254.0,361.0,0.0,361.0,0.0,0.0,0.0,0.0,0.0,0.0,0.0,0.0,0.0,361.0,254.0,361.0,254.0,361.0,0.0,361.0,0.0,425.0,284.0,425.0,284.0,425.0,0.0,425.0,1.0,4,3,7
746106492868-1,206.0,121.0,206.0,121.0,237.0,32.0,269.0,3.0,0.0,0.0,0.0,0.0,0.0,0.0,0.0,0.0,206.0,121.0,206.0,121.0,237.0,32.0,269.0,3.0,373.0,296.0,-1.0,-4.0,4.0,5.0,9.0,3.0,1,1,2
749744302881-1,30.0,15.0,30.0,15.0,31.0,1.0,32.0,1.0,0.0,0.0,0.0,0.0,0.0,0.0,0.0,0.0,30.0,15.0,30.0,15.0,31.0,1.0,32.0,1.0,293.0,230.0,18.0,14.0,25.0,7.0,32.0,6.0,2,1,3
752856441164-1,14.0,8.0,14.0,8.0,15.0,1.0,16.0,0.0,0.0,0.0,0.0,0.0,0.0,0.0,0.0,0.0,14.0,8.0,14.0,8.0,15.0,1.0,16.0,0.0,4.0,3.0,0.0,0.0,1.0,1.0,2.0,1.0,1,1,2
767144623221-1,125.0,80.0,125.0,80.0,108.0,-17.0,91.0,0.0,-26.0,-24.0,-26.0,-24.0,-26.0,0.0,-26.0,-1.0,151.0,104.0,151.0,104.0,134.0,-17.0,117.0,1.0,1111.0,950.0,41.0,38.0,71.0,30.0,101.0,7.0,4,2,6
773109441061-1,78.0,59.0,78.0,59.0,69.0,-9.0,60.0,1.0,0.0,0.0,0.0,0.0,0.0,0.0,0.0,0.0,78.0,59.0,78.0,59.0,69.0,-9.0,60.0,1.0,270.0,228.0,223.0,192.0,259.0,36.0,295.0,1.0,7,8,15
795115689640-1,20.0,11.0,20.0,11.0,21.0,1.0,22.0,2.0,0.0,0.0,0.0,0.0,0.0,0.0,0.0,0.0,20.0,11.0,20.0,11.0,21.0,1.0,22.0,2.0,190.0,154.0,-44.0,-34.0,12.0,56.0,68.0,2.0,1,1,2
796457589760-1,27.0,34.0,27.0,34.0,34.0,7.0,41.0,6.0,0.0,0.0,0.0,0.0,0.0,0.0,0.0,0.0,27.0,34.0,27.0,34.0,34.0,7.0,41.0,6.0,573.0,458.0,-13.0,-17.0,211.0,224.0,435.0,13.0,12,1,13
796804316249-1,11.0,7.0,11.0,7.0,12.0,1.0,13.0,0.0,0.0,0.0,0.0,0.0,0.0,0.0,0.0,0.0,11.0,7.0,11.0,7.0,12.0,1.0,13.0,0.0,4.0,2.0,0.0,0.0,1.0,1.0,2.0,1.0,2,1,3
80135965120-1,78.0,52.0,78.0,52.0,71.0,-7.0,64.0,1.0,0.0,0.0,0.0,0.0,0.0,0.0,0.0,0.0,78.0,52.0,78.0,52.0,71.0,-7.0,64.0,1.0,288.0,218.0,85.0,69.0,212.0,128.0,340.0,1.0,5,1,6
804718277370-1,453.0,191.0,453.0,191.0,495.0,42.0,537.0,0.0,0.0,0.0,0.0,0.0,0.0,0.0,0.0,0.0,453.0,191.0,453.0,191.0,495.0,42.0,537.0,0.0,70.0,56.0,-1.0,0.0,3.0,4.0,7.0,2.0,1,1,2
807318569422-1,10.0,6.0,10.0,6.0,10.0,0.0,10.0,0.0,0.0,0.0,0.0,0.0,0.0,0.0,0.0,0.0,10.0,6.0,10.0,6.0,10.0,0.0,10.0,0.0,1.0,1.0,0.0,0.0,1.0,1.0,2.0,1.0,1,1,2
807337690904-1,15.0,8.0,15.0,8.0,15.0,0.0,15.0,0.0,0.0,0.0,0.0,0.0,0.0,0.0,0.0,0.0,15.0,8.0,15.0,8.0,15.0,0.0,15.0,0.0,44.0,30.0,44.0,30.0,44.0,0.0,44.0,1.0,1,1,2
809992357823-1,108.0,55.0,108.0,55.0,240.0,132.0,372.0,28.0,0.0,0.0,0.0,0.0,0.0,0.0,0.0,0.0,108.0,55.0,108.0,55.0,240.0,132.0,372.0,28.0,1724.0,1321.0,0.0,0.0,2.0,2.0,4.0,2.0,1,51,52
812562829138-1,181.0,123.0,181.0,123.0,182.0,1.0,183.0,1.0,-9.0,-9.0,-9.0,-9.0,-9.0,0.0,-9.0,0.0,190.0,132.0,190.0,132.0,191.0,1.0,192.0,1.0,268.0,201.0,52.0,46.0,86.0,34.0,120.0,5.0,3,3,6
813398586551-1,108.0,61.0,108.0,61.0,111.0,3.0,114.0,1.0,0.0,0.0,0.0,0.0,0.0,0.0,0.0,0.0,108.0,61.0,108.0,61.0,111.0,3.0,114.0,1.0,175.0,158.0,17.0,21.0,52.0,35.0,87.0,5.0,2,1,3
822687353565-1,2031.0,1308.0,2031.0,1308.0,2590.0,559.0,3149.0,1.0,0.0,0.0,0.0,0.0,0.0,0.0,0.0,0.0,2031.0,1308.0,2031.0,1308.0,2590.0,559.0,3149.0,1.0,579.0,430.0,2.0,2.0,2.0,0.0,2.0,1.0,2,3,5
838757145915-1,77.0,51.0,77.0,51.0,55.0,-22.0,33.0,3.0,45.0,33.0,45.0,33.0,22.0,-23.0,-1.0,2.0,32.0,18.0,32.0,18.0,33.0,1.0,34.0,1.0,149.0,132.0,37.0,45.0,88.0,51.0,139.0,3.0,4,2,6
846490432248-1,305.0,247.0,305.0,247.0,311.0,6.0,317.0,0.0,0.0,0.0,0.0,0.0,0.0,0.0,0.0,0.0,305.0,247.0,305.0,247.0,311.0,6.0,317.0,0.0,60.0,49.0,7.0,5.0,36.0,29.0,65.0,1.0,1,1,2
851976000694-1,26.0,16.0,26.0,16.0,26.0,0.0,26.0,1.0,0.0,0.0,0.0,0.0,0.0,0.0,0.0,0.0,26.0,16.0,26.0,16.0,26.0,0.0,26.0,1.0,318.0,265.0,14.0,12.0,24.0,10.0,34.0,5.0,7,11,18
860953185272-1,109.0,63.0,109.0,63.0,86.0,-23.0,63.0,3.0,0.0,0.0,0.0,0.0,0.0,0.0,0.0,0.0,109.0,63.0,109.0,63.0,86.0,-23.0,63.0,3.0,717.0,556.0,40.0,34.0,118.0,78.0,196.0,16.0,55,3,58
865824106633-1,-56.0,-56.0,-56.0,-56.0,4.0,60.0,64.0,-3.0,-3.0,-3.0,-3.0,-3.0,-3.0,0.0,-3.0,0.0,-53.0,-53.0,-53.0,-53.0,7.0,60.0,67.0,-3.0,346.0,289.0,-74.0,-71.0,95.0,169.0,264.0,10.0,6,8,14
866672974975-1,39.0,22.0,39.0,22.0,40.0,1.0,41.0,2.0,0.0,0.0,0.0,0.0,0.0,0.0,0.0,0.0,39.0,22.0,39.0,22.0,40.0,1.0,41.0,2.0,603.0,519.0,-2.0,-2.0,9.0,11.0,20.0,4.0,2,1,3
867907731861-1,26.0,19.0,26.0,19.0,28.0,2.0,30.0,2.0,0.0,0.0,0.0,0.0,0.0,0.0,0.0,0.0,26.0,19.0,26.0,19.0,28.0,2.0,30.0,2.0,74.0,47.0,18.0,10.0,22.0,4.0,26.0,3.0,18,3,21
875863749916-1,131.0,78.0,131.0,78.0,265.0,134.0,399.0,0.0,0.0,0.0,0.0,0.0,0.0,0.0,0.0,0.0,131.0,78.0,131.0,78.0,265.0,134.0,399.0,0.0,477.0,388.0,-498.0,-406.0,8.0,506.0,514.0,6.0,20,1,21
881098065430-1,19.0,10.0,19.0,10.0,18.0,-1.0,17.0,0.0,0.0,0.0,0.0,0.0,0.0,0.0,0.0,0.0,19.0,10.0,19.0,10.0,18.0,-1.0,17.0,0.0,872.0,656.0,92.0,71.0,93.0,1.0,94.0,2.0,8,1,9
887364641960-1,36.0,22.0,36.0,22.0,33.0,-3.0,30.0,0.0,0.0,0.0,0.0,0.0,0.0,0.0,0.0,0.0,36.0,22.0,36.0,22.0,33.0,-3.0,30.0,0.0,577.0,487.0,123.0,95.0,126.0,3.0,129.0,5.0,4,1,5
895272203029-1,10.0,6.0,10.0,6.0,10.0,0.0,10.0,0.0,0.0,0.0,0.0,0.0,0.0,0.0,0.0,0.0,10.0,6.0,10.0,6.0,10.0,0.0,10.0,0.0,2.0,1.0,0.0,0.0,0.0,1.0,1.0,1.0,1,1,2
897976472360-1,21.0,9.0,21.0,9.0,26.0,5.0,31.0,2.0,0.0,0.0,0.0,0.0,0.0,0.0,0.0,0.0,21.0,9.0,21.0,9.0,26.0,5.0,31.0,2.0,310.0,274.0,7.0,10.0,78.0,71.0,149.0,11.0,1,2,3
900111114273-1,806.0,645.0,806.0,645.0,797.0,-9.0,788.0,2.0,-93.0,-80.0,-93.0,-80.0,-92.0,1.0,-91.0,-10.0,899.0,725.0,899.0,725.0,889.0,-10.0,879.0,12.0,668.0,580.0,91.0,66.0,137.0,46.0,183.0,17.0,8,8,16
911766458251-1,27.0,15.0,27.0,15.0,28.0,1.0,29.0,2.0,0.0,0.0,0.0,0.0,-1.0,-1.0,-2.0,-1.0,27.0,15.0,27.0,15.0,29.0,2.0,31.0,3.0,145.0,106.0,0.0,0.0,2.0,2.0,4.0,2.0,4,6,10
923952906245-1,72.0,37.0,72.0,37.0,72.0,0.0,72.0,1.0,-2.0,0.0,-2.0,0.0,-2.0,0.0,-2.0,0.0,74.0,37.0,74.0,37.0,74.0,0.0,74.0,1.0,154.0,122.0,61.0,48.0,75.0,15.0,90.0,4.0,5,2,7
928331411848-1,609.0,482.0,609.0,482.0,609.0,0.0,609.0,1.0,0.0,0.0,0.0,0.0,0.0,0.0,0.0,0.0,609.0,482.0,609.0,482.0,609.0,0.0,609.0,1.0,685.0,549.0,23.0,21.0,25.0,2.0,27.0,4.0,4,1,5
933396705737-1,53.0,32.0,53.0,32.0,54.0,1.0,55.0,2.0,0.0,0.0,0.0,0.0,0.0,0.0,0.0,0.0,53.0,32.0,53.0,32.0,54.0,1.0,55.0,2.0,119.0,95.0,-3.0,-3.0,3.0,6.0,9.0,3.0,1,1,2
935544991465-1,98.0,54.0,98.0,54.0,94.0,-4.0,90.0,6.0,-11.0,-9.0,-11.0,-9.0,-13.0,-2.0,-15.0,-5.0,109.0,63.0,109.0,63.0,107.0,-2.0,105.0,11.0,442.0,366.0,45.0,39.0,83.0,38.0,121.0,9.0,8,2,10
936753285532-1,-13.0,-19.0,-13.0,-19.0,34.0,47.0,81.0,4.0,0.0,0.0,0.0,0.0,0.0,0.0,0.0,0.0,-13.0,-19.0,-13.0,-19.0,34.0,47.0,81.0,4.0,477.0,388.0,-517.0,-422.0,8.0,525.0,533.0,6.0,21,1,22
941394185344-1,26.0,12.0,26.0,12.0,23.0,-3.0,20.0,2.0,-6.0,-6.0,-6.0,-6.0,-7.0,-1.0,-8.0,0.0,32.0,18.0,32.0,18.0,30.0,-2.0,28.0,2.0,1669.0,1210.0,15.0,16.0,51.0,36.0,87.0,25.0,17,2,19
945029853918-1,15.0,3.0,15.0,3.0,16.0,1.0,17.0,-1.0,0.0,0.0,0.0,0.0,0.0,0.0,0.0,0.0,15.0,3.0,15.0,3.0,16.0,1.0,17.0,-1.0,1152.0,929.0,40.0,38.0,195.0,155.0,350.0,14.0,5,1,6
948959488177-1,10.0,3.0,10.0,3.0,6.0,-4.0,2.0,1.0,0.0,0.0,0.0,0.0,0.0,0.0,0.0,0.0,10.0,3.0,10.0,3.0,6.0,-4.0,2.0,1.0,1369.0,1064.0,39.0,23.0,73.0,34.0,107.0,12.0,9,1,10
961702553023-1,23.0,14.0,23.0,14.0,24.0,1.0,25.0,2.0,0.0,0.0,0.0,0.0,0.0,0.0,0.0,0.0,23.0,14.0,23.0,14.0,24.0,1.0,25.0,2.0,631.0,454.0,12.0,9.0,16.0,4.0,20.0,3.0,1,1,2
966060305144-1,40.0,21.0,40.0,21.0,53.0,13.0,66.0,2.0,0.0,0.0,0.0,0.0,0.0,0.0,0.0,0.0,40.0,21.0,40.0,21.0,53.0,13.0,66.0,2.0,189.0,151.0,-23.0,-26.0,90.0,113.0,203.0,4.0,3,1,4
972312520673-1,136.0,86.0,136.0,86.0,137.0,1.0,138.0,2.0,0.0,0.0,0.0,0.0,0.0,0.0,0.0,0.0,136.0,86.0,136.0,86.0,137.0,1.0,138.0,2.0,142.0,119.0,-15.0,-10.0,7.0,22.0,29.0,4.0,8,1,9
97414753272-1,168.0,101.0,168.0,101.0,169.0,1.0,170.0,1.0,0.0,0.0,0.0,0.0,0.0,0.0,0.0,0.0,168.0,101.0,168.0,101.0,169.0,1.0,170.0,1.0,16.0,16.0,2.0,2.0,3.0,1.0,4.0,1.0,2,1,3
981856617340-1,29.0,15.0,29.0,15.0,30.0,1.0,31.0,1.0,-4.0,-4.0,-4.0,-4.0,-4.0,0.0,-4.0,0.0,33.0,19.0,33.0,19.0,34.0,1.0,35.0,1.0,67.0,56.0,16.0,16.0,21.0,5.0,26.0,2.0,5,1,6
997967155543-1,14.0,8.0,14.0,8.0,14.0,0.0,14.0,0.0,0.0,0.0,0.0,0.0,0.0,0.0,0.0,0.0,14.0,8.0,14.0,8.0,14.0,0.0,14.0,0.0,1.0,1.0,0.0,0.0,1.0,1.0,2.0,1.0,2,1,3
110210585948-1,-264.0,-198.0,-264.0,-198.0,-86.0,178.0,92.0,2.0,0.0,0.0,0.0,0.0,0.0,0.0,0.0,0.0,-264.0,-198.0,-264.0,-198.0,-86.0,178.0,92.0,2.0,594.0,455.0,133.0,102.0,154.0,21.0,175.0,7.0,5,1,6
115057678072-1,14.0,13.0,14.0,13.0,0.0,-14.0,-14.0,2.0,0.0,0.0,0.0,0.0,0.0,0.0,0.0,0.0,14.0,13.0,14.0,13.0,0.0,-14.0,-14.0,2.0,154.0,114.0,26.0,22.0,88.0,62.0,150.0,3.0,4,1,5
121217912607-1,-276.0,-212.0,-276.0,-212.0,-59.0,217.0,158.0,-7.0,33.0,39.0,33.0,39.0,90.0,57.0,147.0,-8.0,-309.0,-251.0,-309.0,-251.0,-149.0,160.0,11.0,1.0,1424.0,1173.0,82.0,62.0,167.0,85.0,252.0,25.0,4,7,11
140035184561-1,-22.0,-17.0,-22.0,-17.0,-2.0,20.0,18.0,0.0,0.0,0.0,0.0,0.0,0.0,0.0,0.0,0.0,-22.0,-17.0,-22.0,-17.0,-2.0,20.0,18.0,0.0,341.0,241.0,21.0,27.0,99.0,78.0,177.0,10.0,1,1,2
151547044082-1,14.0,8.0,14.0,8.0,14.0,0.0,14.0,1.0,0.0,0.0,0.0,0.0,0.0,0.0,0.0,0.0,14.0,8.0,14.0,8.0,14.0,0.0,14.0,1.0,118.0,86.0,0.0,0.0,1.0,1.0,2.0,1.0,1,1,2
153054958748-1,-4.0,0.0,-4.0,0.0,1.0,5.0,6.0,2.0,0.0,0.0,0.0,0.0,0.0,0.0,0.0,0.0,-4.0,0.0,-4.0,0.0,1.0,5.0,6.0,2.0,71.0,58.0,0.0,0.0,1.0,1.0,2.0,1.0,3,1,4
16130294178-1,0.0,0.0,0.0,0.0,-5.0,-5.0,-10.0,0.0,0.0,0.0,0.0,0.0,0.0,0.0,0.0,0.0,0.0,0.0,0.0,0.0,-5.0,-5.0,-10.0,0.0,307.0,261.0,105.0,92.0,113.0,8.0,121.0,6.0,4,1,5
167753101075-1,43.0,38.0,43.0,38.0,-7.0,-50.0,-57.0,0.0,0.0,0.0,0.0,0.0,0.0,0.0,0.0,0.0,43.0,38.0,43.0,38.0,-7.0,-50.0,-57.0,0.0,229.0,194.0,-20.0,-12.0,39.0,59.0,98.0,9.0,2,9,11
172881523060-1,-139.0,-2.0,-139.0,-2.0,215.0,355.0,570.0,-10.0,0.0,0.0,0.0,0.0,0.0,0.0,0.0,0.0,-139.0,-2.0,-139.0,-2.0,215.0,355.0,570.0,-10.0,862.0,696.0,409.0,337.0,506.0,97.0,603.0,11.0,5,1,6
185122201628-1,7.0,3.0,7.0,3.0,5.0,-2.0,3.0,2.0,0.0,0.0,0.0,0.0,0.0,0.0,0.0,0.0,7.0,3.0,7.0,3.0,5.0,-2.0,3.0,2.0,75.0,59.0,-1.0,0.0,3.0,4.0,7.0,2.0,16,4,20
187891328019-1,-6.0,-1.0,-6.0,-1.0,-2.0,4.0,2.0,2.0,0.0,0.0,0.0,0.0,0.0,0.0,0.0,0.0,-6.0,-1.0,-6.0,-1.0,-2.0,4.0,2.0,2.0,227.0,186.0,41.0,33.0,51.0,10.0,61.0,4.0,2,1,3
197006748592-1,884.0,819.0,884.0,819.0,-167.0,-1051.0,-1218.0,-13.0,-731.0,-676.0,-731.0,-676.0,-165.0,566.0,401.0,-7.0,1615.0,1495.0,1615.0,1495.0,-2.0,-1617.0,-1619.0,-6.0,992.0,907.0,-884.0,-819.0,168.0,1052.0,1220.0,14.0,1,1,2
217512180114-1,-10.0,-5.0,-10.0,-5.0,-9.0,1.0,-8.0,0.0,0.0,0.0,0.0,0.0,0.0,0.0,0.0,0.0,-10.0,-5.0,-10.0,-5.0,-9.0,1.0,-8.0,0.0,76.0,68.0,10.0,6.0,12.0,2.0,14.0,2.0,1,1,2
22924018001-1,0.0,0.0,0.0,0.0,0.0,0.0,0.0,0.0,2.0,2.0,2.0,2.0,0.0,-2.0,-2.0,0.0,-2.0,-2.0,-2.0,-2.0,0.0,2.0,2.0,0.0,8.0,6.0,-2.0,-2.0,1.0,3.0,4.0,1.0,1,2,3
238600390342-1,-567.0,-447.0,-567.0,-447.0,-567.0,0.0,-567.0,0.0,0.0,0.0,0.0,0.0,0.0,0.0,0.0,0.0,-567.0,-447.0,-567.0,-447.0,-567.0,0.0,-567.0,0.0,781.0,626.0,781.0,626.0,781.0,0.0,781.0,1.0,1,27,28
247671127480-1,-140.0,-99.0,-140.0,-99.0,-54.0,86.0,32.0,-2.0,3.0,-1.0,3.0,-1.0,3.0,0.0,3.0,0.0,-143.0,-98.0,-143.0,-98.0,-57.0,86.0,29.0,-2.0,367.0,282.0,179.0,142.0,184.0,5.0,189.0,9.0,20,1,21
249060269671-1,218.0,209.0,218.0,209.0,19.0,-199.0,-180.0,7.0,0.0,0.0,0.0,0.0,0.0,0.0,0.0,0.0,218.0,209.0,218.0,209.0,19.0,-199.0,-180.0,7.0,53.0,26.0,-318.0,-257.0,24.0,342.0,366.0,2.0,2,77,79
27198332737-1,0.0,1.0,0.0,1.0,-3.0,-3.0,-6.0,-2.0,-32.0,-23.0,-32.0,-23.0,-36.0,-4.0,-40.0,-5.0,32.0,24.0,32.0,24.0,33.0,1.0,34.0,3.0,383.0,302.0,30.0,21.0,38.0,8.0,46.0,6.0,1,7,8
272340717131-1,6.0,6.0,6.0,6.0,2.0,-4.0,-2.0,0.0,6.0,6.0,6.0,6.0,0.0,-6.0,-6.0,0.0,0.0,0.0,0.0,0.0,2.0,2.0,4.0,0.0,146.0,140.0,-4.0,-4.0,3.0,7.0,10.0,3.0,2,1,3
273617180463-1,0.0,0.0,0.0,0.0,2.0,2.0,4.0,1.0,0.0,0.0,0.0,0.0,0.0,0.0,0.0,0.0,0.0,0.0,0.0,0.0,2.0,2.0,4.0,1.0,176.0,156.0,2.0,2.0,2.0,0.0,2.0,1.0,1,1,2
293257957212-1,-578.0,-453.0,-578.0,-453.0,-127.0,451.0,324.0,-12.0,0.0,0.0,0.0,0.0,0.0,0.0,0.0,0.0,-578.0,-453.0,-578.0,-453.0,-127.0,451.0,324.0,-12.0,779.0,605.0,22.0,20.0,139.0,117.0,256.0,20.0,4,12,16
307416445107-1,12.0,12.0,12.0,12.0,0.0,-12.0,-12.0,-1.0,0.0,0.0,0.0,0.0,0.0,0.0,0.0,0.0,12.0,12.0,12.0,12.0,0.0,-12.0,-12.0,-1.0,244.0,172.0,59.0,44.0,112.0,53.0,165.0,5.0,2,1,3
309870345904-1,6.0,7.0,6.0,7.0,2.0,-4.0,-2.0,4.0,2.0,2.0,2.0,2.0,-1.0,-3.0,-4.0,-1.0,4.0,5.0,4.0,5.0,3.0,-1.0,2.0,5.0,138.0,113.0,0.0,-1.0,15.0,15.0,30.0,3.0,4,21,25
314048431397-1,0.0,-1.0,0.0,-1.0,-2.0,-2.0,-4.0,-3.0,1.0,0.0,1.0,0.0,-1.0,-2.0,-3.0,-2.0,-1.0,-1.0,-1.0,-1.0,-1.0,0.0,-1.0,-1.0,112.0,91.0,0.0,1.0,2.0,2.0,4.0,3.0,1,1,2
314641429474-1,-8.0,-2.0,-8.0,-2.0,-9.0,-1.0,-10.0,-4.0,-60.0,-43.0,-60.0,-43.0,-111.0,-51.0,-162.0,-15.0,52.0,41.0,52.0,41.0,102.0,50.0,152.0,11.0,392.0,273.0,60.0,43.0,115.0,55.0,170.0,17.0,2,1,3
343522719498-1,-3.0,6.0,-3.0,6.0,-8.0,-5.0,-13.0,0.0,-96.0,-56.0,-96.0,-56.0,-293.0,-197.0,-490.0,-1.0,93.0,62.0,93.0,62.0,285.0,192.0,477.0,1.0,399.0,304.0,98.0,58.0,296.0,198.0,494.0,4.0,1,1,2
393294903439-1,-433.0,-349.0,-433.0,-349.0,-103.0,330.0,227.0,0.0,0.0,0.0,0.0,0.0,0.0,0.0,0.0,0.0,-433.0,-349.0,-433.0,-349.0,-103.0,330.0,227.0,0.0,673.0,530.0,105.0,83.0,105.0,0.0,105.0,3.0,4,3,7
446901941937-1,4.0,3.0,4.0,3.0,1.0,-3.0,-2.0,0.0,2.0,0.0,2.0,0.0,1.0,-1.0,0.0,0.0,2.0,3.0,2.0,3.0,0.0,-2.0,-2.0,0.0,196.0,168.0,-4.0,-3.0,0.0,4.0,4.0,1.0,1,1,2
458326496157-1,239.0,129.0,239.0,129.0,1.0,-238.0,-237.0,3.0,260.0,144.0,260.0,144.0,-3.0,-263.0,-266.0,1.0,-21.0,-15.0,-21.0,-15.0,4.0,25.0,29.0,2.0,18.0,15.0,-260.0,-144.0,5.0,265.0,270.0,1.0,1,4,5
484604872581-1,-5.0,0.0,-5.0,0.0,-3.0,2.0,-1.0,0.0,0.0,0.0,0.0,0.0,0.0,0.0,0.0,0.0,-5.0,0.0,-5.0,0.0,-3.0,2.0,-1.0,0.0,119.0,93.0,2.0,1.0,5.0,3.0,8.0,3.0,1,1,2
492139350012-1,-144.0,-107.0,-144.0,-107.0,-8.0,136.0,128.0,1.0,5.0,1.0,5.0,1.0,-2.0,-7.0,-9.0,-1.0,-149.0,-108.0,-149.0,-108.0,-6.0,143.0,137.0,2.0,417.0,301.0,18.0,9.0,29.0,11.0,40.0,3.0,15,2,17
51348011552-1,-1755.0,-1360.0,-1755.0,-1360.0,337.0,2093.0,2430.0,-7.0,78.0,68.0,78.0,68.0,-4.0,-82.0,-86.0,-7.0,-1833.0,-1428.0,-1833.0,-1428.0,341.0,2175.0,2516.0,0.0,2098.0,1657.0,-78.0,-69.0,5.0,83.0,88.0,8.0,1,3,4
517899874303-1,-239.0,-198.0,-239.0,-198.0,-114.0,125.0,11.0,0.0,-3.0,-3.0,-3.0,-3.0,-8.0,-5.0,-13.0,0.0,-236.0,-195.0,-236.0,-195.0,-106.0,130.0,24.0,0.0,493.0,409.0,61.0,64.0,163.0,102.0,265.0,12.0,18,3,21
519680728963-1,-4.0,-4.0,-4.0,-4.0,1.0,5.0,6.0,3.0,0.0,0.0,0.0,0.0,0.0,0.0,0.0,0.0,-4.0,-4.0,-4.0,-4.0,1.0,5.0,6.0,3.0,220.0,192.0,7.0,7.0,11.0,4.0,15.0,3.0,1,1,2
530598542251-1,174.0,-15.0,174.0,-15.0,112.0,-62.0,50.0,-2.0,0.0,0.0,0.0,0.0,0.0,0.0,0.0,0.0,174.0,-15.0,174.0,-15.0,112.0,-62.0,50.0,-2.0,989.0,752.0,29.0,27.0,102.0,73.0,175.0,5.0,1,1,2
531931975772-1,-1773.0,-1578.0,-1773.0,-1578.0,519.0,2293.0,2812.0,-25.0,0.0,0.0,0.0,0.0,0.0,0.0,0.0,0.0,-1773.0,-1578.0,-1773.0,-1578.0,519.0,2293.0,2812.0,-25.0,2391.0,2168.0,-180.0,-161.0,96.0,276.0,372.0,26.0,2,1,3
536304816897-1,8.0,6.0,8.0,6.0,3.0,-5.0,-2.0,-1.0,0.0,0.0,0.0,0.0,0.0,0.0,0.0,0.0,8.0,6.0,8.0,6.0,3.0,-5.0,-2.0,-1.0,39.0,19.0,0.0,-4.0,10.0,10.0,20.0,2.0,2,1,3
542594518977-1,40.0,33.0,40.0,33.0,40.0,0.0,40.0,0.0,0.0,0.0,0.0,0.0,0.0,0.0,0.0,0.0,40.0,33.0,40.0,33.0,40.0,0.0,40.0,0.0,841.0,643.0,3.0,3.0,3.0,0.0,3.0,1.0,2,1,3
555290919346-1,0.0,0.0,0.0,0.0,0.0,0.0,0.0,0.0,0.0,0.0,0.0,0.0,0.0,0.0,0.0,0.0,0.0,0.0,0.0,0.0,0.0,0.0,0.0,0.0,19.0,4.0,0.0,0.0,1.0,1.0,2.0,1.0,1,1,2
557765626847-1,-406.0,-286.0,-406.0,-286.0,-41.0,365.0,324.0,-2.0,0.0,0.0,0.0,0.0,0.0,0.0,0.0,0.0,-406.0,-286.0,-406.0,-286.0,-41.0,365.0,324.0,-2.0,735.0,531.0,33.0,26.0,44.0,11.0,55.0,4.0,15,2,17
557911204763-1,0.0,0.0,0.0,0.0,9.0,9.0,18.0,-3.0,0.0,0.0,0.0,0.0,-1.0,-1.0,-2.0,0.0,0.0,0.0,0.0,0.0,10.0,10.0,20.0,-3.0,46.0,31.0,0.0,0.0,5.0,5.0,10.0,4.0,1,1,2
588151195551-1,0.0,0.0,0.0,0.0,2.0,2.0,4.0,2.0,0.0,0.0,0.0,0.0,0.0,0.0,0.0,0.0,0.0,0.0,0.0,0.0,2.0,2.0,4.0,2.0,404.0,305.0,0.0,0.0,4.0,4.0,8.0,4.0,4,1,5
594875293547-1,-5.0,-3.0,-5.0,-3.0,-5.0,0.0,-5.0,0.0,0.0,0.0,0.0,0.0,0.0,0.0,0.0,0.0,-5.0,-3.0,-5.0,-3.0,-5.0,0.0,-5.0,0.0,149.0,102.0,149.0,102.0,149.0,0.0,149.0,1.0,1,1,2
601783641769-1,-55.0,-3.0,-55.0,-3.0,-51.0,4.0,-47.0,-1.0,-71.0,-20.0,-71.0,-20.0,-114.0,-43.0,-157.0,-8.0,16.0,17.0,16.0,17.0,63.0,47.0,110.0,7.0,372.0,259.0,73.0,22.0,117.0,44.0,161.0,9.0,6,1,7
616198966979-1,0.0,0.0,0.0,0.0,0.0,0.0,0.0,0.0,0.0,0.0,0.0,0.0,0.0,0.0,0.0,0.0,0.0,0.0,0.0,0.0,0.0,0.0,0.0,0.0,30.0,17.0,15.0,15.0,16.0,1.0,17.0,1.0,8,1,9
617363168053-1,4.0,29.0,4.0,29.0,3.0,0.0,3.0,0.0,0.0,0.0,0.0,0.0,0.0,0.0,0.0,0.0,4.0,29.0,4.0,29.0,3.0,0.0,3.0,0.0,115.0,90.0,115.0,90.0,115.0,0.0,115.0,1.0,1,1,2
617717979505-1,1.0,3.0,1.0,3.0,-2.0,-3.0,-5.0,0.0,0.0,0.0,0.0,0.0,0.0,0.0,0.0,0.0,1.0,3.0,1.0,3.0,-2.0,-3.0,-5.0,0.0,117.0,79.0,7.0,4.0,28.0,21.0,49.0,2.0,4,1,5
6184185624-1,-192.0,-56.0,-192.0,-56.0,4.0,196.0,200.0,5.0,0.0,0.0,0.0,0.0,-1.0,-1.0,-2.0,0.0,-192.0,-56.0,-192.0,-56.0,5.0,197.0,202.0,5.0,451.0,189.0,0.0,0.0,2.0,2.0,4.0,1.0,7,8,15
640784729255-1,-561.0,-457.0,-561.0,-457.0,-65.0,494.0,429.0,-7.0,0.0,0.0,0.0,0.0,0.0,0.0,0.0,0.0,-561.0,-457.0,-561.0,-457.0,-65.0,494.0,429.0,-7.0,643.0,522.0,52.0,35.0,67.0,15.0,82.0,9.0,2,5,7
652758502101-1,12.0,10.0,12.0,10.0,7.0,-5.0,2.0,1.0,0.0,0.0,0.0,0.0,0.0,0.0,0.0,0.0,12.0,10.0,12.0,10.0,7.0,-5.0,2.0,1.0,211.0,176.0,36.0,33.0,50.0,14.0,64.0,4.0,2,1,3
654089349285-1,-3.0,0.0,-3.0,0.0,1.0,4.0,5.0,0.0,-1.0,-1.0,-1.0,-1.0,-2.0,-1.0,-3.0,-2.0,-2.0,1.0,-2.0,1.0,3.0,5.0,8.0,2.0,292.0,230.0,1.0,1.0,3.0,2.0,5.0,3.0,1,6,7
66806366616-1,-261.0,-205.0,-261.0,-205.0,-56.0,203.0,147.0,-2.0,0.0,0.0,0.0,0.0,0.0,0.0,0.0,0.0,-261.0,-205.0,-261.0,-205.0,-56.0,203.0,147.0,-2.0,537.0,439.0,-392.0,-317.0,251.0,643.0,894.0,5.0,1,2,3
695599908844-1,-424.0,-344.0,-424.0,-344.0,-38.0,386.0,348.0,-3.0,0.0,0.0,0.0,0.0,0.0,0.0,0.0,0.0,-424.0,-344.0,-424.0,-344.0,-38.0,386.0,348.0,-3.0,664.0,548.0,39.0,36.0,40.0,1.0,41.0,6.0,1,1,2
695966602227-1,-232.0,-195.0,-232.0,-195.0,-8.0,224.0,216.0,1.0,4.0,4.0,4.0,4.0,4.0,0.0,4.0,0.0,-236.0,-199.0,-236.0,-199.0,-12.0,224.0,212.0,1.0,458.0,371.0,13.0,12.0,13.0,0.0,13.0,3.0,3,7,10
704064103392-1,-15.0,-12.0,-15.0,-12.0,-168.0,-153.0,-321.0,3.0,0.0,0.0,0.0,0.0,0.0,0.0,0.0,0.0,-15.0,-12.0,-15.0,-12.0,-168.0,-153.0,-321.0,3.0,214.0,170.0,45.0,37.0,204.0,160.0,364.0,1.0,4,3,7
708664933281-1,-82.0,-6.0,-82.0,-6.0,-83.0,0.0,-83.0,0.0,-81.0,-44.0,-81.0,-44.0,-81.0,0.0,-81.0,0.0,-1.0,38.0,-1.0,38.0,-2.0,0.0,-2.0,0.0,176.0,100.0,176.0,100.0,176.0,0.0,176.0,1.0,16,25,41
717455631464-1,-624.0,-488.0,-624.0,-488.0,-20.0,604.0,584.0,-5.0,0.0,0.0,0.0,0.0,0.0,0.0,0.0,0.0,-624.0,-488.0,-624.0,-488.0,-20.0,604.0,584.0,-5.0,868.0,676.0,1.0,2.0,37.0,36.0,73.0,14.0,13,7,20
72456172364-1,-26.0,-20.0,-26.0,-20.0,-26.0,0.0,-26.0,0.0,0.0,0.0,0.0,0.0,0.0,0.0,0.0,0.0,-26.0,-20.0,-26.0,-20.0,-26.0,0.0,-26.0,0.0,68.0,56.0,68.0,56.0,68.0,0.0,68.0,1.0,12,2,14
786449541166-1,3.0,4.0,3.0,4.0,3.0,0.0,3.0,1.0,6.0,6.0,6.0,6.0,1.0,-5.0,-4.0,-1.0,-3.0,-2.0,-3.0,-2.0,2.0,5.0,7.0,2.0,149.0,105.0,-2.0,-2.0,4.0,6.0,10.0,2.0,1,1,2
797133169666-1,67.0,62.0,67.0,62.0,50.0,-17.0,33.0,1.0,0.0,0.0,0.0,0.0,0.0,0.0,0.0,0.0,67.0,62.0,67.0,62.0,50.0,-17.0,33.0,1.0,93.0,84.0,24.0,27.0,77.0,53.0,130.0,1.0,3,2,5
802843381626-1,-5.0,-2.0,-5.0,-2.0,-4.0,1.0,-3.0,2.0,0.0,0.0,0.0,0.0,0.0,0.0,0.0,0.0,-5.0,-2.0,-5.0,-2.0,-4.0,1.0,-3.0,2.0,271.0,225.0,9.0,8.0,25.0,16.0,41.0,10.0,5,2,7
81878376947-1,-1.0,3.0,-1.0,3.0,-2.0,0.0,-2.0,0.0,0.0,0.0,0.0,0.0,0.0,0.0,0.0,0.0,-1.0,3.0,-1.0,3.0,-2.0,0.0,-2.0,0.0,90.0,52.0,90.0,52.0,90.0,0.0,90.0,1.0,13,2,15
823245019634-1,414.0,296.0,414.0,296.0,0.0,-413.0,-413.0,3.0,416.0,296.0,416.0,296.0,0.0,-415.0,-415.0,0.0,-2.0,0.0,-2.0,0.0,0.0,2.0,2.0,3.0,1.0,1.0,-417.0,-297.0,1.0,417.0,418.0,1.0,3,1,4
825096066117-1,0.0,0.0,0.0,0.0,1.0,1.0,2.0,1.0,0.0,0.0,0.0,0.0,0.0,0.0,0.0,0.0,0.0,0.0,0.0,0.0,1.0,1.0,2.0,1.0,38.0,32.0,0.0,0.0,1.0,1.0,2.0,1.0,1,1,2
838386290601-1,0.0,0.0,0.0,0.0,0.0,0.0,0.0,0.0,0.0,0.0,0.0,0.0,0.0,0.0,0.0,0.0,0.0,0.0,0.0,0.0,0.0,0.0,0.0,0.0,4.0,2.0,0.0,0.0,2.0,2.0,4.0,1.0,1,1,2
839091243336-1,-155.0,-113.0,-155.0,-113.0,-83.0,72.0,-11.0,-4.0,0.0,0.0,0.0,0.0,0.0,0.0,0.0,0.0,-155.0,-113.0,-155.0,-113.0,-83.0,72.0,-11.0,-4.0,358.0,270.0,211.0,168.0,237.0,26.0,263.0,6.0,2,3,5
849927950896-1,55.0,41.0,55.0,41.0,58.0,3.0,61.0,0.0,0.0,0.0,0.0,0.0,0.0,0.0,0.0,0.0,55.0,41.0,55.0,41.0,58.0,3.0,61.0,0.0,146.0,111.0,2.0,1.0,2.0,0.0,2.0,2.0,3,1,4
857012001082-1,22.0,62.0,22.0,62.0,-76.0,-98.0,-174.0,2.0,-97.0,-41.0,-97.0,-41.0,-88.0,9.0,-79.0,0.0,119.0,103.0,119.0,103.0,12.0,-107.0,-95.0,2.0,150.0,83.0,-186.0,-211.0,126.0,312.0,438.0,1.0,6,3,9
864000062415-1,-19.0,-5.0,-19.0,-5.0,-3.0,16.0,13.0,3.0,-8.0,-6.0,-8.0,-6.0,-10.0,-2.0,-12.0,-2.0,-11.0,1.0,-11.0,1.0,7.0,18.0,25.0,5.0,286.0,201.0,16.0,11.0,19.0,3.0,22.0,4.0,5,3,8
865620130171-1,-2647.0,-2150.0,-2647.0,-2150.0,-16.0,2631.0,2615.0,-3.0,0.0,0.0,0.0,0.0,0.0,0.0,0.0,0.0,-2647.0,-2150.0,-2647.0,-2150.0,-16.0,2631.0,2615.0,-3.0,2956.0,2394.0,10.0,9.0,18.0,8.0,26.0,5.0,1,3,4
883062358536-1,0.0,0.0,0.0,0.0,1.0,1.0,2.0,1.0,0.0,0.0,0.0,0.0,0.0,0.0,0.0,0.0,0.0,0.0,0.0,0.0,1.0,1.0,2.0,1.0,601.0,532.0,0.0,0.0,4.0,4.0,8.0,3.0,1,1,2
883067272382-1,-10.0,-7.0,-10.0,-7.0,2.0,12.0,14.0,1.0,0.0,0.0,0.0,0.0,0.0,0.0,0.0,0.0,-10.0,-7.0,-10.0,-7.0,2.0,12.0,14.0,1.0,349.0,273.0,-3.0,-2.0,3.0,6.0,9.0,4.0,4,1,5
891134878759-1,2.0,0.0,2.0,0.0,2.0,0.0,2.0,1.0,1.0,0.0,1.0,0.0,0.0,-1.0,-1.0,0.0,1.0,0.0,1.0,0.0,2.0,1.0,3.0,1.0,61.0,45.0,1.0,1.0,2.0,1.0,3.0,1.0,2,1,3
905153760554-1,-7.0,-2.0,-7.0,-2.0,-6.0,1.0,-5.0,1.0,25.0,32.0,25.0,32.0,-20.0,-45.0,-65.0,1.0,-32.0,-34.0,-32.0,-34.0,14.0,46.0,60.0,0.0,430.0,310.0,-24.0,-30.0,28.0,52.0,80.0,1.0,3,3,6
911271203201-1,15.0,19.0,15.0,19.0,46.0,31.0,77.0,0.0,35.0,30.0,35.0,30.0,65.0,30.0,95.0,0.0,-20.0,-11.0,-20.0,-11.0,-19.0,1.0,-18.0,0.0,66.0,48.0,-1.0,-1.0,2.0,3.0,5.0,1.0,2,3,5
922682733904-1,-39.0,-27.0,-39.0,-27.0,-30.0,9.0,-21.0,3.0,0.0,0.0,0.0,0.0,0.0,0.0,0.0,0.0,-39.0,-27.0,-39.0,-27.0,-30.0,9.0,-21.0,3.0,249.0,206.0,129.0,109.0,130.0,1.0,131.0,3.0,3,3,6
926525919272-1,0.0,0.0,0.0,0.0,0.0,0.0,0.0,0.0,0.0,0.0,0.0,0.0,0.0,0.0,0.0,0.0,0.0,0.0,0.0,0.0,0.0,0.0,0.0,0.0,19.0,4.0,0.0,0.0,1.0,1.0,2.0,1.0,2,4,6
936455278776-1,-1404.0,-989.0,-1404.0,-989.0,-61.0,1343.0,1282.0,-25.0,15.0,7.0,15.0,7.0,-31.0,-46.0,-77.0,-13.0,-1419.0,-996.0,-1419.0,-996.0,-30.0,1389.0,1359.0,-12.0,1664.0,1204.0,-2.0,5.0,75.0,77.0,152.0,36.0,7,1,8
958670475085-1,6.0,7.0,6.0,7.0,3.0,-3.0,0.0,1.0,0.0,0.0,0.0,0.0,-1.0,-1.0,-2.0,-1.0,6.0,7.0,6.0,7.0,4.0,-2.0,2.0,2.0,123.0,107.0,-33.0,-27.0,38.0,71.0,109.0,4.0,1,2,3
116012349852-1,-443.0,-395.0,-443.0,-395.0,-30.0,413.0,383.0,-5.0,-17.0,-2.0,-17.0,-2.0,-19.0,-2.0,-21.0,-7.0,-426.0,-393.0,-426.0,-393.0,-11.0,415.0,404.0,2.0,678.0,600.0,32.0,13.0,37.0,5.0,42.0,9.0,1,1,2
122543218019-1,-1943.0,-1531.0,-1943.0,-1531.0,-212.0,1732.0,1520.0,-10.0,-131.0,-115.0,-131.0,-115.0,-131.0,0.0,-131.0,-4.0,-1812.0,-1416.0,-1812.0,-1416.0,-81.0,1732.0,1651.0,-6.0,2184.0,1762.0,448.0,379.0,452.0,4.0,456.0,11.0,10,4,14
124416110103-1,12.0,13.0,12.0,13.0,4.0,-8.0,-4.0,1.0,-82.0,-74.0,-82.0,-74.0,-106.0,-24.0,-130.0,-3.0,94.0,87.0,94.0,87.0,110.0,16.0,126.0,4.0,297.0,243.0,83.0,74.0,111.0,28.0,139.0,7.0,4,2,6
127696746793-1,-3.0,-3.0,-3.0,-3.0,-5.0,-2.0,-7.0,-1.0,5.0,4.0,5.0,4.0,5.0,0.0,5.0,0.0,-8.0,-7.0,-8.0,-7.0,-10.0,-2.0,-12.0,-1.0,133.0,102.0,3.0,3.0,6.0,3.0,9.0,2.0,2,1,3
129139494044-1,-30.0,-18.0,-30.0,-18.0,-30.0,0.0,-30.0,0.0,,,,,,,,,,,,,,,,,177.0,150.0,177.0,150.0,177.0,0.0,177.0,1.0,1,1,2
129221788975-1,118.0,123.0,118.0,123.0,2.0,-116.0,-114.0,-7.0,1.0,1.0,1.0,1.0,0.0,-1.0,-1.0,0.0,117.0,122.0,117.0,122.0,2.0,-115.0,-113.0,-7.0,1915.0,1715.0,-670.0,-625.0,126.0,796.0,922.0,38.0,31,1,32
13222601357-1,-1693.0,-1277.0,-1693.0,-1277.0,-8.0,1685.0,1677.0,-6.0,61.0,47.0,61.0,47.0,-4.0,-65.0,-69.0,-3.0,-1754.0,-1324.0,-1754.0,-1324.0,-4.0,1750.0,1746.0,-3.0,2006.0,1515.0,-59.0,-47.0,11.0,70.0,81.0,8.0,7,1,8
133011245168-1,5.0,5.0,5.0,5.0,-4.0,-9.0,-13.0,-4.0,4.0,4.0,4.0,4.0,-4.0,-8.0,-12.0,-4.0,1.0,1.0,1.0,1.0,0.0,-1.0,-1.0,0.0,236.0,180.0,-3.0,-3.0,6.0,9.0,15.0,6.0,2,1,3
142620987897-1,-1445.0,-1002.0,-1445.0,-1002.0,112.0,1558.0,1670.0,-15.0,-74.0,-56.0,-74.0,-56.0,-90.0,-16.0,-106.0,-14.0,-1371.0,-946.0,-1371.0,-946.0,202.0,1574.0,1776.0,-1.0,1656.0,1185.0,81.0,62.0,98.0,17.0,115.0,16.0,3,14,17
154179589023-1,-5.0,-5.0,-5.0,-5.0,2.0,7.0,9.0,1.0,-7.0,-7.0,-7.0,-7.0,-7.0,0.0,-7.0,-1.0,2.0,2.0,2.0,2.0,9.0,7.0,16.0,2.0,171.0,137.0,39.0,39.0,39.0,0.0,39.0,4.0,37,16,53
157758024044-1,-248.0,-74.0,-248.0,-74.0,1326.0,1645.0,2971.0,-22.0,180.0,81.0,180.0,81.0,-219.0,-328.0,-547.0,-22.0,-428.0,-155.0,-428.0,-155.0,1545.0,1973.0,3518.0,0.0,1962.0,745.0,-142.0,-64.0,261.0,332.0,593.0,25.0,4,35,39
162644996094-1,0.0,0.0,0.0,0.0,1.0,1.0,2.0,1.0,0.0,0.0,0.0,0.0,0.0,0.0,0.0,0.0,0.0,0.0,0.0,0.0,1.0,1.0,2.0,1.0,614.0,480.0,0.0,0.0,1.0,1.0,2.0,1.0,1,2,3
16441547268-1,20.0,21.0,20.0,21.0,4.0,-16.0,-12.0,0.0,0.0,0.0,0.0,0.0,0.0,0.0,0.0,0.0,20.0,21.0,20.0,21.0,4.0,-16.0,-12.0,0.0,208.0,188.0,5.0,0.0,47.0,42.0,89.0,5.0,1,1,2
165333129549-1,-447.0,-352.0,-447.0,-352.0,-72.0,375.0,303.0,-15.0,17.0,13.0,17.0,13.0,-75.0,-92.0,-167.0,-24.0,-464.0,-365.0,-464.0,-365.0,3.0,467.0,470.0,9.0,713.0,536.0,-24.0,-14.0,93.0,117.0,210.0,27.0,2,24,26
170551099120-1,-1208.0,-932.0,-1208.0,-932.0,-196.0,1012.0,816.0,-9.0,-26.0,-19.0,-26.0,-19.0,-60.0,-34.0,-94.0,-5.0,-1182.0,-913.0,-1182.0,-913.0,-136.0,1046.0,910.0,-4.0,1453.0,1141.0,106.0,89.0,210.0,104.0,314.0,17.0,6,3,9
176042200285-1,-1.0,-1.0,-1.0,-1.0,14.0,15.0,29.0,1.0,-24.0,-20.0,-24.0,-20.0,-38.0,-14.0,-52.0,-1.0,23.0,19.0,23.0,19.0,52.0,29.0,81.0,2.0,227.0,195.0,24.0,20.0,49.0,25.0,74.0,5.0,2,1,3
178354188774-1,-1666.0,-1254.0,-1666.0,-1254.0,-188.0,1478.0,1290.0,-11.0,80.0,48.0,80.0,48.0,-190.0,-270.0,-460.0,-13.0,-1746.0,-1302.0,-1746.0,-1302.0,2.0,1748.0,1750.0,2.0,1877.0,1410.0,-79.0,-48.0,193.0,272.0,465.0,15.0,1,6,7
179503381175-1,-6.0,-3.0,-6.0,-3.0,-10.0,-4.0,-14.0,0.0,0.0,0.0,0.0,0.0,0.0,0.0,0.0,0.0,-6.0,-3.0,-6.0,-3.0,-10.0,-4.0,-14.0,0.0,114.0,92.0,6.0,3.0,12.0,6.0,18.0,2.0,3,1,4
181177854343-1,-125.0,-98.0,-125.0,-98.0,-68.0,57.0,-11.0,-2.0,-6.0,-4.0,-6.0,-4.0,-6.0,0.0,-6.0,-1.0,-119.0,-94.0,-119.0,-94.0,-62.0,57.0,-5.0,-1.0,327.0,271.0,100.0,73.0,194.0,94.0,288.0,5.0,58,1,59
181495264632-1,0.0,0.0,0.0,0.0,1.0,1.0,2.0,1.0,-2.0,-2.0,-2.0,-2.0,-2.0,0.0,-2.0,0.0,2.0,2.0,2.0,2.0,3.0,1.0,4.0,1.0,56.0,52.0,4.0,4.0,4.0,0.0,4.0,1.0,2,10,12
184104402600-1,-6.0,-1.0,-6.0,-1.0,-9.0,-3.0,-12.0,0.0,0.0,0.0,0.0,0.0,-1.0,-1.0,-2.0,0.0,-6.0,-1.0,-6.0,-1.0,-8.0,-2.0,-10.0,0.0,440.0,300.0,7.0,2.0,12.0,5.0,17.0,2.0,2,1,3
186405798120-1,,,,,,,,,0.0,0.0,0.0,0.0,0.0,0.0,0.0,0.0,,,,,,,,,849.0,651.0,-11.0,-12.0,161.0,172.0,333.0,11.0,7,1,8
187937374571-1,-2.0,0.0,-2.0,0.0,-1.0,1.0,0.0,0.0,1.0,0.0,1.0,0.0,0.0,-1.0,-1.0,0.0,-3.0,0.0,-3.0,0.0,-1.0,2.0,1.0,0.0,235.0,203.0,141.0,127.0,202.0,61.0,263.0,2.0,3,1,4
197238875522-1,0.0,0.0,0.0,0.0,0.0,0.0,0.0,0.0,0.0,0.0,0.0,0.0,0.0,0.0,0.0,0.0,0.0,0.0,0.0,0.0,0.0,0.0,0.0,0.0,175.0,126.0,31.0,25.0,31.0,0.0,31.0,1.0,2,1,3
202601267515-1,8.0,10.0,8.0,10.0,8.0,0.0,8.0,0.0,-1.0,0.0,-1.0,0.0,-1.0,0.0,-1.0,0.0,9.0,10.0,9.0,10.0,9.0,0.0,9.0,0.0,47.0,32.0,47.0,32.0,47.0,0.0,47.0,1.0,2,1,3
209239030848-1,8.0,8.0,8.0,8.0,-1.0,-9.0,-10.0,-1.0,-4.0,-3.0,-4.0,-3.0,-9.0,-5.0,-14.0,0.0,12.0,11.0,12.0,11.0,8.0,-4.0,4.0,-1.0,176.0,130.0,-5.0,-5.0,10.0,15.0,25.0,3.0,1,1,2
209348163768-1,-526.0,-342.0,-526.0,-342.0,355.0,882.0,1237.0,-7.0,0.0,0.0,0.0,0.0,0.0,0.0,0.0,0.0,-526.0,-342.0,-526.0,-342.0,355.0,882.0,1237.0,-7.0,916.0,706.0,-8.0,-15.0,31.0,39.0,70.0,8.0,4,1,5
214538838340-1,-770.0,-643.0,-770.0,-643.0,106.0,877.0,983.0,-7.0,-1.0,-1.0,-1.0,-1.0,-4.0,-3.0,-7.0,-2.0,-769.0,-642.0,-769.0,-642.0,110.0,880.0,990.0,-5.0,942.0,802.0,55.0,50.0,63.0,8.0,71.0,8.0,1,8,9
226178045523-1,2.0,3.0,2.0,3.0,-17.0,-19.0,-36.0,0.0,-11.0,-10.0,-11.0,-10.0,-39.0,-28.0,-67.0,-10.0,13.0,13.0,13.0,13.0,22.0,9.0,31.0,10.0,394.0,339.0,32.0,24.0,74.0,42.0,116.0,14.0,16,2,18
226595983323-1,-69.0,-34.0,-69.0,-34.0,-50.0,19.0,-31.0,7.0,2.0,2.0,2.0,2.0,-11.0,-13.0,-24.0,0.0,-71.0,-36.0,-71.0,-36.0,-39.0,32.0,-7.0,7.0,328.0,248.0,33.0,25.0,64.0,31.0,95.0,8.0,18,10,28
228143982970-1,-6.0,2.0,-6.0,2.0,-2.0,4.0,2.0,-1.0,-2.0,-2.0,-2.0,-2.0,-6.0,-4.0,-10.0,-1.0,-4.0,4.0,-4.0,4.0,4.0,8.0,12.0,0.0,334.0,288.0,32.0,24.0,39.0,7.0,46.0,8.0,4,4,8
23070523726-1,-3669.0,-3257.0,-3669.0,-3257.0,-169.0,3500.0,3331.0,-3.0,-10.0,-10.0,-10.0,-10.0,-11.0,-1.0,-12.0,-1.0,-3659.0,-3247.0,-3659.0,-3247.0,-158.0,3501.0,3343.0,-2.0,3936.0,3454.0,151.0,144.0,176.0,25.0,201.0,6.0,5,3,8
233328847582-1,-966.0,-656.0,-966.0,-656.0,499.0,1468.0,1967.0,-16.0,-66.0,-48.0,-66.0,-48.0,-74.0,-8.0,-82.0,-11.0,-900.0,-608.0,-900.0,-608.0,573.0,1476.0,2049.0,-5.0,2720.0,2072.0,70.0,52.0,85.0,15.0,100.0,24.0,2,2,4
234323344262-1,-133.0,-117.0,-133.0,-117.0,-75.0,58.0,-17.0,0.0,-1.0,0.0,-1.0,0.0,-1.0,0.0,-1.0,0.0,-132.0,-117.0,-132.0,-117.0,-74.0,58.0,-16.0,0.0,390.0,327.0,-21.0,-9.0,102.0,123.0,225.0,5.0,14,1,15
235604859102-1,18.0,14.0,18.0,14.0,20.0,2.0,22.0,-1.0,-18.0,-15.0,-18.0,-15.0,-17.0,1.0,-16.0,-1.0,36.0,29.0,36.0,29.0,37.0,1.0,38.0,0.0,210.0,168.0,29.0,22.0,29.0,0.0,29.0,3.0,3,29,32
237833746854-1,-883.0,-710.0,-883.0,-710.0,-24.0,859.0,835.0,-10.0,-3.0,-3.0,-3.0,-3.0,-9.0,-6.0,-15.0,-2.0,-880.0,-707.0,-880.0,-707.0,-15.0,865.0,850.0,-8.0,1132.0,904.0,5.0,8.0,155.0,150.0,305.0,15.0,11,1,12
238799791693-1,-17.0,-7.0,-17.0,-7.0,-6.0,11.0,5.0,-2.0,-14.0,-13.0,-14.0,-13.0,2.0,16.0,18.0,-2.0,-3.0,6.0,-3.0,6.0,-8.0,-5.0,-13.0,0.0,413.0,317.0,112.0,71.0,294.0,182.0,476.0,6.0,1,1,2
249587136742-1,-64.0,48.0,-64.0,48.0,316.0,381.0,697.0,-14.0,-148.0,-103.0,-148.0,-103.0,-283.0,-135.0,-418.0,-14.0,84.0,151.0,84.0,151.0,599.0,516.0,1115.0,0.0,672.0,536.0,154.0,107.0,289.0,135.0,424.0,15.0,2,1,3
249819479680-1,0.0,0.0,0.0,0.0,0.0,0.0,0.0,0.0,0.0,0.0,0.0,0.0,-1.0,-1.0,-2.0,0.0,0.0,0.0,0.0,0.0,1.0,1.0,2.0,0.0,32.0,13.0,0.0,0.0,2.0,2.0,4.0,1.0,1,3,4
250844423963-1,-16.0,-12.0,-16.0,-12.0,-42.0,-26.0,-68.0,-4.0,-46.0,-38.0,-46.0,-38.0,-57.0,-11.0,-68.0,-6.0,30.0,26.0,30.0,26.0,15.0,-15.0,0.0,2.0,341.0,260.0,54.0,44.0,103.0,49.0,152.0,9.0,1,1,2
25505676981-1,-716.0,-576.0,-716.0,-576.0,-146.0,570.0,424.0,-1.0,-6.0,-6.0,-6.0,-6.0,-12.0,-6.0,-18.0,0.0,-710.0,-570.0,-710.0,-570.0,-134.0,576.0,442.0,-1.0,965.0,784.0,122.0,99.0,208.0,86.0,294.0,11.0,2,6,8
257570065970-1,1.0,3.0,1.0,3.0,-9.0,-10.0,-19.0,0.0,1.0,2.0,1.0,2.0,-11.0,-12.0,-23.0,-2.0,0.0,1.0,0.0,1.0,2.0,2.0,4.0,2.0,129.0,117.0,5.0,4.0,17.0,12.0,29.0,4.0,2,2,4
260816206509-1,-28.0,-11.0,-28.0,-11.0,-164.0,-136.0,-300.0,8.0,-24.0,-13.0,-24.0,-13.0,-171.0,-148.0,-319.0,0.0,-4.0,2.0,-4.0,2.0,7.0,12.0,19.0,8.0,193.0,146.0,24.0,13.0,172.0,149.0,321.0,1.0,1,8,9
264578774446-1,-948.0,-810.0,-948.0,-810.0,-18.0,930.0,912.0,-5.0,-2.0,0.0,-2.0,0.0,-2.0,0.0,-2.0,0.0,-946.0,-810.0,-946.0,-810.0,-16.0,930.0,914.0,-5.0,1173.0,995.0,8.0,5.0,23.0,15.0,38.0,10.0,1,5,6
267401744398-1,-646.0,-471.0,-646.0,-471.0,-65.0,581.0,516.0,3.0,-4.0,-4.0,-4.0,-4.0,-6.0,-2.0,-8.0,-2.0,-642.0,-467.0,-642.0,-467.0,-59.0,583.0,524.0,5.0,901.0,668.0,64.0,61.0,66.0,2.0,68.0,3.0,1,1,2
270531882597-1,-275.0,-200.0,-275.0,-200.0,-48.0,227.0,179.0,1.0,-42.0,-33.0,-42.0,-33.0,-45.0,-3.0,-48.0,-2.0,-233.0,-167.0,-233.0,-167.0,-3.0,230.0,227.0,3.0,585.0,448.0,-168.0,-123.0,67.0,235.0,302.0,6.0,33,1,34
272023165598-1,13.0,12.0,13.0,12.0,-6.0,-19.0,-25.0,0.0,-36.0,-32.0,-36.0,-32.0,-55.0,-19.0,-74.0,-5.0,49.0,44.0,49.0,44.0,49.0,0.0,49.0,5.0,645.0,513.0,43.0,38.0,72.0,29.0,101.0,16.0,5,4,9
275298006615-1,-310.0,-268.0,-310.0,-268.0,-258.0,52.0,-206.0,-2.0,-4.0,-4.0,-4.0,-4.0,-4.0,0.0,-4.0,0.0,-306.0,-264.0,-306.0,-264.0,-254.0,52.0,-202.0,-2.0,546.0,453.0,272.0,236.0,320.0,48.0,368.0,13.0,22,5,27
291397458124-1,-1520.0,-1272.0,-1520.0,-1272.0,-366.0,1152.0,786.0,-41.0,-267.0,-264.0,-267.0,-264.0,-353.0,-86.0,-439.0,-46.0,-1253.0,-1008.0,-1253.0,-1008.0,-13.0,1238.0,1225.0,5.0,1744.0,1432.0,302.0,299.0,388.0,86.0,474.0,47.0,6,6,12
291944185739-1,16.0,12.0,16.0,12.0,2.0,-14.0,-12.0,1.0,17.0,13.0,17.0,13.0,2.0,-15.0,-13.0,0.0,-1.0,-1.0,-1.0,-1.0,0.0,1.0,1.0,1.0,53.0,40.0,-12.0,-10.0,6.0,18.0,24.0,3.0,2,3,5
292384393329-1,,,,,,,,,-167.0,-148.0,-167.0,-148.0,-297.0,-130.0,-427.0,-9.0,,,,,,,,,6144.0,4849.0,209.0,177.0,378.0,169.0,547.0,14.0,15,1,16
298925720367-1,-277.0,-208.0,-277.0,-208.0,-25.0,252.0,227.0,-5.0,-12.0,-12.0,-12.0,-12.0,-13.0,-1.0,-14.0,-3.0,-265.0,-196.0,-265.0,-196.0,-12.0,253.0,241.0,-2.0,542.0,423.0,18.0,19.0,37.0,19.0,56.0,12.0,8,5,13
312634436266-1,31.0,23.0,31.0,23.0,-13.0,-44.0,-57.0,-17.0,52.0,38.0,52.0,38.0,85.0,33.0,118.0,-2.0,-21.0,-15.0,-21.0,-15.0,-98.0,-77.0,-175.0,-15.0,342.0,270.0,5.0,3.0,64.0,60.0,124.0,20.0,1,2,3
315954384469-1,-8.0,-4.0,-8.0,-4.0,-10.0,-2.0,-12.0,0.0,-30.0,-30.0,-30.0,-30.0,-140.0,-110.0,-250.0,-7.0,22.0,26.0,22.0,26.0,130.0,108.0,238.0,7.0,412.0,337.0,30.0,30.0,141.0,111.0,252.0,8.0,1,1,2
320713865506-1,-677.0,-521.0,-677.0,-521.0,20.0,698.0,718.0,0.0,-1.0,-1.0,-1.0,-1.0,-1.0,0.0,-1.0,0.0,-676.0,-520.0,-676.0,-520.0,21.0,698.0,719.0,0.0,701.0,543.0,2.0,2.0,2.0,0.0,2.0,1.0,1,2,3
323712641999-1,0.0,0.0,0.0,0.0,0.0,0.0,0.0,0.0,-23.0,-17.0,-23.0,-17.0,-23.0,0.0,-23.0,0.0,23.0,17.0,23.0,17.0,23.0,0.0,23.0,0.0,25.0,19.0,24.0,18.0,24.0,1.0,25.0,1.0,1,9,10
325508748777-1,-1470.0,-1121.0,-1470.0,-1121.0,-264.0,1206.0,942.0,-15.0,-217.0,-173.0,-217.0,-173.0,-252.0,-35.0,-287.0,-19.0,-1253.0,-948.0,-1253.0,-948.0,-12.0,1241.0,1229.0,4.0,1735.0,1331.0,236.0,186.0,271.0,35.0,306.0,21.0,2,3,5
329981057133-1,-683.0,-524.0,-683.0,-524.0,127.0,811.0,938.0,-12.0,-2.0,-1.0,-2.0,-1.0,-2.0,0.0,-2.0,-1.0,-681.0,-523.0,-681.0,-523.0,129.0,811.0,940.0,-11.0,864.0,682.0,28.0,16.0,52.0,24.0,76.0,13.0,7,1,8
33506985078-1,262.0,233.0,262.0,233.0,6.0,-257.0,-251.0,2.0,0.0,0.0,0.0,0.0,0.0,-1.0,-1.0,-1.0,262.0,233.0,262.0,233.0,6.0,-256.0,-250.0,3.0,393.0,309.0,-250.0,-222.0,32.0,283.0,315.0,4.0,4,1,5
338917207376-1,-29.0,-1.0,-29.0,-1.0,-30.0,-1.0,-31.0,12.0,-6.0,-3.0,-6.0,-3.0,-6.0,0.0,-6.0,0.0,-23.0,2.0,-23.0,2.0,-24.0,-1.0,-25.0,12.0,158.0,96.0,23.0,4.0,44.0,22.0,66.0,1.0,4,15,19
339220764754-1,-88.0,-77.0,-88.0,-77.0,-4.0,84.0,80.0,0.0,1.0,1.0,1.0,1.0,-1.0,-2.0,-3.0,-1.0,-89.0,-78.0,-89.0,-78.0,-3.0,86.0,83.0,1.0,267.0,185.0,10.0,9.0,25.0,15.0,40.0,7.0,7,2,9
342860983928-1,-1032.0,-781.0,-1032.0,-781.0,31.0,1064.0,1095.0,-1.0,-5.0,-3.0,-5.0,-3.0,-8.0,-3.0,-11.0,-1.0,-1027.0,-778.0,-1027.0,-778.0,39.0,1067.0,1106.0,0.0,1075.0,815.0,4.0,2.0,10.0,6.0,16.0,2.0,1,1,2
355907811738-1,86.0,66.0,86.0,66.0,-8.0,-94.0,-102.0,1.0,73.0,57.0,73.0,57.0,-40.0,-113.0,-153.0,2.0,13.0,9.0,13.0,9.0,32.0,19.0,51.0,-1.0,268.0,219.0,-69.0,-52.0,59.0,128.0,187.0,6.0,15,1,16
359675626208-1,-62.0,-42.0,-62.0,-42.0,-27.0,35.0,8.0,-14.0,-20.0,-16.0,-20.0,-16.0,-40.0,-20.0,-60.0,-14.0,-42.0,-26.0,-42.0,-26.0,13.0,55.0,68.0,0.0,631.0,515.0,98.0,72.0,120.0,22.0,142.0,20.0,1,1,2
360077482871-1,-67.0,-54.0,-67.0,-54.0,-36.0,30.0,-6.0,-3.0,-229.0,-186.0,-229.0,-186.0,-295.0,-67.0,-362.0,-6.0,162.0,132.0,162.0,132.0,259.0,97.0,356.0,3.0,421.0,349.0,229.0,186.0,296.0,68.0,364.0,7.0,11,1,12
363305361277-1,-2.0,-1.0,-2.0,-1.0,-3.0,-1.0,-4.0,0.0,-47.0,-36.0,-47.0,-36.0,-76.0,-29.0,-105.0,-4.0,45.0,35.0,45.0,35.0,73.0,28.0,101.0,4.0,334.0,249.0,48.0,38.0,80.0,32.0,112.0,7.0,5,1,6
368474843365-1,-174.0,-137.0,-174.0,-137.0,66.0,241.0,307.0,-6.0,-6.0,-4.0,-6.0,-4.0,-64.0,-58.0,-122.0,-3.0,-168.0,-133.0,-168.0,-133.0,130.0,299.0,429.0,-3.0,325.0,265.0,22.0,17.0,84.0,62.0,146.0,7.0,15,6,21
37073897055-1,-6.0,-4.0,-6.0,-4.0,2.0,8.0,10.0,8.0,0.0,0.0,0.0,0.0,0.0,0.0,0.0,0.0,-6.0,-4.0,-6.0,-4.0,2.0,8.0,10.0,8.0,2208.0,1767.0,15.0,14.0,17.0,2.0,19.0,4.0,8,1,9
372124824276-1,-232.0,-189.0,-232.0,-189.0,-42.0,190.0,148.0,-7.0,-132.0,-95.0,-132.0,-95.0,-143.0,-11.0,-154.0,-7.0,-100.0,-94.0,-100.0,-94.0,101.0,201.0,302.0,0.0,421.0,330.0,130.0,93.0,146.0,16.0,162.0,9.0,1,1,2
372131223738-1,0.0,0.0,0.0,0.0,0.0,0.0,0.0,0.0,-1.0,-1.0,-1.0,-1.0,-1.0,0.0,-1.0,0.0,1.0,1.0,1.0,1.0,1.0,0.0,1.0,0.0,227.0,162.0,55.0,40.0,55.0,0.0,55.0,1.0,10,17,27
381697001712-1,-7.0,-4.0,-7.0,-4.0,-11.0,-4.0,-15.0,1.0,-10.0,-7.0,-10.0,-7.0,-10.0,0.0,-10.0,-1.0,3.0,3.0,3.0,3.0,-1.0,-4.0,-5.0,2.0,152.0,114.0,8.0,5.0,16.0,8.0,24.0,4.0,2,1,3
382102647676-1,-117.0,-70.0,-117.0,-70.0,50.0,167.0,217.0,-5.0,-1.0,16.0,-1.0,16.0,-17.0,-16.0,-33.0,1.0,-116.0,-86.0,-116.0,-86.0,67.0,183.0,250.0,-6.0,360.0,262.0,7.0,-5.0,100.0,93.0,193.0,11.0,6,21,27
385049757364-1,0.0,0.0,0.0,0.0,0.0,0.0,0.0,-1.0,-2.0,-1.0,-2.0,-1.0,-3.0,-1.0,-4.0,-1.0,2.0,1.0,2.0,1.0,3.0,1.0,4.0,0.0,19.0,17.0,6.0,5.0,7.0,1.0,8.0,2.0,2,4,6
385600209684-1,17.0,33.0,17.0,33.0,16.0,0.0,16.0,0.0,-4.0,-4.0,-4.0,-4.0,-4.0,0.0,-4.0,0.0,21.0,37.0,21.0,37.0,20.0,0.0,20.0,0.0,62.0,46.0,62.0,46.0,62.0,0.0,62.0,1.0,6,2,8
389661444643-1,286.0,225.0,286.0,225.0,37.0,-249.0,-212.0,-1.0,176.0,121.0,176.0,121.0,-89.0,-265.0,-354.0,-6.0,110.0,104.0,110.0,104.0,126.0,16.0,142.0,5.0,453.0,380.0,-116.0,-70.0,149.0,265.0,414.0,11.0,1,1,2
396434079028-1,-8.0,0.0,-8.0,0.0,-10.0,-2.0,-12.0,-1.0,-8.0,0.0,-8.0,0.0,-15.0,-7.0,-22.0,-4.0,0.0,0.0,0.0,0.0,5.0,5.0,10.0,3.0,163.0,143.0,8.0,0.0,17.0,9.0,26.0,6.0,1,1,2
399240936947-1,-93.0,-75.0,-93.0,-75.0,-75.0,18.0,-57.0,-1.0,-25.0,-17.0,-25.0,-17.0,-6.0,19.0,13.0,0.0,-68.0,-58.0,-68.0,-58.0,-69.0,-1.0,-70.0,-1.0,325.0,263.0,3.0,1.0,136.0,133.0,269.0,11.0,8,3,11
405700721828-1,4.0,2.0,4.0,2.0,1.0,-3.0,-2.0,0.0,0.0,0.0,0.0,0.0,-3.0,-3.0,-6.0,-2.0,4.0,2.0,4.0,2.0,4.0,0.0,4.0,2.0,67.0,43.0,7.0,6.0,14.0,7.0,21.0,4.0,3,1,4
406270082916-1,-1411.0,-1231.0,-1411.0,-1231.0,67.0,1479.0,1546.0,-3.0,-34.0,-29.0,-34.0,-29.0,-63.0,-29.0,-92.0,1.0,-1377.0,-1202.0,-1377.0,-1202.0,130.0,1508.0,1638.0,-4.0,1572.0,1377.0,54.0,46.0,91.0,37.0,128.0,4.0,5,1,6
406763445616-1,0.0,0.0,0.0,0.0,0.0,0.0,0.0,0.0,0.0,0.0,0.0,0.0,0.0,0.0,0.0,0.0,0.0,0.0,0.0,0.0,0.0,0.0,0.0,0.0,15.0,1.0,0.0,0.0,1.0,1.0,2.0,1.0,3,11,14
420089262511-1,4.0,4.0,4.0,4.0,-2.0,-6.0,-8.0,-2.0,4.0,4.0,4.0,4.0,-3.0,-7.0,-10.0,-5.0,0.0,0.0,0.0,0.0,1.0,1.0,2.0,3.0,238.0,182.0,-2.0,-2.0,6.0,8.0,14.0,6.0,1,2,3
421522830744-1,122.0,49.0,122.0,49.0,63.0,-59.0,4.0,1.0,31.0,20.0,31.0,20.0,33.0,2.0,35.0,0.0,91.0,29.0,91.0,29.0,30.0,-61.0,-31.0,1.0,225.0,167.0,79.0,130.0,184.0,105.0,289.0,2.0,15,1,16
423649162795-1,1.0,4.0,1.0,4.0,-2.0,-3.0,-5.0,0.0,-55.0,-40.0,-55.0,-40.0,-85.0,-30.0,-115.0,1.0,56.0,44.0,56.0,44.0,83.0,27.0,110.0,-1.0,123.0,97.0,55.0,40.0,87.0,32.0,119.0,1.0,1,6,7
432293585387-1,-1.0,3.0,-1.0,3.0,1.0,2.0,3.0,0.0,4.0,3.0,4.0,3.0,0.0,-4.0,-4.0,0.0,-5.0,0.0,-5.0,0.0,1.0,6.0,7.0,0.0,48.0,37.0,-2.0,-1.0,7.0,9.0,16.0,2.0,2,2,4
435469776113-1,-263.0,-223.0,-263.0,-223.0,-138.0,125.0,-13.0,-4.0,-52.0,-55.0,-52.0,-55.0,-34.0,18.0,-16.0,0.0,-211.0,-168.0,-211.0,-168.0,-104.0,107.0,3.0,-4.0,576.0,462.0,242.0,177.0,359.0,117.0,476.0,7.0,2,1,3
439891536227-1,-2553.0,-2218.0,-2553.0,-2218.0,-18.0,2535.0,2517.0,-5.0,-6.0,-5.0,-6.0,-5.0,-11.0,-5.0,-16.0,-1.0,-2547.0,-2213.0,-2547.0,-2213.0,-7.0,2540.0,2533.0,-4.0,2817.0,2445.0,-4.0,-4.0,22.0,26.0,48.0,10.0,2,1,3
444368112973-1,0.0,0.0,0.0,0.0,0.0,0.0,0.0,0.0,0.0,0.0,0.0,0.0,0.0,0.0,0.0,0.0,0.0,0.0,0.0,0.0,0.0,0.0,0.0,0.0,175.0,148.0,0.0,0.0,2.0,2.0,4.0,2.0,1,1,2
449106945714-1,-38.0,-31.0,-38.0,-31.0,-38.0,0.0,-38.0,-4.0,-106.0,-93.0,-106.0,-93.0,-115.0,-9.0,-124.0,-2.0,68.0,62.0,68.0,62.0,77.0,9.0,86.0,-2.0,821.0,675.0,350.0,292.0,470.0,120.0,590.0,8.0,8,2,10
45302251787-1,-103.0,-89.0,-103.0,-89.0,-11.0,92.0,81.0,1.0,11.0,14.0,11.0,14.0,-8.0,-19.0,-27.0,0.0,-114.0,-103.0,-114.0,-103.0,-3.0,111.0,108.0,1.0,347.0,308.0,-10.0,-13.0,19.0,29.0,48.0,3.0,4,2,6
461318739825-1,15.0,15.0,15.0,15.0,-14.0,-29.0,-43.0,-5.0,-140.0,-106.0,-140.0,-106.0,-140.0,0.0,-140.0,-1.0,155.0,121.0,155.0,121.0,126.0,-29.0,97.0,-4.0,553.0,400.0,121.0,88.0,151.0,30.0,181.0,8.0,12,1,13
461819971080-1,-63.0,-28.0,-63.0,-28.0,-43.0,20.0,-23.0,2.0,-67.0,-36.0,-67.0,-36.0,-74.0,-7.0,-81.0,-4.0,4.0,8.0,4.0,8.0,31.0,27.0,58.0,6.0,298.0,218.0,75.0,40.0,82.0,7.0,89.0,5.0,10,1,11
466091970469-1,-1657.0,-1077.0,-1657.0,-1077.0,79.0,1737.0,1816.0,-11.0,-134.0,-67.0,-134.0,-67.0,-147.0,-13.0,-160.0,-9.0,-1523.0,-1010.0,-1523.0,-1010.0,226.0,1750.0,1976.0,-2.0,1888.0,1287.0,136.0,69.0,150.0,14.0,164.0,12.0,3,3,6
4734101411-1,1.0,20.0,1.0,20.0,-9.0,-10.0,-19.0,5.0,14.0,9.0,14.0,9.0,1.0,-13.0,-12.0,0.0,-13.0,11.0,-13.0,11.0,-10.0,3.0,-7.0,5.0,300.0,225.0,100.0,74.0,126.0,26.0,152.0,5.0,18,1,19
477874713980-1,11.0,23.0,11.0,23.0,-15.0,-26.0,-41.0,-1.0,-213.0,-118.0,-213.0,-118.0,-213.0,0.0,-213.0,0.0,224.0,141.0,224.0,141.0,198.0,-26.0,172.0,-1.0,1523.0,1025.0,410.0,243.0,436.0,26.0,462.0,2.0,1,1,2
478013457462-1,-896.0,-621.0,-896.0,-621.0,-76.0,820.0,744.0,-18.0,5.0,1.0,5.0,1.0,-63.0,-68.0,-131.0,-15.0,-901.0,-622.0,-901.0,-622.0,-13.0,888.0,875.0,-3.0,1078.0,771.0,-1.0,3.0,79.0,80.0,159.0,21.0,9,1,10
483340042765-1,134.0,123.0,134.0,123.0,-158.0,-292.0,-450.0,4.0,0.0,34.0,0.0,34.0,-377.0,-377.0,-754.0,-39.0,134.0,89.0,134.0,89.0,219.0,85.0,304.0,43.0,1567.0,1244.0,28.0,-17.0,405.0,377.0,782.0,40.0,1,9,10
484344949470-1,-259.0,-201.0,-259.0,-201.0,62.0,322.0,384.0,-16.0,-40.0,-34.0,-40.0,-34.0,-52.0,-12.0,-64.0,-6.0,-219.0,-167.0,-219.0,-167.0,114.0,334.0,448.0,-10.0,411.0,339.0,40.0,34.0,88.0,48.0,136.0,17.0,6,1,7
492143690495-1,-721.0,-602.0,-721.0,-602.0,104.0,826.0,930.0,-1.0,1.0,-1.0,1.0,-1.0,-3.0,-4.0,-7.0,0.0,-722.0,-601.0,-722.0,-601.0,107.0,830.0,937.0,-1.0,839.0,698.0,2.0,4.0,12.0,10.0,22.0,2.0,2,1,3
501835241033-1,40.0,38.0,40.0,38.0,-8.0,-48.0,-56.0,1.0,68.0,51.0,68.0,51.0,-67.0,-135.0,-202.0,-1.0,-28.0,-13.0,-28.0,-13.0,59.0,87.0,146.0,2.0,304.0,256.0,-84.0,-64.0,93.0,177.0,270.0,9.0,21,2,23
504114243446-1,-648.0,-494.0,-648.0,-494.0,-30.0,618.0,588.0,-7.0,-1.0,-1.0,-1.0,-1.0,-7.0,-6.0,-13.0,-1.0,-647.0,-493.0,-647.0,-493.0,-23.0,624.0,601.0,-6.0,875.0,660.0,55.0,49.0,88.0,33.0,121.0,11.0,3,4,7
512355383144-1,0.0,0.0,0.0,0.0,0.0,0.0,0.0,2.0,-1.0,-1.0,-1.0,-1.0,-2.0,-1.0,-3.0,0.0,1.0,1.0,1.0,1.0,2.0,1.0,3.0,2.0,41.0,39.0,10.0,10.0,12.0,2.0,14.0,1.0,4,1,5
514092353053-1,-1.0,0.0,-1.0,0.0,-5.0,-4.0,-9.0,-2.0,-2.0,-2.0,-2.0,-2.0,-19.0,-17.0,-36.0,-11.0,1.0,2.0,1.0,2.0,14.0,13.0,27.0,9.0,353.0,277.0,6.0,5.0,27.0,21.0,48.0,15.0,2,4,6
524892982108-1,139.0,114.0,139.0,114.0,198.0,61.0,259.0,-8.0,-51.0,-37.0,-51.0,-37.0,-60.0,-9.0,-69.0,-8.0,190.0,151.0,190.0,151.0,258.0,70.0,328.0,0.0,3347.0,2140.0,62.0,47.0,80.0,18.0,98.0,14.0,2,6,8
528581443256-1,,,,,,,,,-24.0,-17.0,-24.0,-17.0,-37.0,-13.0,-50.0,-4.0,,,,,,,,,1885.0,1660.0,41.0,32.0,56.0,15.0,71.0,9.0,9,4,13
531663900550-1,-11.0,-2.0,-11.0,-2.0,-10.0,1.0,-9.0,-1.0,-19.0,-12.0,-19.0,-12.0,-22.0,-3.0,-25.0,-4.0,8.0,10.0,8.0,10.0,12.0,4.0,16.0,3.0,970.0,771.0,21.0,12.0,25.0,4.0,29.0,5.0,1,1,2
533924227588-1,3.0,9.0,3.0,9.0,-5.0,-8.0,-13.0,2.0,-14.0,-8.0,-14.0,-8.0,-19.0,-5.0,-24.0,-1.0,17.0,17.0,17.0,17.0,14.0,-3.0,11.0,3.0,136.0,110.0,-21.0,-20.0,38.0,59.0,97.0,5.0,3,1,4
539672099916-1,45.0,47.0,45.0,47.0,2.0,-43.0,-41.0,4.0,19.0,19.0,19.0,19.0,-1.0,-20.0,-21.0,-1.0,26.0,28.0,26.0,28.0,3.0,-23.0,-20.0,5.0,1225.0,1193.0,-66.0,-66.0,2.0,68.0,70.0,4.0,1,2,3
554391710637-1,-320.0,-255.0,-320.0,-255.0,-19.0,301.0,282.0,-2.0,-1.0,-1.0,-1.0,-1.0,-1.0,0.0,-1.0,-1.0,-319.0,-254.0,-319.0,-254.0,-18.0,301.0,283.0,-1.0,527.0,405.0,12.0,11.0,21.0,9.0,30.0,4.0,9,7,16
558176060977-1,-25.0,-19.0,-25.0,-19.0,-11.0,14.0,3.0,0.0,-32.0,-26.0,-32.0,-26.0,-35.0,-3.0,-38.0,1.0,7.0,7.0,7.0,7.0,24.0,17.0,41.0,-1.0,463.0,378.0,27.0,23.0,120.0,93.0,213.0,7.0,6,4,10
56568483037-1,-30.0,-19.0,-30.0,-19.0,-32.0,-2.0,-34.0,2.0,-58.0,-47.0,-58.0,-47.0,-64.0,-6.0,-70.0,-2.0,28.0,28.0,28.0,28.0,32.0,4.0,36.0,4.0,267.0,200.0,60.0,46.0,70.0,10.0,80.0,4.0,15,1,16
579645189872-1,-873.0,-678.0,-873.0,-678.0,168.0,1042.0,1210.0,-1.0,22.0,0.0,22.0,0.0,22.0,0.0,22.0,0.0,-895.0,-678.0,-895.0,-678.0,146.0,1042.0,1188.0,-1.0,1106.0,892.0,56.0,43.0,61.0,5.0,66.0,2.0,1,1,2
582735357946-1,-100.0,-69.0,-100.0,-69.0,1.0,101.0,102.0,-2.0,-33.0,-24.0,-33.0,-24.0,-54.0,-21.0,-75.0,0.0,-67.0,-45.0,-67.0,-45.0,55.0,122.0,177.0,-2.0,758.0,570.0,165.0,135.0,211.0,46.0,257.0,7.0,12,7,19
587240115231-1,-422.0,-384.0,-422.0,-384.0,12.0,434.0,446.0,-14.0,-1.0,-2.0,-1.0,-2.0,-3.0,-2.0,-5.0,0.0,-421.0,-382.0,-421.0,-382.0,15.0,436.0,451.0,-14.0,553.0,511.0,23.0,23.0,29.0,6.0,35.0,18.0,2,12,14
602120351624-1,-3.0,-3.0,-3.0,-3.0,-3.0,0.0,-3.0,0.0,-12.0,-10.0,-12.0,-10.0,-12.0,0.0,-12.0,0.0,9.0,7.0,9.0,7.0,9.0,0.0,9.0,0.0,105.0,83.0,54.0,42.0,56.0,2.0,58.0,3.0,3,3,6
61123449016-1,-4.0,-1.0,-4.0,-1.0,-1.0,3.0,2.0,-1.0,-3.0,-3.0,-3.0,-3.0,-3.0,0.0,-3.0,-3.0,-1.0,2.0,-1.0,2.0,2.0,3.0,5.0,2.0,434.0,362.0,38.0,34.0,40.0,2.0,42.0,7.0,1,1,2
612557990181-1,-646.0,-524.0,-646.0,-524.0,-203.0,443.0,240.0,-12.0,-113.0,-101.0,-113.0,-101.0,-231.0,-118.0,-349.0,-21.0,-533.0,-423.0,-533.0,-423.0,28.0,561.0,589.0,9.0,898.0,704.0,112.0,101.0,231.0,119.0,350.0,22.0,35,11,46
619477609718-1,-259.0,-216.0,-259.0,-216.0,-8.0,251.0,243.0,-5.0,4.0,4.0,4.0,4.0,-1.0,-5.0,-6.0,-1.0,-263.0,-220.0,-263.0,-220.0,-7.0,256.0,249.0,-4.0,504.0,418.0,3.0,8.0,25.0,22.0,47.0,14.0,7,19,26
622655643675-1,-5.0,-1.0,-5.0,-1.0,-20.0,-15.0,-35.0,-10.0,-3.0,-1.0,-3.0,-1.0,-3.0,0.0,-3.0,0.0,-2.0,0.0,-2.0,0.0,-17.0,-15.0,-32.0,-10.0,920.0,609.0,48.0,27.0,73.0,25.0,98.0,22.0,3,18,21
623160877236-1,-5.0,8.0,-5.0,8.0,-13.0,-8.0,-21.0,0.0,-7.0,2.0,-7.0,2.0,-17.0,-10.0,-27.0,-1.0,2.0,6.0,2.0,6.0,4.0,2.0,6.0,1.0,115.0,94.0,14.0,1.0,25.0,11.0,36.0,2.0,1,1,2
623278647997-1,-1006.0,-888.0,-1006.0,-888.0,-175.0,831.0,656.0,-31.0,-49.0,-55.0,-49.0,-55.0,-195.0,-146.0,-341.0,-32.0,-957.0,-833.0,-957.0,-833.0,20.0,977.0,997.0,1.0,1315.0,1167.0,49.0,55.0,198.0,149.0,347.0,36.0,12,3,15
626798891772-1,-938.0,-804.0,-938.0,-804.0,-87.0,851.0,764.0,-12.0,-39.0,-33.0,-39.0,-33.0,-69.0,-30.0,-99.0,-9.0,-899.0,-771.0,-899.0,-771.0,-18.0,881.0,863.0,-3.0,1189.0,1003.0,54.0,50.0,106.0,52.0,158.0,19.0,3,1,4
627388397122-1,-724.0,-551.0,-724.0,-551.0,-472.0,252.0,-220.0,-9.0,-310.0,-244.0,-310.0,-244.0,-330.0,-20.0,-350.0,-9.0,-414.0,-307.0,-414.0,-307.0,-142.0,272.0,130.0,0.0,989.0,745.0,467.0,365.0,500.0,33.0,533.0,18.0,1,1,2
627888688220-1,-162.0,-93.0,-162.0,-93.0,-169.0,-7.0,-176.0,0.0,-211.0,-191.0,-211.0,-191.0,-195.0,16.0,-179.0,0.0,49.0,98.0,49.0,98.0,26.0,-23.0,3.0,0.0,352.0,267.0,254.0,179.0,327.0,73.0,400.0,1.0,16,1,17
630332587977-1,-220.0,-186.0,-220.0,-186.0,36.0,256.0,292.0,9.0,-4.0,-4.0,-4.0,-4.0,1.0,5.0,6.0,2.0,-216.0,-182.0,-216.0,-182.0,35.0,251.0,286.0,7.0,500.0,417.0,0.0,0.0,1.0,1.0,2.0,1.0,8,1,9
640168303784-1,-51.0,-27.0,-51.0,-27.0,-52.0,-1.0,-53.0,-1.0,-231.0,-166.0,-231.0,-166.0,-235.0,-4.0,-239.0,-4.0,180.0,139.0,180.0,139.0,183.0,3.0,186.0,3.0,362.0,265.0,230.0,165.0,236.0,6.0,242.0,5.0,9,2,11
6478396692-1,-76.0,-35.0,-76.0,-35.0,20.0,97.0,117.0,-2.0,-39.0,-32.0,-39.0,-32.0,-39.0,0.0,-39.0,-1.0,-37.0,-3.0,-37.0,-3.0,59.0,97.0,156.0,-1.0,141.0,91.0,42.0,35.0,43.0,1.0,44.0,3.0,1,2,3
660395904561-1,-166.0,-131.0,-166.0,-131.0,-88.0,78.0,-10.0,-38.0,-66.0,-59.0,-66.0,-59.0,-71.0,-5.0,-76.0,-25.0,-100.0,-72.0,-100.0,-72.0,-17.0,83.0,66.0,-13.0,4111.0,3477.0,66.0,59.0,103.0,37.0,140.0,51.0,1,8,9
661464208552-1,4.0,3.0,4.0,3.0,4.0,0.0,4.0,0.0,-23.0,-17.0,-23.0,-17.0,-23.0,0.0,-23.0,0.0,27.0,20.0,27.0,20.0,27.0,0.0,27.0,0.0,160.0,109.0,39.0,30.0,40.0,1.0,41.0,2.0,1,1,2
667218407908-1,361.0,402.0,361.0,402.0,705.0,345.0,1050.0,-11.0,0.0,0.0,0.0,0.0,-4.0,-4.0,-8.0,-1.0,361.0,402.0,361.0,402.0,709.0,349.0,1058.0,-10.0,567.0,483.0,-288.0,-177.0,221.0,509.0,730.0,12.0,9,1,10
67087180257-1,-808.0,-683.0,-808.0,-683.0,-809.0,0.0,-809.0,0.0,,,,,,,,,,,,,,,,,1053.0,928.0,1053.0,928.0,1053.0,0.0,1053.0,1.0,1,1,2
672665822978-1,9.0,5.0,9.0,5.0,10.0,1.0,11.0,-1.0,-5.0,-4.0,-5.0,-4.0,-5.0,0.0,-5.0,-2.0,14.0,9.0,14.0,9.0,15.0,1.0,16.0,1.0,134.0,121.0,11.0,10.0,11.0,0.0,11.0,4.0,3,2,5
676178025892-1,-685.0,-553.0,-685.0,-553.0,-157.0,528.0,371.0,-16.0,-70.0,-50.0,-70.0,-50.0,-134.0,-64.0,-198.0,-11.0,-615.0,-503.0,-615.0,-503.0,-23.0,592.0,569.0,-5.0,891.0,681.0,100.0,71.0,169.0,69.0,238.0,21.0,35,2,37
676305500203-1,-49.0,-39.0,-49.0,-39.0,140.0,189.0,329.0,-5.0,-2.0,0.0,-2.0,0.0,-13.0,-11.0,-24.0,-6.0,-47.0,-39.0,-47.0,-39.0,153.0,200.0,353.0,1.0,756.0,586.0,6.0,1.0,25.0,19.0,44.0,16.0,7,3,10
67700861937-1,-1253.0,-1003.0,-1253.0,-1003.0,-32.0,1221.0,1189.0,-14.0,-13.0,-11.0,-13.0,-11.0,-16.0,-3.0,-19.0,-3.0,-1240.0,-992.0,-1240.0,-992.0,-16.0,1224.0,1208.0,-11.0,1497.0,1188.0,1.0,-1.0,36.0,35.0,71.0,18.0,1,2,3
710570432-1,-16.0,-11.0,-16.0,-11.0,3.0,19.0,22.0,3.0,-13.0,-11.0,-13.0,-11.0,-12.0,1.0,-11.0,-3.0,-3.0,0.0,-3.0,0.0,15.0,18.0,33.0,6.0,278.0,214.0,16.0,14.0,22.0,6.0,28.0,6.0,5,4,9
712459617846-1,-1.0,1.0,-1.0,1.0,1.0,2.0,3.0,1.0,-1.0,-1.0,-1.0,-1.0,-3.0,-2.0,-5.0,-3.0,0.0,2.0,0.0,2.0,4.0,4.0,8.0,4.0,216.0,185.0,2.0,2.0,4.0,2.0,6.0,4.0,4,6,10
72077020924-1,-12.0,-5.0,-12.0,-5.0,-7.0,5.0,-2.0,0.0,0.0,0.0,0.0,0.0,-2.0,-2.0,-4.0,-1.0,-12.0,-5.0,-12.0,-5.0,-5.0,7.0,2.0,1.0,324.0,235.0,45.0,39.0,58.0,13.0,71.0,8.0,6,2,8
723962538754-1,-9.0,-3.0,-9.0,-3.0,2.0,11.0,13.0,1.0,5.0,5.0,5.0,5.0,-9.0,-14.0,-23.0,-1.0,-14.0,-8.0,-14.0,-8.0,11.0,25.0,36.0,2.0,125.0,93.0,-3.0,-3.0,11.0,14.0,25.0,3.0,1,3,4
734946960293-1,-149.0,-105.0,-149.0,-105.0,2.0,151.0,153.0,-1.0,89.0,69.0,89.0,69.0,-3.0,-92.0,-95.0,-7.0,-238.0,-174.0,-238.0,-174.0,5.0,243.0,248.0,6.0,706.0,537.0,-89.0,-69.0,4.0,93.0,97.0,8.0,3,1,4
735350018961-1,-7.0,-4.0,-7.0,-4.0,-6.0,1.0,-5.0,0.0,3.0,-1.0,3.0,-1.0,-3.0,-6.0,-9.0,-2.0,-10.0,-3.0,-10.0,-3.0,-3.0,7.0,4.0,2.0,56.0,41.0,11.0,14.0,19.0,8.0,27.0,4.0,8,1,9
740446680568-1,-88.0,-67.0,-88.0,-67.0,-20.0,68.0,48.0,-3.0,-15.0,-16.0,-15.0,-16.0,-26.0,-11.0,-37.0,-6.0,-73.0,-51.0,-73.0,-51.0,6.0,79.0,85.0,3.0,373.0,260.0,15.0,16.0,28.0,13.0,41.0,8.0,1,2,3
750226312982-1,-116.0,-61.0,-116.0,-61.0,82.0,199.0,281.0,-10.0,-7.0,-5.0,-7.0,-5.0,-15.0,-8.0,-23.0,0.0,-109.0,-56.0,-109.0,-56.0,97.0,207.0,304.0,-10.0,308.0,239.0,80.0,60.0,107.0,28.0,135.0,11.0,6,1,7
750908101200-1,-6.0,16.0,-6.0,16.0,-10.0,-4.0,-14.0,-3.0,-16.0,6.0,-16.0,6.0,-28.0,-12.0,-40.0,-6.0,10.0,10.0,10.0,10.0,18.0,8.0,26.0,3.0,810.0,657.0,18.0,-4.0,47.0,29.0,76.0,13.0,8,4,12
751609147728-1,-448.0,-381.0,-448.0,-381.0,-4.0,444.0,440.0,-2.0,-5.0,-5.0,-5.0,-5.0,-8.0,-3.0,-11.0,-1.0,-443.0,-376.0,-443.0,-376.0,4.0,447.0,451.0,-1.0,695.0,606.0,-177.0,-167.0,75.0,252.0,327.0,14.0,15,1,16
753917300252-1,-31.0,-23.0,-31.0,-23.0,-37.0,-6.0,-43.0,-1.0,,,,,,,,,,,,,,,,,418.0,328.0,65.0,47.0,73.0,8.0,81.0,6.0,2,9,11
756572184188-1,-12.0,-14.0,-12.0,-14.0,-11.0,1.0,-10.0,-6.0,-8.0,-7.0,-8.0,-7.0,-51.0,-43.0,-94.0,-13.0,-4.0,-7.0,-4.0,-7.0,40.0,44.0,84.0,7.0,473.0,346.0,27.0,18.0,86.0,59.0,145.0,16.0,1,2,3
759986671741-1,-750.0,-538.0,-750.0,-538.0,36.0,787.0,823.0,-13.0,-193.0,-159.0,-193.0,-159.0,-199.0,-6.0,-205.0,-5.0,-557.0,-379.0,-557.0,-379.0,235.0,793.0,1028.0,-8.0,1013.0,777.0,211.0,176.0,226.0,15.0,241.0,14.0,8,7,15
763324002956-1,,,,,,,,,0.0,0.0,0.0,0.0,-2.0,-2.0,-4.0,-1.0,,,,,,,,,1197.0,918.0,24.0,23.0,33.0,9.0,42.0,8.0,3,1,4
772993726665-1,-8.0,-8.0,-8.0,-8.0,-8.0,0.0,-8.0,-1.0,-53.0,-44.0,-53.0,-44.0,-53.0,0.0,-53.0,0.0,45.0,36.0,45.0,36.0,45.0,0.0,45.0,-1.0,563.0,425.0,184.0,131.0,197.0,13.0,210.0,7.0,1,6,7
780437351483-1,-4.0,-1.0,-4.0,-1.0,1.0,5.0,6.0,1.0,-10.0,-10.0,-10.0,-10.0,-11.0,-1.0,-12.0,0.0,6.0,9.0,6.0,9.0,12.0,6.0,18.0,1.0,137.0,114.0,27.0,26.0,55.0,28.0,83.0,3.0,4,2,6
784218907795-1,11.0,8.0,11.0,8.0,2.0,-9.0,-7.0,0.0,9.0,6.0,9.0,6.0,-1.0,-10.0,-11.0,0.0,2.0,2.0,2.0,2.0,3.0,1.0,4.0,0.0,5.0,3.0,-9.0,-6.0,2.0,11.0,13.0,1.0,1,2,3
785575383498-1,0.0,0.0,0.0,0.0,0.0,0.0,0.0,0.0,0.0,0.0,0.0,0.0,0.0,0.0,0.0,0.0,0.0,0.0,0.0,0.0,0.0,0.0,0.0,0.0,19.0,4.0,0.0,0.0,1.0,1.0,2.0,1.0,1,6,7
788349212379-1,-19.0,-5.0,-19.0,-5.0,-41.0,-22.0,-63.0,9.0,-5.0,-5.0,-5.0,-5.0,-41.0,-36.0,-77.0,-3.0,-14.0,0.0,-14.0,0.0,0.0,14.0,14.0,12.0,844.0,738.0,5.0,5.0,42.0,37.0,79.0,4.0,1,1,2
797869763280-1,-1.0,0.0,-1.0,0.0,1.0,2.0,3.0,1.0,0.0,0.0,0.0,0.0,-1.0,-1.0,-2.0,-1.0,-1.0,0.0,-1.0,0.0,2.0,3.0,5.0,2.0,89.0,81.0,0.0,0.0,2.0,2.0,4.0,2.0,7,1,8
812977273700-1,-2109.0,-1737.0,-2109.0,-1737.0,193.0,2304.0,2497.0,-14.0,-23.0,-23.0,-23.0,-23.0,-25.0,-2.0,-27.0,-2.0,-2086.0,-1714.0,-2086.0,-1714.0,218.0,2306.0,2524.0,-12.0,2744.0,2347.0,405.0,360.0,438.0,33.0,471.0,15.0,9,2,11
815901543508-1,-740.0,-713.0,-740.0,-713.0,63.0,803.0,866.0,-15.0,11.0,13.0,11.0,13.0,-111.0,-122.0,-233.0,-13.0,-751.0,-726.0,-751.0,-726.0,174.0,925.0,1099.0,-2.0,933.0,903.0,-7.0,-9.0,115.0,122.0,237.0,17.0,20,5,25
823595002863-1,-16.0,-12.0,-16.0,-12.0,-93.0,-77.0,-170.0,-1.0,21.0,4.0,21.0,4.0,-138.0,-159.0,-297.0,-2.0,-37.0,-16.0,-37.0,-16.0,45.0,82.0,127.0,1.0,204.0,193.0,-14.0,2.0,145.0,159.0,304.0,3.0,1,1,2
824221792402-1,0.0,0.0,0.0,0.0,0.0,0.0,0.0,0.0,0.0,0.0,0.0,0.0,0.0,0.0,0.0,0.0,0.0,0.0,0.0,0.0,0.0,0.0,0.0,0.0,1.0,1.0,0.0,0.0,1.0,1.0,2.0,1.0,1,2,3
832864337885-1,-13.0,-5.0,-13.0,-5.0,-13.0,0.0,-13.0,0.0,-66.0,-59.0,-66.0,-59.0,-66.0,0.0,-66.0,0.0,53.0,54.0,53.0,54.0,53.0,0.0,53.0,0.0,224.0,195.0,224.0,195.0,224.0,0.0,224.0,1.0,21,1,22
840617046237-1,-1071.0,-913.0,-1071.0,-913.0,136.0,1208.0,1344.0,-11.0,20.0,46.0,20.0,46.0,-41.0,-61.0,-102.0,-6.0,-1091.0,-959.0,-1091.0,-959.0,177.0,1269.0,1446.0,-5.0,1296.0,1125.0,-11.0,-40.0,88.0,99.0,187.0,12.0,3,1,4
845328450190-1,55.0,58.0,55.0,58.0,54.0,-1.0,53.0,0.0,10.0,5.0,10.0,5.0,7.0,-3.0,4.0,0.0,45.0,53.0,45.0,53.0,47.0,2.0,49.0,0.0,59.0,38.0,-30.0,-45.0,33.0,63.0,96.0,2.0,5,3,8
848709009759-1,-134.0,-96.0,-134.0,-96.0,-18.0,116.0,98.0,5.0,-4.0,-3.0,-4.0,-3.0,-14.0,-10.0,-24.0,-3.0,-130.0,-93.0,-130.0,-93.0,-4.0,126.0,122.0,8.0,389.0,299.0,25.0,21.0,41.0,16.0,57.0,5.0,3,27,30
865385639220-1,31.0,25.0,31.0,25.0,31.0,0.0,31.0,0.0,12.0,7.0,12.0,7.0,12.0,0.0,12.0,0.0,19.0,18.0,19.0,18.0,19.0,0.0,19.0,0.0,113.0,92.0,113.0,92.0,113.0,0.0,113.0,1.0,2,1,3
870196287841-1,-4446.0,-3277.0,-4446.0,-3277.0,-201.0,4245.0,4044.0,-23.0,-42.0,-34.0,-42.0,-34.0,-198.0,-156.0,-354.0,-15.0,-4404.0,-3243.0,-4404.0,-3243.0,-3.0,4401.0,4398.0,-8.0,4677.0,3447.0,44.0,37.0,217.0,173.0,390.0,30.0,13,4,17
873109578130-1,-4.0,-4.0,-4.0,-4.0,-3.0,1.0,-2.0,1.0,-46.0,-37.0,-46.0,-37.0,-48.0,-2.0,-50.0,0.0,42.0,33.0,42.0,33.0,45.0,3.0,48.0,1.0,245.0,203.0,119.0,98.0,124.0,6.0,130.0,3.0,6,3,9
873167527116-1,-1.0,0.0,-1.0,0.0,1.0,2.0,3.0,1.0,-2.0,-2.0,-2.0,-2.0,-2.0,0.0,-2.0,0.0,1.0,2.0,1.0,2.0,3.0,2.0,5.0,1.0,163.0,130.0,4.0,4.0,4.0,0.0,4.0,2.0,1,1,2
873469532425-1,-1584.0,-1253.0,-1584.0,-1253.0,-103.0,1481.0,1378.0,-6.0,-11.0,-10.0,-11.0,-10.0,-39.0,-28.0,-67.0,-7.0,-1573.0,-1243.0,-1573.0,-1243.0,-64.0,1509.0,1445.0,1.0,1883.0,1489.0,79.0,65.0,107.0,28.0,135.0,10.0,6,3,9
873505535852-1,21.0,16.0,21.0,16.0,1.0,-20.0,-19.0,-1.0,-1.0,-1.0,-1.0,-1.0,-1.0,0.0,-1.0,-1.0,22.0,17.0,22.0,17.0,2.0,-20.0,-18.0,0.0,43.0,29.0,-20.0,-15.0,2.0,22.0,24.0,4.0,2,2,4
883495609179-1,-329.0,-238.0,-329.0,-238.0,-182.0,147.0,-35.0,-12.0,-227.0,-186.0,-227.0,-186.0,-313.0,-87.0,-400.0,-8.0,-102.0,-52.0,-102.0,-52.0,131.0,234.0,365.0,-4.0,597.0,449.0,287.0,230.0,377.0,91.0,468.0,15.0,1,2,3
888794025671-1,-140.0,-104.0,-140.0,-104.0,-20.0,120.0,100.0,-2.0,-59.0,-49.0,-59.0,-49.0,-59.0,0.0,-59.0,0.0,-81.0,-55.0,-81.0,-55.0,39.0,120.0,159.0,-2.0,899.0,686.0,570.0,419.0,572.0,2.0,574.0,6.0,2,3,5
889687583564-1,-5.0,-5.0,-5.0,-5.0,-9.0,-4.0,-13.0,-1.0,-9.0,-9.0,-9.0,-9.0,-9.0,0.0,-9.0,0.0,4.0,4.0,4.0,4.0,0.0,-4.0,-4.0,-1.0,145.0,128.0,12.0,11.0,31.0,19.0,50.0,6.0,3,2,5
89211520311-1,-26.0,-24.0,-26.0,-24.0,-23.0,3.0,-20.0,-6.0,-273.0,-217.0,-273.0,-217.0,-274.0,-1.0,-275.0,-7.0,247.0,193.0,247.0,193.0,251.0,4.0,255.0,1.0,1102.0,899.0,274.0,219.0,287.0,13.0,300.0,10.0,1,1,2
898592259142-1,-3.0,-3.0,-3.0,-3.0,-2.0,1.0,-1.0,0.0,-22.0,-17.0,-22.0,-17.0,-37.0,-15.0,-52.0,-1.0,19.0,14.0,19.0,14.0,35.0,16.0,51.0,1.0,176.0,124.0,26.0,20.0,42.0,16.0,58.0,3.0,1,1,2
900111579029-1,-1.0,-2.0,-1.0,-2.0,-14.0,-13.0,-27.0,0.0,-1.0,0.0,-1.0,0.0,-4.0,-3.0,-7.0,0.0,0.0,-2.0,0.0,-2.0,-10.0,-10.0,-20.0,0.0,347.0,249.0,27.0,22.0,75.0,48.0,123.0,8.0,38,3,41
903693072305-1,59.0,49.0,59.0,49.0,59.0,0.0,59.0,0.0,70.0,55.0,70.0,55.0,70.0,0.0,70.0,0.0,-11.0,-6.0,-11.0,-6.0,-11.0,0.0,-11.0,0.0,131.0,97.0,131.0,97.0,131.0,0.0,131.0,1.0,1,1,2
905315420924-1,-6354.0,-4919.0,-6354.0,-4919.0,-857.0,5498.0,4641.0,-126.0,-89.0,-85.0,-89.0,-85.0,-136.0,-47.0,-183.0,-11.0,-6265.0,-4834.0,-6265.0,-4834.0,-721.0,5545.0,4824.0,-115.0,6579.0,5104.0,933.0,231.0,1079.0,146.0,1225.0,127.0,12,12,24
905597254971-1,5.0,5.0,5.0,5.0,208.0,203.0,411.0,-9.0,0.0,-1.0,0.0,-1.0,0.0,0.0,0.0,0.0,5.0,6.0,5.0,6.0,208.0,203.0,411.0,-9.0,295.0,240.0,-6.0,-6.0,63.0,69.0,132.0,10.0,4,2,6
917659733503-1,9.0,3.0,9.0,3.0,-1.0,-10.0,-11.0,0.0,11.0,10.0,11.0,10.0,-53.0,-64.0,-117.0,-2.0,-2.0,-7.0,-2.0,-7.0,52.0,54.0,106.0,2.0,609.0,481.0,-5.0,-4.0,70.0,75.0,145.0,13.0,3,4,7
922744907537-1,58.0,46.0,58.0,46.0,38.0,-20.0,18.0,-4.0,-40.0,-36.0,-40.0,-36.0,-68.0,-28.0,-96.0,-7.0,98.0,82.0,98.0,82.0,106.0,8.0,114.0,3.0,458.0,380.0,45.0,41.0,73.0,28.0,101.0,8.0,4,1,5
927458893622-1,-3942.0,-3463.0,-3942.0,-3463.0,-16.0,3926.0,3910.0,-7.0,-17.0,-15.0,-17.0,-15.0,-17.0,0.0,-17.0,-7.0,-3925.0,-3448.0,-3925.0,-3448.0,1.0,3926.0,3927.0,0.0,4215.0,3712.0,20.0,18.0,20.0,0.0,20.0,10.0,2,4,6
930159867045-1,12.0,9.0,12.0,9.0,11.0,-1.0,10.0,1.0,13.0,11.0,13.0,11.0,7.0,-6.0,1.0,-1.0,-1.0,-2.0,-1.0,-2.0,4.0,5.0,9.0,2.0,157.0,111.0,6.0,4.0,12.0,6.0,18.0,2.0,2,2,4
938061759088-1,-2.0,-1.0,-2.0,-1.0,-1.0,1.0,0.0,-1.0,-5.0,-3.0,-5.0,-3.0,-8.0,-3.0,-11.0,-2.0,3.0,2.0,3.0,2.0,7.0,4.0,11.0,1.0,125.0,77.0,16.0,10.0,19.0,3.0,22.0,3.0,3,2,5
938525112707-1,4.0,12.0,4.0,12.0,-15.0,-19.0,-34.0,3.0,9.0,9.0,9.0,9.0,-13.0,-22.0,-35.0,-6.0,-5.0,3.0,-5.0,3.0,-2.0,3.0,1.0,9.0,183.0,163.0,-9.0,-9.0,19.0,28.0,47.0,8.0,3,1,4
942497125468-1,179.0,146.0,179.0,146.0,36.0,-143.0,-107.0,-5.0,116.0,93.0,116.0,93.0,2.0,-114.0,-112.0,-3.0,63.0,53.0,63.0,53.0,34.0,-29.0,5.0,-2.0,169.0,136.0,-68.0,-54.0,75.0,143.0,218.0,6.0,1,2,3
943837085655-1,-677.0,-458.0,-677.0,-458.0,32.0,710.0,742.0,-2.0,-6.0,-3.0,-6.0,-3.0,-5.0,1.0,-4.0,0.0,-671.0,-455.0,-671.0,-455.0,37.0,709.0,746.0,-2.0,738.0,516.0,19.0,15.0,28.0,9.0,37.0,3.0,1,1,2
947874483682-1,-183.0,-132.0,-183.0,-132.0,-145.0,38.0,-107.0,-2.0,-368.0,-283.0,-368.0,-283.0,-389.0,-21.0,-410.0,-1.0,185.0,151.0,185.0,151.0,244.0,59.0,303.0,-1.0,474.0,358.0,373.0,281.0,409.0,36.0,445.0,3.0,16,4,20
948492205062-1,-269.0,-245.0,-269.0,-245.0,-17.0,252.0,235.0,-4.0,-16.0,-15.0,-16.0,-15.0,-22.0,-6.0,-28.0,-9.0,-253.0,-230.0,-253.0,-230.0,5.0,258.0,263.0,5.0,501.0,445.0,23.0,21.0,34.0,11.0,45.0,15.0,3,1,4
950747662671-1,0.0,0.0,0.0,0.0,-1.0,-1.0,-2.0,0.0,-6.0,-6.0,-6.0,-6.0,-7.0,-1.0,-8.0,0.0,6.0,6.0,6.0,6.0,6.0,0.0,6.0,0.0,191.0,179.0,14.0,12.0,15.0,1.0,16.0,1.0,1,2,3
951329832873-1,-3030.0,-2350.0,-3030.0,-2350.0,-554.0,2476.0,1922.0,-30.0,-11.0,-11.0,-11.0,-11.0,-15.0,-4.0,-19.0,-2.0,-3019.0,-2339.0,-3019.0,-2339.0,-539.0,2480.0,1941.0,-28.0,3356.0,2605.0,375.0,311.0,581.0,206.0,787.0,42.0,14,4,18
959670000760-1,1869.0,3693.0,1869.0,3693.0,2196.0,328.0,2524.0,-16.0,-1.0,-1.0,-1.0,-1.0,-13.0,-12.0,-25.0,0.0,1870.0,3694.0,1870.0,3694.0,2209.0,340.0,2549.0,-16.0,2288.0,391.0,4.0,-1377.0,1959.0,1955.0,3914.0,17.0,5,2,7
962820105966-1,163.0,118.0,163.0,118.0,9.0,-154.0,-145.0,-2.0,-14.0,0.0,-14.0,0.0,-14.0,0.0,-14.0,-1.0,177.0,118.0,177.0,118.0,23.0,-154.0,-131.0,-1.0,739.0,528.0,-145.0,-104.0,89.0,234.0,323.0,15.0,15,2,17
96377909446-1,-9.0,-7.0,-9.0,-7.0,-17.0,-8.0,-25.0,-6.0,-7.0,-8.0,-7.0,-8.0,-19.0,-12.0,-31.0,-6.0,-2.0,1.0,-2.0,1.0,2.0,4.0,6.0,0.0,464.0,357.0,11.0,12.0,28.0,17.0,45.0,8.0,1,2,3
9642666906-1,-6.0,-4.0,-6.0,-4.0,-3.0,3.0,0.0,1.0,-3.0,-3.0,-3.0,-3.0,-3.0,0.0,-3.0,0.0,-3.0,-1.0,-3.0,-1.0,0.0,3.0,3.0,1.0,231.0,192.0,40.0,35.0,51.0,11.0,62.0,5.0,4,1,5
970672335623-1,-1.0,-1.0,-1.0,-1.0,0.0,1.0,1.0,0.0,0.0,0.0,0.0,0.0,0.0,0.0,0.0,0.0,-1.0,-1.0,-1.0,-1.0,0.0,1.0,1.0,0.0,60.0,44.0,1.0,1.0,2.0,1.0,3.0,2.0,3,1,4
971107018593-1,-1.0,1.0,-1.0,1.0,1.0,2.0,3.0,2.0,0.0,0.0,0.0,0.0,0.0,0.0,0.0,0.0,-1.0,1.0,-1.0,1.0,1.0,2.0,3.0,2.0,2107.0,1688.0,0.0,0.0,2.0,2.0,4.0,2.0,13,1,14
972810819042-1,-726.0,-573.0,-726.0,-573.0,-156.0,570.0,414.0,-23.0,-123.0,-103.0,-123.0,-103.0,-188.0,-65.0,-253.0,-27.0,-603.0,-470.0,-603.0,-470.0,32.0,635.0,667.0,4.0,942.0,755.0,133.0,113.0,206.0,73.0,279.0,32.0,2,4,6
974692188592-1,4.0,6.0,4.0,6.0,-1.0,-5.0,-6.0,1.0,2.0,4.0,2.0,4.0,-2.0,-4.0,-6.0,0.0,2.0,2.0,2.0,2.0,1.0,-1.0,0.0,1.0,119.0,92.0,-2.0,-4.0,4.0,6.0,10.0,2.0,2,1,3
975601041163-1,-719.0,-523.0,-719.0,-523.0,17.0,737.0,754.0,-2.0,-29.0,-19.0,-29.0,-19.0,-30.0,-1.0,-31.0,-1.0,-690.0,-504.0,-690.0,-504.0,47.0,738.0,785.0,-1.0,809.0,604.0,54.0,34.0,68.0,14.0,82.0,3.0,3,1,4
978240426251-1,-58.0,0.0,-58.0,0.0,42.0,101.0,143.0,-2.0,3.0,3.0,3.0,3.0,-17.0,-20.0,-37.0,-13.0,-61.0,-3.0,-61.0,-3.0,59.0,121.0,180.0,11.0,902.0,699.0,139.0,107.0,160.0,21.0,181.0,15.0,2,3,5
982731996773-1,-7.0,-1.0,-7.0,-1.0,-13.0,-6.0,-19.0,-1.0,-1.0,0.0,-1.0,0.0,-2.0,-1.0,-3.0,0.0,-6.0,-1.0,-6.0,-1.0,-11.0,-5.0,-16.0,-1.0,160.0,118.0,33.0,23.0,40.0,7.0,47.0,3.0,1,1,2
985737909708-1,1.0,3.0,1.0,3.0,-6.0,-7.0,-13.0,0.0,-8.0,-4.0,-8.0,-4.0,-4.0,4.0,0.0,0.0,9.0,7.0,9.0,7.0,-2.0,-11.0,-13.0,0.0,104.0,65.0,5.0,3.0,24.0,19.0,43.0,5.0,10,5,15
988685113095-1,153.0,137.0,153.0,137.0,-51.0,-204.0,-255.0,-3.0,153.0,138.0,153.0,138.0,-56.0,-209.0,-265.0,-5.0,0.0,-1.0,0.0,-1.0,5.0,5.0,10.0,2.0,273.0,252.0,-153.0,-138.0,57.0,210.0,267.0,6.0,1,2,3
990102397228-1,-611.0,-493.0,-611.0,-493.0,-404.0,207.0,-197.0,4.0,-318.0,-248.0,-318.0,-248.0,-319.0,-1.0,-320.0,-1.0,-293.0,-245.0,-293.0,-245.0,-85.0,208.0,123.0,5.0,866.0,697.0,475.0,374.0,477.0,2.0,479.0,4.0,2,5,7
991820684590-1,,,,,,,,,-60.0,-52.0,-60.0,-52.0,-87.0,-27.0,-114.0,-8.0,,,,,,,,,1576.0,1240.0,-19.0,-23.0,96.0,115.0,211.0,12.0,9,2,11
99449744727-1,-48.0,-24.0,-48.0,-24.0,4.0,52.0,56.0,2.0,-232.0,-188.0,-232.0,-188.0,-271.0,-39.0,-310.0,-13.0,184.0,164.0,184.0,164.0,275.0,91.0,366.0,15.0,739.0,569.0,236.0,191.0,276.0,40.0,316.0,14.0,31,1,32
995292232473-1,-20.0,-16.0,-20.0,-16.0,-25.0,-5.0,-30.0,0.0,-8.0,-7.0,-8.0,-7.0,-9.0,-1.0,-10.0,0.0,-12.0,-9.0,-12.0,-9.0,-16.0,-4.0,-20.0,0.0,418.0,317.0,21.0,16.0,28.0,7.0,35.0,3.0,1,1,2
